sequence,entropy,ecoli_occurrences,pyro_occurrences,yeast_occurrences
AAAAAACAGAAAAAGA,0.8683927290103626,1,1,1
AAAAACAAAGAAAAAA,0.6685644431995964,1,1,3
AAAAGAAATAAAAAAG,0.8683927290103626,1,1,1
AAAGACTTGAAAAAGC,1.6697367178034825,1,1,1
AAAGAGGAAAGCAATG,1.4913146570363986,1,1,1
AAATTCACCTAATTCT,1.561278124459133,1,1,1
AACACCCTTTCTACCG,1.771782221599798,1,1,1
AAGAAGAGGAAGAAGA,0.954434002924965,1,1,6
AAGATAAGGAAATTGT,1.5,1,1,1
AAGTGAAGCTTGGCCT,1.9772170014624826,1,1,1
AATATCTTATTCAAAA,1.4056390622295665,1,1,1
AATATGTTTGAAAAGA,1.4772170014624826,1,1,1
ACATACCGTTTTTCTT,1.7028195311147831,1,1,1
ACTCTCCAGGAGTTTT,1.936278124459133,1,1,1
AGAAGATTTGATCAAA,1.7028195311147831,1,1,1
AGATAAAATTGTACAA,1.5919171866886992,1,1,1
AGATAATAATAATCAA,1.4237949406953985,1,1,1
AGTACATGCAACTTGA,1.936278124459133,1,1,1
ATACTCTTTTTATTTT,1.1994602933016414,1,1,1
ATAGAGTGCATATTTT,1.7489992230622806,1,1,1
ATTATTGAAAAAGAGC,1.7028195311147831,1,1,1
ATTTTTTTGGTGATGA,1.4197367178034825,1,1,1
CAGCTGCCTCTAAAAT,1.9237949406953985,1,1,1
CGCTGTGGCAATGGTT,1.8828560636920488,1,1,1
CGTTCTTTTTCTTCTT,1.1216407621868583,1,1,1
CTTCCTCTTCTTCTTC,0.9886994082884974,1,1,8
CTTTTTTATTATTTTT,0.8683927290103626,1,1,1
CTTTTTTCACCTTTTT,1.1216407621868583,1,1,1
GAAAAAGAAAAGGAGC,1.198192411043098,1,1,1
GAAAGGATTCTTTGAG,1.8231924110430977,1,1,1
GAAGAAGAGGAAGAAG,0.9886994082884974,1,1,6
GATTATTTCAATTTCA,1.6493974703476992,1,1,1
GATTTTTAAATTAATT,1.2475562489182659,1,1,1
GCCAATTTTTTAGCCT,1.8496017527145814,1,1,1
GCTGGTCACAGTATTG,1.954434002924965,1,1,1
GCTTCTTTTCTGTGTT,1.3294340029249652,1,1,1
GGCAAACTTAATATAA,1.75,1,1,1
GTAGCGAAATTCCTTG,1.9772170014624826,5,1,1
TATAAAAATATAAATG,1.198192411043098,1,1,1
TATGAGAAAGAAGCGC,1.7961796919474975,1,1,1
TATTATTCGTTTTGAT,1.5016144718101818,1,1,1
TCAACTAACTGATTTC,1.8050365325772657,1,1,1
TCTTCTTTAAAATAAA,1.4185644431995963,1,1,1
TGTAATGCCACAGCAA,1.936278124459133,1,1,1
TTAATGACATGTTGAT,1.7489992230622806,1,1,1
TTCTCTTCTTCTTTTC,0.8960382325345574,1,1,3
TTGCAGGAACTGGAAA,1.8828560636920488,1,1,1
TTTATGTGTCATTTTT,1.3716407621868583,1,1,1
TTTCAAACTTCCTGCC,1.764097655573916,1,1,1
TTTGAAGAAGTTGAAG,1.579434002924965,1,1,1
TTTGCAGGAACTGGAA,1.9237949406953985,1,1,1
TTTTCCTTCTTTTTTA,1.014097655573916,1,1,1
TTTTTATTTTCATAAT,1.1216407621868583,1,1,1
TTTTTCTTTATTTTTT,0.6685644431995964,2,1,1
