token_id_uint64,primary_stratum,known_genomes_recovered,residual_sum,kappa,composition_adjusted_score_v2
6291630,GC5_SEP1,5,-0.384057971014,4.0,-0.042673107890
17297444,GC4_SEP1,5,0.523148148148,4.0,0.058127572016
29641930,GC5_SEP1,3,-0.217391304348,4.0,-0.031055900621
69757063,GC8_SEP1,3,0.000000000000,4.0,0.000000000000
70506359,GC5_SEP1,3,0.782608695652,4.0,0.111801242236
88041475,GC5_SEP1,5,-0.495169082126,4.0,-0.055018786903
97534079,GC5_SEP1,4,-0.384057971014,4.0,-0.048007246377
120618484,GC4_SEP1,4,-0.476851851852,4.0,-0.059606481481
130842567,GC3_SEP1,4,0.038518518519,4.0,0.004814814815
131951055,GC7_SEP1,3,0.000000000000,4.0,0.000000000000
234341936,GC4_SEP1,4,-0.476851851852,4.0,-0.059606481481
241956994,GC7_SEP1,3,0.000000000000,4.0,0.000000000000
264672105,GC8_SEP1,3,0.000000000000,4.0,0.000000000000
268644556,GC0_SEP2,7,0.333333333333,4.0,0.030303030303
302090371,GC5_SEP2,3,-0.166666666667,4.0,-0.023809523810
318868486,GC4_SEP2,4,0.583333333333,4.0,0.072916666667
336642824,GC3_SEP2,4,0.317460317460,4.0,0.039682539683
367001121,GC6_SEP2,4,-0.200000000000,4.0,-0.025000000000
469770370,GC3_SEP2,5,-0.293650793651,4.0,-0.032627865961
571276302,GC2_SEP3,4,0.619047619048,4.0,0.077380952381
666892255,GC4_SEP3,7,1.400000000000,4.0,0.127272727273
668991167,GC4_SEP3,6,-0.600000000000,4.0,-0.060000000000
724741631,GC5_SEP3,4,-0.596153846154,4.0,-0.074519230769
770966180,GC6_SEP3,4,-0.228571428571,4.0,-0.028571428571
788707313,GC4_SEP3,5,-0.600000000000,4.0,-0.066666666667
791804943,GC1_SEP3,5,-0.535714285714,4.0,-0.059523809524
792714367,GC2_SEP3,5,-0.480952380952,4.0,-0.053439153439
805150901,GC6_SEP3,4,0.771428571429,4.0,0.096428571429
806880819,GC4_SEP4,4,0.572463768116,4.0,0.071557971014
807577604,GC6_SEP4,4,0.780219780220,4.0,0.097527472527
809484796,GC1_SEP4,7,0.250000000000,4.0,0.022727272727
810292352,GC4_SEP4,4,-0.579051383399,4.0,-0.072381422925
818138172,GC0_SEP4,6,-0.500000000000,4.0,-0.050000000000
825700079,GC5_SEP4,4,-0.181818181818,4.0,-0.022727272727
907301336,GC9_SEP4,6,0.000000000000,4.0,0.000000000000
936327116,GC2_SEP4,6,-1.884615384615,4.0,-0.188461538462
937364831,GC5_SEP4,6,-0.181818181818,4.0,-0.018181818182
946932736,GC3_SEP4,4,-0.540935672515,4.0,-0.067616959064
1065356226,GC3_SEP4,6,-1.026649958229,4.0,-0.102664995823
1085471730,GC4_SEP5,6,-0.461538461538,4.0,-0.046153846154
1103168993,GC6_SEP5,3,-0.200000000000,4.0,-0.028571428571
1107293377,GC3_SEP5,7,0.612280701754,4.0,0.055661881978
1126608900,GC5_SEP5,3,-0.285714285714,4.0,-0.040816326531
1144046323,GC2_SEP5,5,-0.385714285714,4.0,-0.042857142857
1299922769,GC6_SEP5,4,0.550000000000,4.0,0.068750000000
1357939723,GC3_SEP6,5,-1.038690476190,4.0,-0.115410052910
1406185504,GC3_SEP6,4,-0.895833333333,4.0,-0.111979166667
1478623361,GC5_SEP6,5,0.603508771930,4.0,0.067056530214
1528866754,GC6_SEP6,4,-0.200000000000,4.0,-0.025000000000
1547502540,GC1_SEP6,6,-0.500000000000,4.0,-0.050000000000
1593567112,GC6_SEP6,3,-0.200000000000,4.0,-0.028571428571
1610887171,GC1_SEP7,6,0.616666666667,4.0,0.061666666667
1613887484,GC2_SEP7,7,0.883333333333,4.0,0.080303030303
1613955020,GC1_SEP7,6,0.616666666667,4.0,0.061666666667
1618050499,GC4_SEP7,5,0.450000000000,4.0,0.050000000000
1623117836,GC3_SEP7,5,-1.211111111111,4.0,-0.134567901235
1648304811,GC6_SEP7,3,0.000000000000,4.0,0.000000000000
1649087548,GC5_SEP7,4,-0.277777777778,4.0,-0.034722222222
1742700507,GC5_SEP7,8,0.444444444444,4.0,0.037037037037
1751154849,GC7_SEP7,6,0.000000000000,4.0,0.000000000000
1827765005,GC4_SEP7,3,-0.550000000000,4.0,-0.078571428571
1844443103,GC4_SEP7,4,3.065384615385,4.0,0.383173076923
1878690687,GC5_SEP7,6,0.444444444444,4.0,0.044444444444
1880033320,GC3_SEP8,5,-0.748611111111,4.0,-0.083179012346
1880093692,GC0_SEP8,7,0.000000000000,4.0,0.000000000000
1912704047,GC4_SEP8,5,0.444444444444,4.0,0.049382716049
1959758828,GC4_SEP8,4,-0.222222222222,4.0,-0.027777777778
1976026623,GC5_SEP8,7,0.000000000000,4.0,0.000000000000
2005241090,GC7_SEP8,3,0.000000000000,4.0,0.000000000000
2078752524,GC3_SEP8,4,-0.437500000000,4.0,-0.054687500000
2088574973,GC4_SEP8,6,-0.655555555556,4.0,-0.065555555556
2113928191,GC2_SEP8,7,0.757575757576,4.0,0.068870523416
2139617016,GC5_SEP8,5,0.000000000000,4.0,0.000000000000
2149380099,GC1_SEP9,7,-0.000000000000,4.0,-0.000000000000
2149583619,GC2_SEP9,6,0.675000000000,4.0,0.067500000000
2149679872,GC3_SEP9,6,2.215476190476,4.0,0.221547619048
2160123888,GC1_SEP9,6,-0.000000000000,4.0,-0.000000000000
2167207344,GC5_SEP9,4,-0.433333333333,4.0,-0.054166666667
2177124124,GC5_SEP9,5,1.366666666667,4.0,0.151851851852
2181595691,GC6_SEP9,6,-0.311111111111,4.0,-0.031111111111
2214272193,GC3_SEP9,4,-0.641666666667,4.0,-0.080208333333
2222717634,GC6_SEP9,4,-0.111111111111,4.0,-0.013888888889
2266959356,GC3_SEP9,5,-1.141666666667,4.0,-0.126851851852
2277719108,GC3_SEP9,3,-0.375000000000,4.0,-0.053571428571
2280726493,GC5_SEP9,7,-0.300000000000,4.0,-0.027272727273
2285892927,GC3_SEP9,5,-0.784523809524,4.0,-0.087169312169
2382361329,GC3_SEP9,6,1.215476190476,4.0,0.121547619048
2398138369,GC3_SEP9,6,-1.034523809524,4.0,-0.103452380952
2402419116,GC4_SEP9,4,-0.250000000000,4.0,-0.031250000000
2406751740,GC4_SEP9,6,-0.416666666667,4.0,-0.041666666667
2407497717,GC4_SEP9,7,1.083333333333,4.0,0.098484848485
2411006764,GC5_SEP9,4,-0.300000000000,4.0,-0.037500000000
2417696515,GC3_SEP10,5,-1.250000000000,4.0,-0.138888888889
2550137000,GC4_SEP10,5,0.475757575758,4.0,0.052861952862
2597298358,GC7_SEP10,3,0.000000000000,4.0,0.000000000000
2667626467,GC2_SEP10,5,0.800000000000,4.0,0.088888888889
2670706880,GC1_SEP10,6,-0.828571428571,4.0,-0.082857142857
2683798198,GC6_SEP10,6,-0.200000000000,4.0,-0.020000000000
2684523228,GC5_SEP11,4,0.777777777778,4.0,0.097222222222
2717906812,GC3_SEP11,5,0.357142857143,4.0,0.039682539683
2735718412,GC0_SEP11,7,-0.500000000000,4.0,-0.045454545455
2748267633,GC2_SEP11,5,0.190476190476,4.0,0.021164021164
2749507592,GC5_SEP11,3,-0.222222222222,4.0,-0.031746031746
2752192139,GC6_SEP11,5,0.000000000000,4.0,0.000000000000
2802847544,GC3_SEP11,5,0.357142857143,4.0,0.039682539683
2821389312,GC4_SEP11,5,0.466666666667,4.0,0.051851851852
2895230783,GC5_SEP11,3,-0.222222222222,4.0,-0.031746031746
2936828175,GC2_SEP11,4,-0.809523809524,4.0,-0.101190476190
2960932155,GC3_SEP12,5,-0.142857142857,4.0,-0.015873015873
2961155071,GC3_SEP12,4,-0.142857142857,4.0,-0.017857142857
2986999852,GC4_SEP12,5,0.500000000000,4.0,0.055555555556
3166174244,GC4_SEP12,4,0.500000000000,4.0,0.062500000000
3179280368,GC3_SEP12,5,-1.476190476190,4.0,-0.164021164021
3227548671,GC4_SEP13,5,0.500000000000,4.0,0.055555555556
3237084316,GC3_SEP13,4,0.200000000000,4.0,0.025000000000
3237999103,GC1_SEP13,9,0.000000000000,4.0,0.000000000000
3355203665,GC7_SEP13,4,0.000000000000,4.0,0.000000000000
3434285088,GC3_SEP13,4,-0.800000000000,4.0,-0.100000000000
3488817792,GC3_SEP13,6,-0.800000000000,4.0,-0.080000000000
3492548624,GC3_SEP14,6,-0.416666666667,4.0,-0.041666666667
3611522843,GC6_SEP14,3,0.000000000000,4.0,0.000000000000
3623206407,GC6_SEP14,4,0.000000000000,4.0,0.000000000000
3674390528,GC2_SEP14,8,0.000000000000,4.0,0.000000000000
3690999615,GC1_SEP14,9,-1.000000000000,4.0,-0.076923076923
3692428976,GC5_SEP14,4,0.666666666667,4.0,0.083333333333
3743416536,GC3_SEP14,4,-0.750000000000,4.0,-0.093750000000
3756847070,GC4_SEP14,3,0.000000000000,4.0,0.000000000000
3787857889,GC6_SEP15,4,0.000000000000,4.0,0.000000000000
3837793759,GC5_SEP15,5,0.000000000000,4.0,0.000000000000
3854573565,GC4_SEP15,5,0.333333333333,4.0,0.037037037037
3870170433,GC9_SEP15,3,0.000000000000,4.0,0.000000000000
3892310715,GC4_SEP15,5,-0.666666666667,4.0,-0.074074074074
4018094556,GC4_SEP15,5,0.333333333333,4.0,0.037037037037
4022339695,GC3_SEP15,4,0.666666666667,4.0,0.083333333333
4022870144,GC3_SEP15,8,-0.333333333333,4.0,-0.027777777778
4025663468,GC3_SEP15,4,-0.333333333333,4.0,-0.041666666667
4027367391,GC2_SEP1,4,1.540000000000,4.0,0.192500000000
4056169567,GC4_SEP1,3,-0.185185185185,4.0,-0.026455026455
4058002371,GC2_SEP1,5,-1.660000000000,4.0,-0.184444444444
4060023944,GC3_SEP1,6,-0.961481481481,4.0,-0.096148148148
4228411168,GC4_SEP1,4,0.523148148148,4.0,0.065393518519
4257185270,GC6_SEP1,5,-0.609523809524,4.0,-0.067724867725
4286612990,GC5_SEP1,4,-0.384057971014,4.0,-0.048007246377
4293969869,GC2_SEP1,6,-1.631428571429,4.0,-0.163142857143
4294768639,GC1_SEP1,9,-0.333333333333,4.0,-0.025641025641
4320098300,GC4_SEP2,5,0.401844532279,4.0,0.044649392475
4328456959,GC2_SEP2,5,0.433333333333,4.0,0.048148148148
4395807778,GC7_SEP2,5,0.000000000000,4.0,0.000000000000
4429414530,GC4_SEP2,6,0.318511198946,4.0,0.031851119895
4464870026,GC8_SEP2,6,0.000000000000,4.0,0.000000000000
4499633167,GC2_SEP2,5,-0.566666666667,4.0,-0.062962962963
4504878556,GC4_SEP2,4,-0.507246376812,4.0,-0.063405797101
4559341560,GC3_SEP2,6,-1.293650793651,4.0,-0.129365079365
4562894935,GC5_SEP2,4,1.525641025641,4.0,0.190705128205
4564123818,GC5_SEP3,4,0.403846153846,4.0,0.050480769231
4570840412,GC6_SEP3,3,0.904761904762,4.0,0.129251700680
4570859137,GC6_SEP3,4,-0.095238095238,4.0,-0.011904761905
4571843068,GC3_SEP3,4,-0.932146829811,4.0,-0.116518353726
4575118083,GC2_SEP3,5,-1.380952380952,4.0,-0.153439153439
4609002664,GC6_SEP3,4,-0.228571428571,4.0,-0.028571428571
4629385211,GC3_SEP3,4,1.067853170189,4.0,0.133481646274
4736810049,GC8_SEP3,4,0.000000000000,4.0,0.000000000000
4748091424,GC4_SEP3,6,0.400000000000,4.0,0.040000000000
4778344896,GC1_SEP3,6,0.714285714286,4.0,0.071428571429
4823899121,GC6_SEP3,5,-0.228571428571,4.0,-0.025396825397
4831628286,GC2_SEP3,7,1.419047619048,4.0,0.129004329004
4831934240,GC4_SEP4,6,-0.888575192923,4.0,-0.088857519292
4840233586,GC6_SEP4,4,-0.219780219780,4.0,-0.027472527473
4840359936,GC3_SEP4,7,1.687635756057,4.0,0.153421432369
4881968896,GC2_SEP4,7,0.615384615385,4.0,0.055944055944
4901043504,GC3_SEP4,5,-0.826649958229,4.0,-0.091849995359
4947931129,GC8_SEP4,5,-0.250000000000,4.0,-0.027777777778
5016662023,GC3_SEP4,5,0.173350041771,4.0,0.019261115752
5087678213,GC2_SEP4,5,-0.634615384615,4.0,-0.070512820513
5096480708,GC4_SEP4,5,0.254281949934,4.0,0.028253549993
5122839489,GC7_SEP5,3,0.000000000000,4.0,0.000000000000
5246863484,GC4_SEP5,4,0.538461538462,4.0,0.067307692308
5300814723,GC3_SEP5,4,0.912280701754,4.0,0.114035087719
5335283034,GC8_SEP5,3,0.000000000000,4.0,0.000000000000
5368754368,GC1_SEP6,7,-0.500000000000,4.0,-0.045454545455
5373231155,GC3_SEP6,5,-0.895833333333,4.0,-0.099537037037
5376081945,GC5_SEP6,4,0.603508771930,4.0,0.075438596491
5401591285,GC7_SEP6,5,-0.500000000000,4.0,-0.055555555556
5469225085,GC5_SEP6,5,0.381286549708,4.0,0.042365172190
5637187631,GC4_SEP7,5,-0.184615384615,4.0,-0.020512820513
5666777923,GC5_SEP7,4,-0.388888888889,4.0,-0.048611111111
5687493071,GC2_SEP7,4,-0.333333333333,4.0,-0.041666666667
5702688832,GC4_SEP7,4,-0.934615384615,4.0,-0.116826923077
5821825056,GC3_SEP7,8,1.538888888889,4.0,0.128240740741
5901331680,GC3_SEP7,5,-0.211111111111,4.0,-0.023456790123
5904381919,GC5_SEP7,5,0.444444444444,4.0,0.049382716049
5906137146,GC4_SEP8,6,-0.655555555556,4.0,-0.065555555556
5909217072,GC2_SEP8,5,-0.242424242424,4.0,-0.026936026936
5990400900,GC6_SEP8,3,-0.333333333333,4.0,-0.047619047619
6031286140,GC5_SEP8,4,0.000000000000,4.0,0.000000000000
6037655007,GC5_SEP8,4,0.000000000000,4.0,0.000000000000
6043913150,GC5_SEP8,3,0.000000000000,4.0,0.000000000000
6157073663,GC3_SEP8,6,0.251388888889,4.0,0.025138888889
6160334639,GC2_SEP8,6,-0.909090909091,4.0,-0.090909090909
6165495735,GC4_SEP8,7,0.344444444444,4.0,0.031313131313
6173361913,GC6_SEP8,3,-0.333333333333,4.0,-0.047619047619
6186602739,GC1_SEP9,7,-0.000000000000,4.0,-0.000000000000
6190219516,GC2_SEP9,6,-0.125000000000,4.0,-0.012500000000
6350443635,GC7_SEP9,5,0.500000000000,4.0,0.055555555556
6388741060,GC2_SEP9,6,-1.125000000000,4.0,-0.112500000000
6392118291,GC1_SEP9,4,-1.000000000000,4.0,-0.125000000000
6440890219,GC6_SEP9,5,0.688888888889,4.0,0.076543209877
6451363872,GC3_SEP10,8,0.250000000000,4.0,0.020833333333
6468095296,GC6_SEP10,4,-0.200000000000,4.0,-0.025000000000
6493307092,GC3_SEP10,5,1.000000000000,4.0,0.111111111111
6501171464,GC3_SEP10,4,2.000000000000,4.0,0.250000000000
6543138825,GC6_SEP10,5,0.800000000000,4.0,0.088888888889
6623210759,GC7_SEP10,3,0.000000000000,4.0,0.000000000000
6643790339,GC1_SEP10,8,0.521428571429,4.0,0.043452380952
6722552587,GC3_SEP11,5,0.357142857143,4.0,0.039682539683
6811657731,GC7_SEP11,3,0.000000000000,4.0,0.000000000000
6841631791,GC4_SEP11,5,-0.533333333333,4.0,-0.059259259259
6848184864,GC4_SEP11,5,-0.533333333333,4.0,-0.059259259259
6856409091,GC4_SEP11,5,0.466666666667,4.0,0.051851851852
6916716016,GC5_SEP11,3,-0.222222222222,4.0,-0.031746031746
6978788595,GC2_SEP11,4,-0.809523809524,4.0,-0.101190476190
6979518334,GC3_SEP12,4,-1.142857142857,4.0,-0.142857142857
6983254190,GC3_SEP12,7,-0.476190476190,4.0,-0.043290043290
6996041724,GC1_SEP12,6,0.000000000000,4.0,0.000000000000
7134119950,GC6_SEP12,3,0.000000000000,4.0,0.000000000000
7278104498,GC3_SEP13,4,0.200000000000,4.0,0.025000000000
7407409194,GC9_SEP13,4,0.000000000000,4.0,0.000000000000
7499396479,GC5_SEP13,5,-0.250000000000,4.0,-0.027777777778
7514496988,GC5_SEP13,4,0.750000000000,4.0,0.093750000000
7564148782,GC5_SEP14,5,-0.333333333333,4.0,-0.037037037037
7656543220,GC7_SEP14,4,0.000000000000,4.0,0.000000000000
7725649919,GC1_SEP14,6,1.000000000000,4.0,0.100000000000
7776240006,GC5_SEP14,3,-0.333333333333,4.0,-0.047619047619
7780388863,GC2_SEP14,6,0.000000000000,4.0,0.000000000000
7783317309,GC3_SEP14,7,-0.416666666667,4.0,-0.037878787879
7784093695,GC3_SEP14,8,1.583333333333,4.0,0.131944444444
7797211328,GC0_SEP1,8,2.333333333333,4.0,0.194444444444
7835025422,GC2_SEP1,4,-0.460000000000,4.0,-0.057500000000
7916704821,GC7_SEP1,5,0.666666666667,4.0,0.074074074074
7918628851,GC3_SEP1,4,1.038518518519,4.0,0.129814814815
7926211371,GC6_SEP1,4,-0.276190476190,4.0,-0.034523809524
7950071309,GC7_SEP1,6,-0.333333333333,4.0,-0.033333333333
7991918079,GC5_SEP1,5,-0.495169082126,4.0,-0.055018786903
8002698591,GC4_SEP1,4,0.814814814815,4.0,0.101851851852
8019568768,GC4_SEP1,4,-0.476851851852,4.0,-0.059606481481
8044676016,GC2_SEP1,6,0.340000000000,4.0,0.034000000000
8060202951,GC4_SEP2,5,-0.598155467721,4.0,-0.066461718636
8066466913,GC5_SEP2,3,-0.166666666667,4.0,-0.023809523810
8136785375,GC5_SEP2,5,0.404761904762,4.0,0.044973544974
8195617328,GC3_SEP2,4,-0.182539682540,4.0,-0.022817460317
8245991370,GC6_SEP2,6,-0.200000000000,4.0,-0.020000000000
8260646668,GC4_SEP2,4,-0.507246376812,4.0,-0.063405797101
8320710644,GC2_SEP2,7,0.016666666667,4.0,0.001515151515
8320843583,GC2_SEP2,8,1.016666666667,4.0,0.084722222222
8322154739,GC2_SEP3,4,-0.380952380952,4.0,-0.047619047619
8337776655,GC3_SEP3,5,1.039938556068,4.0,0.115548728452
8384665599,GC2_SEP3,6,-1.480952380952,4.0,-0.148095238095
8439103584,GC5_SEP3,3,-0.346153846154,4.0,-0.049450549451
8440413649,GC8_SEP3,6,0.000000000000,4.0,0.000000000000
8443084784,GC1_SEP3,7,1.380952380952,4.0,0.125541125541
8443127651,GC5_SEP3,3,-0.346153846154,4.0,-0.049450549451
8538911239,GC5_SEP3,3,-0.346153846154,4.0,-0.049450549451
8585838191,GC5_SEP3,5,-0.596153846154,4.0,-0.066239316239
8598320981,GC6_SEP4,4,-0.219780219780,4.0,-0.027472527473
8599025824,GC7_SEP4,3,0.000000000000,4.0,0.000000000000
8657705464,GC7_SEP4,4,0.000000000000,4.0,0.000000000000
8685820592,GC8_SEP4,3,-0.250000000000,4.0,-0.035714285714
8707372031,GC2_SEP4,6,0.365384615385,4.0,0.036538461538
8714827647,GC6_SEP4,5,-0.469780219780,4.0,-0.052197802198
8724139089,GC4_SEP4,5,-0.721908526256,4.0,-0.080212058473
8758452012,GC6_SEP4,4,0.780219780220,4.0,0.097527472527
8794438719,GC1_SEP4,5,-1.250000000000,4.0,-0.138888888889
8824849455,GC4_SEP4,5,2.254281949934,4.0,0.250475772215
8861565456,GC2_SEP5,4,-1.285714285714,4.0,-0.160714285714
8862442752,GC4_SEP5,4,-0.461538461538,4.0,-0.057692307692
8869709935,GC6_SEP5,4,-0.200000000000,4.0,-0.025000000000
8904998860,GC3_SEP5,6,-1.087719298246,4.0,-0.108771929825
8908716288,GC2_SEP5,8,0.138095238095,4.0,0.011507936508
8976921473,GC4_SEP5,4,0.538461538462,4.0,0.067307692308
9062856700,GC1_SEP5,4,-0.166666666667,4.0,-0.020833333333
9093123580,GC3_SEP5,5,-1.187719298246,4.0,-0.131968810916
9122597883,GC3_SEP5,6,0.712280701754,4.0,0.071228070175
9124573429,GC4_SEP5,5,-0.461538461538,4.0,-0.051282051282
9127735412,GC3_SEP6,4,1.104166666667,4.0,0.138020833333
9158248410,GC6_SEP6,5,0.800000000000,4.0,0.088888888889
9177162033,GC4_SEP6,4,-0.253968253968,4.0,-0.031746031746
9261265504,GC5_SEP6,4,-0.485380116959,4.0,-0.060672514620
9328132160,GC1_SEP6,7,1.500000000000,4.0,0.136363636364
9330983677,GC5_SEP6,5,-0.618713450292,4.0,-0.068745938921
9333657084,GC5_SEP6,3,-0.263157894737,4.0,-0.037593984962
9349493381,GC8_SEP6,3,0.000000000000,4.0,0.000000000000
9389986042,GC5_SEP6,4,0.603508771930,4.0,0.075438596491
9390735343,GC3_SEP6,5,0.979166666667,4.0,0.108796296296
9397500914,GC5_SEP7,4,-0.444444444444,4.0,-0.055555555556
9453040845,GC4_SEP7,4,0.065384615385,4.0,0.008173076923
9462349823,GC0_SEP7,8,2.000000000000,4.0,0.166666666667
9497411056,GC6_SEP7,5,0.000000000000,4.0,0.000000000000
9512449360,GC7_SEP7,4,0.000000000000,4.0,0.000000000000
9521141696,GC5_SEP7,4,-0.388888888889,4.0,-0.048611111111
9600889317,GC6_SEP7,5,0.000000000000,4.0,0.000000000000
9607249851,GC5_SEP7,4,-0.444444444444,4.0,-0.055555555556
9648456458,GC4_SEP7,3,0.450000000000,4.0,0.064285714286
9661577213,GC3_SEP7,9,2.538888888889,4.0,0.195299145299
9670755168,GC4_SEP8,5,1.344444444444,4.0,0.149382716049
9671262223,GC1_SEP8,8,0.166666666667,4.0,0.013888888889
9743369472,GC3_SEP8,5,0.251388888889,4.0,0.027932098765
9766439884,GC4_SEP8,4,0.444444444444,4.0,0.055555555556
9797834103,GC6_SEP8,6,0.333333333333,4.0,0.033333333333
9881699266,GC2_SEP8,4,-0.909090909091,4.0,-0.113636363636
9925009424,GC5_SEP8,4,0.000000000000,4.0,0.000000000000
9932934093,GC3_SEP9,4,0.358333333333,4.0,0.044791666667
9951020259,GC5_SEP9,3,-0.100000000000,4.0,-0.014285714286
10072022945,GC9_SEP9,3,0.000000000000,4.0,0.000000000000
10183778314,GC3_SEP9,5,2.108333333333,4.0,0.234259259259
10203479947,GC4_SEP10,6,0.475757575758,4.0,0.047575757576
10251057104,GC4_SEP10,4,-0.190909090909,4.0,-0.023863636364
10271668210,GC4_SEP10,4,-0.190909090909,4.0,-0.023863636364
10297847932,GC4_SEP10,4,-0.190909090909,4.0,-0.023863636364
10317956108,GC4_SEP10,5,-0.190909090909,4.0,-0.021212121212
10370186560,GC6_SEP10,3,-0.200000000000,4.0,-0.028571428571
10383752751,GC7_SEP10,4,0.000000000000,4.0,0.000000000000
10404101146,GC5_SEP10,5,-0.125000000000,4.0,-0.013888888889
10432416573,GC5_SEP10,3,-0.125000000000,4.0,-0.017857142857
10468914172,GC1_SEP10,8,-0.478571428571,4.0,-0.039880952381
10485235703,GC2_SEP11,8,0.190476190476,4.0,0.015873015873
10503269515,GC5_SEP11,8,-0.222222222222,4.0,-0.018518518519
10504638216,GC3_SEP11,7,-0.976190476190,4.0,-0.088744588745
10584311699,GC6_SEP11,4,0.000000000000,4.0,0.000000000000
10674637021,GC5_SEP11,3,-0.222222222222,4.0,-0.031746031746
10703597563,GC4_SEP11,5,0.466666666667,4.0,0.051851851852
10734182261,GC6_SEP11,4,0.000000000000,4.0,0.000000000000
10767788007,GC6_SEP12,3,0.000000000000,4.0,0.000000000000
10816457218,GC7_SEP12,4,0.500000000000,4.0,0.062500000000
10821111768,GC4_SEP12,4,-0.500000000000,4.0,-0.062500000000
10854892064,GC4_SEP12,7,0.500000000000,4.0,0.045454545455
10871883659,GC4_SEP12,3,-0.500000000000,4.0,-0.071428571429
10921695691,GC7_SEP12,4,-0.500000000000,4.0,-0.062500000000
10922688764,GC2_SEP12,5,0.000000000000,4.0,0.000000000000
11006246912,GC2_SEP13,8,0.000000000000,4.0,0.000000000000
11014110245,GC5_SEP13,5,-0.250000000000,4.0,-0.027777777778
11021973494,GC5_SEP13,4,0.000000000000,4.0,0.000000000000
11116724650,GC10_SEP13,3,0.000000000000,4.0,0.000000000000
11138104602,GC7_SEP13,3,0.000000000000,4.0,0.000000000000
11148488704,GC3_SEP13,7,1.200000000000,4.0,0.109090909091
11208143312,GC4_SEP13,3,-1.000000000000,4.0,-0.142857142857
11209010595,GC6_SEP13,3,0.000000000000,4.0,0.000000000000
11209440736,GC5_SEP13,5,-0.250000000000,4.0,-0.027777777778
11219368059,GC6_SEP13,4,0.000000000000,4.0,0.000000000000
11271631095,GC4_SEP13,5,0.500000000000,4.0,0.055555555556
11274993680,GC3_SEP1,6,1.871851851852,4.0,0.187185185185
11319243808,GC6_SEP1,3,-0.133333333333,4.0,-0.019047619048
11341564929,GC4_SEP1,4,-0.476851851852,4.0,-0.059606481481
11416929730,GC6_SEP1,4,-0.133333333333,4.0,-0.016666666667
11442782210,GC4_SEP1,5,0.412037037037,4.0,0.045781893004
11458802444,GC3_SEP1,5,-1.128148148148,4.0,-0.125349794239
11487346667,GC4_SEP1,6,-0.587962962963,4.0,-0.058796296296
11508695091,GC2_SEP1,4,-1.460000000000,4.0,-0.182500000000
11534334276,GC5_SEP1,4,0.615942028986,4.0,0.076992753623
11540590079,GC4_SEP1,6,-0.587962962963,4.0,-0.058796296296
11541687712,GC4_SEP1,5,2.523148148148,4.0,0.280349794239
11541925884,GC0_SEP1,8,-0.666666666667,4.0,-0.055555555556
11604336863,GC4_SEP2,3,-0.333333333333,4.0,-0.047619047619
11643376127,GC4_SEP2,6,1.318511198946,4.0,0.131851119895
11666440183,GC5_SEP2,5,1.525641025641,4.0,0.169515669516
11752505280,GC1_SEP2,6,0.833333333333,4.0,0.083333333333
11797797630,GC5_SEP2,5,-0.474358974359,4.0,-0.052706552707
11810353392,GC1_SEP2,7,-0.166666666667,4.0,-0.015151515152
11812146176,GC0_SEP3,7,-0.250000000000,4.0,-0.022727272727
11812168112,GC4_SEP3,3,-0.350000000000,4.0,-0.050000000000
11841035679,GC6_SEP3,7,-0.228571428571,4.0,-0.020779220779
11878451391,GC4_SEP3,5,-0.600000000000,4.0,-0.066666666667
11884101553,GC6_SEP3,3,-0.095238095238,4.0,-0.013605442177
11943024637,GC5_SEP3,6,-0.096153846154,4.0,-0.009615384615
11948294144,GC3_SEP3,7,0.841662693999,4.0,0.076514790364
11992083456,GC5_SEP3,5,-0.596153846154,4.0,-0.066239316239
12045262642,GC4_SEP3,4,-0.600000000000,4.0,-0.075000000000
12062867699,GC0_SEP3,6,0.250000000000,4.0,0.025000000000
12075448304,GC2_SEP3,4,0.619047619048,4.0,0.077380952381
12079199036,GC2_SEP3,6,-1.880952380952,4.0,-0.188095238095
12180722930,GC6_SEP4,5,-0.219780219780,4.0,-0.024420024420
12199807025,GC7_SEP4,4,0.000000000000,4.0,0.000000000000
12213804736,GC3_SEP4,5,-0.740935672515,4.0,-0.082326185835
12300896288,GC3_SEP4,6,1.973350041771,4.0,0.197335004177
12382883632,GC2_SEP5,5,0.614285714286,4.0,0.068253968254
12412269530,GC5_SEP5,4,0.714285714286,4.0,0.089285714286
12414107393,GC1_SEP5,6,-0.166666666667,4.0,-0.016666666667
12465209321,GC6_SEP5,5,1.050000000000,4.0,0.116666666667
12479922037,GC6_SEP5,5,-0.450000000000,4.0,-0.050000000000
12582666305,GC4_SEP5,6,-0.461538461538,4.0,-0.046153846154
12583695168,GC3_SEP5,4,-0.087719298246,4.0,-0.010964912281
12603803407,GC2_SEP5,4,-0.928571428571,4.0,-0.116071428571
12614355967,GC2_SEP5,7,1.471428571429,4.0,0.133766233766
12617015432,GC5_SEP6,6,-0.618713450292,4.0,-0.061871345029
12650698751,GC6_SEP6,4,-0.200000000000,4.0,-0.025000000000
12723155169,GC7_SEP6,3,0.000000000000,4.0,0.000000000000
12748398463,GC5_SEP6,9,-0.618713450292,4.0,-0.047593342330
12817235743,GC4_SEP6,5,0.746031746032,4.0,0.082892416226
12820972034,GC3_SEP6,5,-0.020833333333,4.0,-0.002314814815
12873048044,GC4_SEP6,4,-0.253968253968,4.0,-0.031746031746
12881686676,GC4_SEP6,3,-0.111111111111,4.0,-0.015873015873
12886147585,GC3_SEP7,5,-1.350000000000,4.0,-0.150000000000
12930199480,GC5_SEP7,4,-0.444444444444,4.0,-0.055555555556
12933132748,GC3_SEP7,5,-1.211111111111,4.0,-0.134567901235
12942311468,GC3_SEP7,5,-0.211111111111,4.0,-0.023456790123
12964847680,GC3_SEP7,3,-0.600000000000,4.0,-0.085714285714
13003259681,GC4_SEP7,4,-0.934615384615,4.0,-0.116826923077
13021213055,GC4_SEP7,5,0.065384615385,4.0,0.007264957265
13067353855,GC4_SEP7,4,0.065384615385,4.0,0.008173076923
13087170900,GC7_SEP7,3,0.000000000000,4.0,0.000000000000
13118912471,GC6_SEP7,4,0.000000000000,4.0,0.000000000000
13152295616,GC3_SEP7,5,-0.100000000000,4.0,-0.011111111111
13153140787,GC1_SEP7,6,-0.133333333333,4.0,-0.013333333333
13153333239,GC2_SEP7,7,-0.783333333333,4.0,-0.071212121212
13153869987,GC4_SEP8,6,-1.055555555556,4.0,-0.105555555556
13154320383,GC1_SEP8,6,0.166666666667,4.0,0.016666666667
13155629070,GC4_SEP8,6,-0.155555555556,4.0,-0.015555555556
13165655240,GC4_SEP8,4,-0.322222222222,4.0,-0.040277777778
13179543392,GC5_SEP8,3,0.000000000000,4.0,0.000000000000
13186093054,GC2_SEP8,5,2.090909090909,4.0,0.232323232323
13186235623,GC5_SEP8,6,0.000000000000,4.0,0.000000000000
13218394161,GC3_SEP8,5,1.362500000000,4.0,0.151388888889
13241933687,GC7_SEP8,6,0.000000000000,4.0,0.000000000000
13342084139,GC4_SEP8,4,0.444444444444,4.0,0.055555555556
13417589814,GC3_SEP8,7,-0.637500000000,4.0,-0.057954545455
13426434603,GC6_SEP9,5,-0.311111111111,4.0,-0.034567901235
13457096669,GC6_SEP9,4,0.388888888889,4.0,0.048611111111
13548290575,GC6_SEP9,4,0.688888888889,4.0,0.086111111111
13637110784,GC3_SEP9,5,-0.784523809524,4.0,-0.087169312169
13658799616,GC4_SEP9,4,-0.416666666667,4.0,-0.052083333333
13686062528,GC2_SEP9,5,0.675000000000,4.0,0.075000000000
13693330144,GC5_SEP10,4,0.875000000000,4.0,0.109375000000
13694142656,GC1_SEP10,8,-1.078571428571,4.0,-0.089880952381
13702791232,GC1_SEP10,8,1.521428571429,4.0,0.126785714286
13706248391,GC2_SEP10,6,-0.200000000000,4.0,-0.020000000000
13706452214,GC4_SEP10,5,-0.524242424242,4.0,-0.058249158249
13723749244,GC3_SEP10,4,-1.000000000000,4.0,-0.125000000000
13819313132,GC5_SEP10,4,-0.125000000000,4.0,-0.015625000000
13872739299,GC5_SEP10,3,-0.125000000000,4.0,-0.017857142857
13890735059,GC3_SEP10,7,-0.750000000000,4.0,-0.068181818182
13904904136,GC2_SEP10,5,-1.200000000000,4.0,-0.133333333333
13948870519,GC7_SEP10,5,0.000000000000,4.0,0.000000000000
14021804287,GC0_SEP11,6,0.500000000000,4.0,0.050000000000
14041604088,GC4_SEP11,5,-0.200000000000,4.0,-0.022222222222
14092308735,GC4_SEP11,5,0.466666666667,4.0,0.051851851852
14094761947,GC4_SEP11,4,-0.533333333333,4.0,-0.066666666667
14118552462,GC6_SEP11,4,0.000000000000,4.0,0.000000000000
14167048185,GC5_SEP11,4,0.777777777778,4.0,0.097222222222
14195593340,GC5_SEP11,3,-0.222222222222,4.0,-0.031746031746
14340291333,GC7_SEP12,3,0.000000000000,4.0,0.000000000000
14363406338,GC3_SEP12,6,1.523809523810,4.0,0.152380952381
14443618495,GC4_SEP12,4,-0.500000000000,4.0,-0.062500000000
14453009463,GC6_SEP12,5,0.000000000000,4.0,0.000000000000
14478941567,GC3_SEP12,4,1.857142857143,4.0,0.232142857143
14496432130,GC2_SEP1,7,2.168571428571,4.0,0.197142857143
14562490367,GC2_SEP1,7,0.118571428571,4.0,0.010779220779
14579809983,GC6_SEP1,3,0.866666666667,4.0,0.123809523810
14663283187,GC3_SEP1,4,0.038518518519,4.0,0.004814814815
14692856752,GC2_SEP1,4,0.540000000000,4.0,0.067500000000
14725430794,GC6_SEP1,3,-0.133333333333,4.0,-0.019047619048
14730928256,GC4_SEP1,6,-0.587962962963,4.0,-0.058796296296
14747201539,GC1_SEP1,7,-1.333333333333,4.0,-0.121212121212
14763818353,GC4_SEP1,7,0.412037037037,4.0,0.037457912458
14814257919,GC4_SEP2,5,-0.590579710145,4.0,-0.065619967794
15031827711,GC2_SEP2,7,-0.983333333333,4.0,-0.089393939394
15035564039,GC2_SEP3,5,-1.480952380952,4.0,-0.164550264550
15048117132,GC2_SEP3,6,0.419047619048,4.0,0.041904761905
15063830591,GC3_SEP3,5,-0.075003972668,4.0,-0.008333774741
15179149826,GC5_SEP3,3,-0.346153846154,4.0,-0.049450549451
15231658047,GC5_SEP3,4,-0.596153846154,4.0,-0.074519230769
15234530081,GC4_SEP3,3,-0.350000000000,4.0,-0.050000000000
15242177776,GC3_SEP3,5,-0.015480163144,4.0,-0.001720018127
15250518300,GC4_SEP3,4,0.400000000000,4.0,0.050000000000
15301543984,GC2_SEP4,6,0.365384615385,4.0,0.036538461538
15313764352,GC3_SEP4,5,0.459064327485,4.0,0.051007147498
15354299343,GC0_SEP4,7,0.500000000000,4.0,0.045454545455
15409872651,GC4_SEP4,4,0.420948616601,4.0,0.052618577075
15450779820,GC3_SEP4,4,0.459064327485,4.0,0.057383040936
15468638208,GC3_SEP4,6,-0.026649958229,4.0,-0.002664995823
15503393804,GC2_SEP4,4,0.615384615385,4.0,0.076923076923
15506277119,GC1_SEP4,7,-0.750000000000,4.0,-0.068181818182
15511075872,GC3_SEP4,5,0.173350041771,4.0,0.019261115752
15514685693,GC4_SEP4,5,-0.579051383399,4.0,-0.064339042600
15555690368,GC1_SEP4,5,-0.250000000000,4.0,-0.027777777778
15567123711,GC3_SEP4,7,-1.112364243943,4.0,-0.101124022177
15571419328,GC2_SEP5,6,2.471428571429,4.0,0.247142857143
15577825284,GC3_SEP5,7,-1.387719298246,4.0,-0.126156299841
15594287243,GC5_SEP5,5,-0.285714285714,4.0,-0.031746031746
15672016272,GC6_SEP5,5,0.050000000000,4.0,0.005555555556
15689990151,GC4_SEP5,4,-0.461538461538,4.0,-0.057692307692
15701192703,GC4_SEP5,5,-0.461538461538,4.0,-0.051282051282
15715058635,GC3_SEP5,5,-0.187719298246,4.0,-0.020857699805
15770716104,GC3_SEP5,5,-1.287719298246,4.0,-0.143079922027
15850104771,GC5_SEP6,4,-0.396491228070,4.0,-0.049561403509
15854207217,GC1_SEP6,5,-0.333333333333,4.0,-0.037037037037
15854649356,GC2_SEP6,6,-0.200000000000,4.0,-0.020000000000
15938232347,GC6_SEP6,3,-0.200000000000,4.0,-0.028571428571
15974138629,GC5_SEP6,4,-0.396491228070,4.0,-0.049561403509
15974193152,GC5_SEP6,6,-0.618713450292,4.0,-0.061871345029
15980855424,GC5_SEP6,6,0.381286549708,4.0,0.038128654971
16041119776,GC3_SEP6,6,-1.163690476190,4.0,-0.116369047619
16120074247,GC4_SEP7,3,-0.550000000000,4.0,-0.078571428571
16172709320,GC4_SEP7,3,-0.550000000000,4.0,-0.078571428571
16223502348,GC2_SEP7,8,-2.116666666667,4.0,-0.176388888889
16288505857,GC6_SEP7,4,0.000000000000,4.0,0.000000000000
16307408831,GC3_SEP7,5,-0.211111111111,4.0,-0.023456790123
16331841008,GC5_SEP7,5,-0.555555555556,4.0,-0.061728395062
16341028224,GC4_SEP7,4,-0.934615384615,4.0,-0.116826923077
16441684316,GC4_SEP8,3,-0.222222222222,4.0,-0.031746031746
16559145003,GC4_SEP8,6,-0.655555555556,4.0,-0.065555555556
16630449868,GC4_SEP8,4,0.444444444444,4.0,0.055555555556
16643752128,GC2_SEP9,7,1.675000000000,4.0,0.152272727273
16655452346,GC6_SEP9,6,-0.811111111111,4.0,-0.081111111111
16693117950,GC2_SEP9,7,-1.325000000000,4.0,-0.120454545455
16703845339,GC5_SEP9,3,-0.100000000000,4.0,-0.014285714286
16723471544,GC5_SEP9,4,-0.300000000000,4.0,-0.037500000000
16843784748,GC4_SEP9,4,0.583333333333,4.0,0.072916666667
16897802235,GC2_SEP9,5,-0.125000000000,4.0,-0.013888888889
16914609136,GC1_SEP10,6,-0.828571428571,4.0,-0.082857142857
16922960061,GC5_SEP10,4,-0.125000000000,4.0,-0.015625000000
16944448511,GC2_SEP10,8,-0.200000000000,4.0,-0.016666666667
16956260416,GC4_SEP10,4,-0.190909090909,4.0,-0.023863636364
16980049696,GC5_SEP10,6,-0.125000000000,4.0,-0.012500000000
16980671776,GC5_SEP10,5,-0.125000000000,4.0,-0.013888888889
17062419679,GC3_SEP10,5,1.000000000000,4.0,0.111111111111
17118698543,GC7_SEP10,3,0.000000000000,4.0,0.000000000000
17120217678,GC6_SEP10,4,-0.200000000000,4.0,-0.025000000000
17180000811,GC4_SEP11,7,0.466666666667,4.0,0.042424242424
17182753472,GC2_SEP11,5,0.190476190476,4.0,0.021164021164
17213165814,GC4_SEP11,6,-0.533333333333,4.0,-0.053333333333
17385517043,GC3_SEP11,5,-0.642857142857,4.0,-0.071428571429
17390159808,GC3_SEP11,4,-0.309523809524,4.0,-0.038690476190
17394695176,GC2_SEP11,4,0.857142857143,4.0,0.107142857143
17416269824,GC3_SEP11,3,0.857142857143,4.0,0.122448979592
17423124349,GC5_SEP11,6,-0.222222222222,4.0,-0.022222222222
17431027702,GC6_SEP11,3,0.000000000000,4.0,0.000000000000
17434804400,GC2_SEP11,7,0.190476190476,4.0,0.017316017316
17439266678,GC8_SEP11,5,0.000000000000,4.0,0.000000000000
17449320470,GC4_SEP1,3,-0.185185185185,4.0,-0.026455026455
17460048008,GC3_SEP1,4,0.038518518519,4.0,0.004814814815
17464036352,GC0_SEP1,8,-2.083333333333,4.0,-0.173611111111
17493668319,GC5_SEP1,4,-0.384057971014,4.0,-0.048007246377
17511350783,GC2_SEP1,6,0.468571428571,4.0,0.046857142857
17649487665,GC3_SEP1,4,0.038518518519,4.0,0.004814814815
17706252247,GC5_SEP1,6,-0.495169082126,4.0,-0.049516908213
17711564744,GC4_SEP1,6,-0.587962962963,4.0,-0.058796296296
17717723134,GC2_SEP2,6,0.266666666667,4.0,0.026666666667
17720933599,GC1_SEP2,7,0.833333333333,4.0,0.075757575758
17721068648,GC5_SEP2,4,-0.474358974359,4.0,-0.059294871795
17733791756,GC2_SEP2,4,-0.400000000000,4.0,-0.050000000000
17749246080,GC2_SEP2,7,1.016666666667,4.0,0.092424242424
17784927174,GC5_SEP2,4,-0.474358974359,4.0,-0.059294871795
17787112899,GC3_SEP2,4,-0.182539682540,4.0,-0.022817460317
17836033600,GC6_SEP2,4,-0.200000000000,4.0,-0.025000000000
17850174462,GC4_SEP2,5,-0.507246376812,4.0,-0.056360708535
17903399694,GC3_SEP2,4,0.428571428571,4.0,0.053571428571
17949897714,GC6_SEP2,4,-0.200000000000,4.0,-0.025000000000
17951643584,GC4_SEP2,4,-0.507246376812,4.0,-0.063405797101
17976652799,GC2_SEP2,9,-1.233333333333,4.0,-0.094871794872
17988321407,GC1_SEP3,7,0.130952380952,4.0,0.011904761905
17988453363,GC1_SEP3,5,-1.285714285714,4.0,-0.142857142857
18000642816,GC1_SEP3,6,-0.869047619048,4.0,-0.086904761905
18019135360,GC5_SEP3,4,-0.596153846154,4.0,-0.074519230769
18052334300,GC3_SEP3,5,1.924996027332,4.0,0.213888447481
18080791817,GC7_SEP3,3,0.500000000000,4.0,0.071428571429
18111016576,GC5_SEP3,6,-0.596153846154,4.0,-0.059615384615
18119259103,GC3_SEP3,6,-0.015480163144,4.0,-0.001548016314
18119377663,GC2_SEP3,6,0.519047619048,4.0,0.051904761905
18187350269,GC1_SEP3,6,0.464285714286,4.0,0.046428571429
18189910475,GC3_SEP3,6,0.067853170189,4.0,0.006785317019
18199884231,GC2_SEP3,7,-0.880952380952,4.0,-0.080086580087
18245250090,GC6_SEP3,5,-0.228571428571,4.0,-0.025396825397
18253468668,GC2_SEP3,5,2.219047619048,4.0,0.246560846561
18266196988,GC1_SEP4,7,1.916666666667,4.0,0.174242424242
18299813921,GC4_SEP4,5,-0.745718050066,4.0,-0.082857561118
18316793848,GC4_SEP4,5,-0.745718050066,4.0,-0.082857561118
18455232512,GC2_SEP4,5,0.615384615385,4.0,0.068376068376
18455470963,GC3_SEP4,3,-0.263157894737,4.0,-0.037593984962
18470698159,GC3_SEP4,5,-0.826649958229,4.0,-0.091849995359
18509428912,GC3_SEP4,5,1.173350041771,4.0,0.130372226863
18530576386,GC5_SEP5,5,0.714285714286,4.0,0.079365079365
18578703067,GC6_SEP5,3,-0.200000000000,4.0,-0.028571428571
18580826683,GC5_SEP5,4,-0.285714285714,4.0,-0.035714285714
18588419070,GC2_SEP5,7,-0.528571428571,4.0,-0.048051948052
18642764784,GC2_SEP5,7,-0.385714285714,4.0,-0.035064935065
18656251005,GC3_SEP5,5,-0.187719298246,4.0,-0.020857699805
18694969782,GC11_SEP5,4,0.000000000000,4.0,0.000000000000
18756919239,GC3_SEP5,6,-0.187719298246,4.0,-0.018771929825
18790479555,GC2_SEP5,7,0.138095238095,4.0,0.012554112554
18792514311,GC2_SEP6,6,0.800000000000,4.0,0.080000000000
18801500795,GC7_SEP6,5,0.500000000000,4.0,0.055555555556
18808228274,GC6_SEP6,3,0.800000000000,4.0,0.114285714286
18812304704,GC4_SEP6,5,-0.253968253968,4.0,-0.028218694885
18890096750,GC5_SEP6,5,-0.396491228070,4.0,-0.044054580897
18924041727,GC5_SEP6,8,0.381286549708,4.0,0.031773879142
19002687517,GC6_SEP6,3,-0.200000000000,4.0,-0.028571428571
19058128883,GC1_SEP6,9,-0.500000000000,4.0,-0.038461538462
19062079247,GC0_SEP7,7,-2.000000000000,4.0,-0.181818181818
19113168835,GC1_SEP7,5,-1.333333333333,4.0,-0.148148148148
19127602695,GC5_SEP7,4,-0.388888888889,4.0,-0.048611111111
19159711171,GC4_SEP7,4,0.065384615385,4.0,0.008173076923
19210857602,GC7_SEP7,3,0.000000000000,4.0,0.000000000000
19268730571,GC5_SEP7,4,-0.444444444444,4.0,-0.055555555556
19314768894,GC2_SEP7,7,1.216666666667,4.0,0.110606060606
19338731528,GC6_SEP8,4,1.333333333333,4.0,0.166666666667
19346227715,GC3_SEP8,5,0.362500000000,4.0,0.040277777778
19377733762,GC2_SEP8,6,0.757575757576,4.0,0.075757575758
19380880072,GC2_SEP8,5,-0.909090909091,4.0,-0.101010101010
19457583832,GC6_SEP8,3,-0.333333333333,4.0,-0.047619047619
19461358667,GC4_SEP8,5,0.444444444444,4.0,0.049382716049
19542335487,GC3_SEP8,6,0.251388888889,4.0,0.025138888889
19583213615,GC3_SEP8,5,-0.637500000000,4.0,-0.070833333333
19592557567,GC2_SEP8,5,0.090909090909,4.0,0.010101010101
19597688819,GC1_SEP9,7,1.000000000000,4.0,0.090909090909
19608929283,GC3_SEP9,5,-0.784523809524,4.0,-0.087169312169
19615467980,GC5_SEP9,3,-0.100000000000,4.0,-0.014285714286
19797172835,GC4_SEP9,3,-0.250000000000,4.0,-0.035714285714
19798965600,GC4_SEP9,4,-0.416666666667,4.0,-0.052083333333
19854905341,GC3_SEP9,6,-0.391666666667,4.0,-0.039166666667
19864301584,GC2_SEP10,6,0.800000000000,4.0,0.080000000000
19906035507,GC3_SEP10,4,-1.000000000000,4.0,-0.125000000000
19998428851,GC3_SEP10,4,-0.000000000000,4.0,-0.000000000000
20065601532,GC1_SEP10,5,1.171428571429,4.0,0.130158730159
20066296832,GC4_SEP10,5,0.809090909091,4.0,0.089898989899
20102259455,GC3_SEP10,5,-0.250000000000,4.0,-0.027777777778
20127882748,GC4_SEP10,6,-0.190909090909,4.0,-0.019090909091
20129197373,GC4_SEP10,3,-0.090909090909,4.0,-0.012987012987
20132888625,GC2_SEP1,4,1.540000000000,4.0,0.192500000000
20134792577,GC5_SEP1,5,-0.495169082126,4.0,-0.055018786903
20166938656,GC4_SEP1,5,-0.587962962963,4.0,-0.065329218107
20231175553,GC6_SEP1,4,-0.276190476190,4.0,-0.034523809524
20233265147,GC4_SEP1,7,0.412037037037,4.0,0.037457912458
20262646273,GC5_SEP1,5,-0.384057971014,4.0,-0.042673107890
20264746878,GC5_SEP1,7,1.504830917874,4.0,0.136802810716
20266073989,GC5_SEP1,4,0.615942028986,4.0,0.076992753623
20319268864,GC3_SEP1,5,-0.294814814815,4.0,-0.032757201646
20355421983,GC6_SEP1,4,-0.276190476190,4.0,-0.034523809524
20367532017,GC3_SEP1,7,-0.461481481481,4.0,-0.041952861953
20384837940,GC3_SEP1,5,1.038518518519,4.0,0.115390946502
20392574300,GC5_SEP1,7,0.504830917874,4.0,0.045893719807
20400558047,GC2_SEP1,7,-0.631428571429,4.0,-0.057402597403
20412700682,GC6_SEP2,4,-0.200000000000,4.0,-0.025000000000
20412747776,GC3_SEP2,6,0.706349206349,4.0,0.070634920635
20452945916,GC3_SEP2,3,-0.571428571429,4.0,-0.081632653061
20599259319,GC3_SEP2,5,-0.293650793651,4.0,-0.032627865961
20665537260,GC3_SEP2,4,-0.182539682540,4.0,-0.022817460317
20669591164,GC3_SEP3,5,-1.075003972668,4.0,-0.119444885852
20682162944,GC0_SEP3,8,0.750000000000,4.0,0.062500000000
20769636221,GC6_SEP3,5,-0.228571428571,4.0,-0.025396825397
20849888083,GC5_SEP3,5,-0.096153846154,4.0,-0.010683760684
20858278919,GC5_SEP3,5,1.403846153846,4.0,0.155982905983
20921198128,GC3_SEP3,4,-0.932146829811,4.0,-0.116518353726
20935823359,GC2_SEP3,7,0.319047619048,4.0,0.029004329004
20963600920,GC8_SEP4,4,-0.250000000000,4.0,-0.031250000000
21069822205,GC5_SEP4,5,-0.181818181818,4.0,-0.020202020202
21118353854,GC6_SEP4,4,-0.326923076923,4.0,-0.040865384615
21140911447,GC8_SEP4,3,0.750000000000,4.0,0.107142857143
21151789296,GC3_SEP4,4,-0.540935672515,4.0,-0.067616959064
21206465567,GC1_SEP5,4,-0.166666666667,4.0,-0.020833333333
21420801823,GC3_SEP5,4,-0.087719298246,4.0,-0.010964912281
21429534780,GC2_SEP5,5,0.380952380952,4.0,0.042328042328
21458108431,GC0_SEP5,6,0.000000000000,4.0,0.000000000000
21472211084,GC3_SEP5,6,-1.187719298246,4.0,-0.118771929825
21474835455,GC1_SEP5,8,1.166666666667,4.0,0.097222222222
21592378615,GC4_SEP6,3,-0.111111111111,4.0,-0.015873015873
21611282622,GC5_SEP6,7,1.381286549708,4.0,0.125571504519
21625175103,GC3_SEP6,5,-0.958333333333,4.0,-0.106481481481
21657288664,GC5_SEP6,3,-0.263157894737,4.0,-0.037593984962
21743263807,GC1_SEP6,7,1.500000000000,4.0,0.136363636364
21751923695,GC3_SEP7,4,-0.100000000000,4.0,-0.012500000000
21757951455,GC3_SEP7,4,1.900000000000,4.0,0.237500000000
21776828896,GC4_SEP7,5,-0.184615384615,4.0,-0.020512820513
21802573978,GC7_SEP7,3,0.000000000000,4.0,0.000000000000
21810331135,GC1_SEP7,8,1.616666666667,4.0,0.134722222222
21861760895,GC2_SEP7,7,1.133333333333,4.0,0.103030303030
21976020268,GC6_SEP7,4,0.000000000000,4.0,0.000000000000
22010928495,GC5_SEP7,4,-0.444444444444,4.0,-0.055555555556
22012241964,GC4_SEP8,6,1.344444444444,4.0,0.134444444444
22056534018,GC4_SEP8,7,-0.655555555556,4.0,-0.059595959596
22063055044,GC2_SEP8,4,-0.909090909091,4.0,-0.113636363636
22064136303,GC3_SEP8,4,0.362500000000,4.0,0.045312500000
22124438198,GC9_SEP8,4,0.000000000000,4.0,0.000000000000
22145859711,GC2_SEP8,7,0.090909090909,4.0,0.008264462810
22174625148,GC8_SEP8,4,0.000000000000,4.0,0.000000000000
22225485627,GC3_SEP8,5,-0.748611111111,4.0,-0.083179012346
22246596616,GC3_SEP8,6,1.251388888889,4.0,0.125138888889
22279582151,GC4_SEP8,5,-0.655555555556,4.0,-0.072839506173
22280684323,GC3_SEP9,5,-0.641666666667,4.0,-0.071296296296
22292525184,GC2_SEP9,7,-0.325000000000,4.0,-0.029545454545
22313720839,GC4_SEP9,6,0.083333333333,4.0,0.008333333333
22327099327,GC3_SEP9,4,-0.641666666667,4.0,-0.080208333333
22365076246,GC6_SEP9,3,-0.111111111111,4.0,-0.015873015873
22394565744,GC6_SEP9,3,-0.111111111111,4.0,-0.015873015873
22417475631,GC5_SEP9,6,-0.633333333333,4.0,-0.063333333333
22481324031,GC3_SEP9,6,0.965476190476,4.0,0.096547619048
22483566280,GC3_SEP9,4,0.358333333333,4.0,0.044791666667
22506492691,GC5_SEP9,3,0.900000000000,4.0,0.128571428571
22548407387,GC7_SEP9,4,-0.500000000000,4.0,-0.062500000000
22549311884,GC3_SEP1,3,-0.481481481481,4.0,-0.068783068783
22549577600,GC1_SEP1,6,-0.333333333333,4.0,-0.033333333333
22582177024,GC4_SEP1,5,0.523148148148,4.0,0.058127572016
22594718384,GC4_SEP1,4,0.523148148148,4.0,0.065393518519
22598874111,GC2_SEP1,6,0.440000000000,4.0,0.044000000000
22681942026,GC5_SEP1,4,-0.328502415459,4.0,-0.041062801932
22682804354,GC4_SEP1,8,1.412037037037,4.0,0.117669753086
22804389835,GC3_SEP1,5,-0.294814814815,4.0,-0.032757201646
22813622079,GC0_SEP1,8,1.916666666667,4.0,0.159722222222
22813881344,GC2_SEP1,5,-0.460000000000,4.0,-0.051111111111
22817541760,GC3_SEP2,6,-0.626984126984,4.0,-0.062698412698
22820220880,GC2_SEP2,6,-0.816666666667,4.0,-0.081666666667
22833127359,GC4_SEP2,5,0.401844532279,4.0,0.044649392475
22850711562,GC4_SEP2,6,-0.590579710145,4.0,-0.059057971014
22883997744,GC3_SEP2,4,-1.182539682540,4.0,-0.147817460317
23070411552,GC6_SEP2,6,0.800000000000,4.0,0.080000000000
23072014351,GC0_SEP2,8,0.333333333333,4.0,0.027777777778
23085980674,GC3_SEP3,6,-0.348813496478,4.0,-0.034881349648
23086444031,GC2_SEP3,5,1.619047619048,4.0,0.179894179894
23087542273,GC2_SEP3,7,1.019047619048,4.0,0.092640692641
23186108511,GC4_SEP3,6,1.150000000000,4.0,0.115000000000
23217340279,GC5_SEP3,6,0.403846153846,4.0,0.040384615385
23217512446,GC4_SEP3,7,0.150000000000,4.0,0.013636363636
23219945470,GC3_SEP3,7,2.508329360665,4.0,0.228029941879
23292575776,GC5_SEP3,4,0.653846153846,4.0,0.081730769231
23318222463,GC6_SEP3,4,0.771428571429,4.0,0.096428571429
23333472126,GC6_SEP3,3,-0.095238095238,4.0,-0.013605442177
23347281917,GC4_SEP3,3,-0.350000000000,4.0,-0.050000000000
23351183099,GC6_SEP3,3,-0.095238095238,4.0,-0.013605442177
23351656320,GC3_SEP3,7,-0.075003972668,4.0,-0.006818542970
23353218909,GC7_SEP3,6,1.000000000000,4.0,0.100000000000
23354147010,GC2_SEP4,5,1.365384615385,4.0,0.151709401709
23358013487,GC1_SEP4,7,0.250000000000,4.0,0.022727272727
23370629118,GC2_SEP4,6,0.615384615385,4.0,0.061538461538
23403989039,GC4_SEP4,6,-0.745718050066,4.0,-0.074571805007
23454794508,GC2_SEP4,5,0.615384615385,4.0,0.068376068376
23553168700,GC5_SEP4,3,-0.181818181818,4.0,-0.025974025974
23609425088,GC1_SEP4,6,0.583333333333,4.0,0.058333333333
23609731709,GC5_SEP4,6,0.818181818182,4.0,0.081818181818
23616107201,GC5_SEP4,3,-0.181818181818,4.0,-0.025974025974
23642425404,GC3_SEP5,3,-0.666666666667,4.0,-0.095238095238
23874191343,GC1_SEP5,6,-0.833333333333,4.0,-0.083333333333
23890870283,GC2_SEP6,7,1.800000000000,4.0,0.163636363636
23893392904,GC4_SEP6,7,0.746031746032,4.0,0.067821067821
23894935356,GC1_SEP6,5,-1.166666666667,4.0,-0.129629629630
23908764300,GC6_SEP6,4,-0.200000000000,4.0,-0.025000000000
23927394292,GC3_SEP6,4,0.104166666667,4.0,0.013020833333
24037558283,GC3_SEP6,6,-0.038690476190,4.0,-0.003869047619
24092790720,GC2_SEP6,5,-1.200000000000,4.0,-0.133333333333
24143458293,GC3_SEP6,5,0.961309523810,4.0,0.106812169312
24150614000,GC3_SEP6,5,-1.020833333333,4.0,-0.113425925926
24159289864,GC4_SEP7,6,-0.184615384615,4.0,-0.018461538462
24159596523,GC5_SEP7,3,0.722222222222,4.0,0.103174603175
24161044475,GC4_SEP7,6,1.065384615385,4.0,0.106538461538
24161287687,GC3_SEP7,5,0.788888888889,4.0,0.087654320988
24189108264,GC5_SEP7,5,0.555555555556,4.0,0.061728395062
24211929283,GC4_SEP7,4,-0.550000000000,4.0,-0.068750000000
24260593091,GC6_SEP7,3,0.000000000000,4.0,0.000000000000
24297209661,GC4_SEP7,4,0.200000000000,4.0,0.025000000000
24388764396,GC5_SEP7,5,0.444444444444,4.0,0.049382716049
24410882240,GC1_SEP7,7,-1.383333333333,4.0,-0.125757575758
24478154819,GC1_SEP8,5,-0.333333333333,4.0,-0.037037037037
24541146559,GC6_SEP8,4,-0.666666666667,4.0,-0.083333333333
24558499837,GC3_SEP8,5,0.251388888889,4.0,0.027932098765
24602679915,GC10_SEP8,3,0.000000000000,4.0,0.000000000000
24617156800,GC2_SEP8,5,0.090909090909,4.0,0.010101010101
24628693999,GC3_SEP8,8,0.251388888889,4.0,0.020949074074
24634173519,GC5_SEP8,3,0.000000000000,4.0,0.000000000000
24658592527,GC3_SEP8,4,-0.637500000000,4.0,-0.079687500000
24681247693,GC3_SEP8,5,-0.748611111111,4.0,-0.083179012346
24696097199,GC5_SEP1,4,-0.384057971014,4.0,-0.048007246377
24698932076,GC5_SEP1,3,0.782608695652,4.0,0.111801242236
24720246039,GC7_SEP1,6,-0.333333333333,4.0,-0.033333333333
24890098017,GC7_SEP1,3,0.000000000000,4.0,0.000000000000
24950878184,GC3_SEP1,4,0.038518518519,4.0,0.004814814815
24956105601,GC3_SEP1,4,0.038518518519,4.0,0.004814814815
24966578017,GC5_SEP2,6,0.097069597070,4.0,0.009706959707
24967383808,GC2_SEP2,7,1.266666666667,4.0,0.115151515152
24967643963,GC1_SEP2,6,-1.166666666667,4.0,-0.116666666667
24972840951,GC3_SEP2,7,0.817460317460,4.0,0.074314574315
24977060363,GC4_SEP2,6,-0.590579710145,4.0,-0.059057971014
25166481581,GC6_SEP2,4,-0.200000000000,4.0,-0.025000000000
25188750327,GC6_SEP2,4,0.800000000000,4.0,0.100000000000
25202703808,GC4_SEP2,4,-0.507246376812,4.0,-0.063405797101
25228945538,GC4_SEP2,4,0.583333333333,4.0,0.072916666667
25229460227,GC1_SEP2,8,0.833333333333,4.0,0.069444444444
25229775871,GC1_SEP2,6,-1.166666666667,4.0,-0.116666666667
25238961393,GC4_SEP3,4,-0.600000000000,4.0,-0.075000000000
25241014143,GC4_SEP3,5,-0.600000000000,4.0,-0.066666666667
25250532059,GC6_SEP3,4,-0.228571428571,4.0,-0.028571428571
25258098096,GC4_SEP3,4,0.400000000000,4.0,0.050000000000
25369379006,GC5_SEP3,7,0.403846153846,4.0,0.036713286713
25438444543,GC2_SEP3,7,0.319047619048,4.0,0.029004329004
25440501999,GC4_SEP3,4,-0.600000000000,4.0,-0.075000000000
25441562032,GC6_SEP3,3,-0.095238095238,4.0,-0.013605442177
25468600363,GC3_SEP3,5,-0.075003972668,4.0,-0.008333774741
25497493501,GC3_SEP3,5,-0.075003972668,4.0,-0.008333774741
25498025495,GC3_SEP3,4,0.067853170189,4.0,0.008481646274
25502089230,GC2_SEP4,6,-0.384615384615,4.0,-0.038461538462
25503474208,GC4_SEP4,6,0.111424807077,4.0,0.011142480708
25567493887,GC1_SEP4,6,-0.750000000000,4.0,-0.075000000000
25624951903,GC7_SEP4,4,0.000000000000,4.0,0.000000000000
25677467536,GC5_SEP4,3,-0.181818181818,4.0,-0.025974025974
25756807872,GC4_SEP4,5,0.420948616601,4.0,0.046772068511
25769814912,GC3_SEP5,6,0.812280701754,4.0,0.081228070175
25794486784,GC6_SEP5,3,-0.200000000000,4.0,-0.028571428571
25858932931,GC4_SEP5,3,1.538461538462,4.0,0.219780219780
25862171656,GC7_SEP5,4,0.000000000000,4.0,0.000000000000
25967189763,GC2_SEP5,4,-0.885714285714,4.0,-0.110714285714
26021573371,GC4_SEP5,5,0.538461538462,4.0,0.059829059829
26036928495,GC3_SEP5,4,-0.087719298246,4.0,-0.010964912281
26038227122,GC3_SEP5,4,-0.087719298246,4.0,-0.010964912281
26058885665,GC6_SEP6,3,-0.200000000000,4.0,-0.028571428571
26163935087,GC6_SEP6,6,-0.200000000000,4.0,-0.020000000000
26168373631,GC5_SEP6,4,-0.396491228070,4.0,-0.049561403509
26238516687,GC3_SEP6,6,0.836309523810,4.0,0.083630952381
26239688659,GC3_SEP6,5,-0.038690476190,4.0,-0.004298941799
26273112062,GC3_SEP6,6,2.836309523810,4.0,0.283630952381
26279410639,GC4_SEP6,4,-0.253968253968,4.0,-0.031746031746
26286261472,GC5_SEP6,4,0.736842105263,4.0,0.092105263158
26307524786,GC3_SEP7,4,-1.100000000000,4.0,-0.137500000000
26363085180,GC4_SEP7,4,0.065384615385,4.0,0.008173076923
26438406156,GC5_SEP7,3,-0.277777777778,4.0,-0.039682539683
26525593407,GC3_SEP7,6,-0.461111111111,4.0,-0.046111111111
26541555111,GC5_SEP7,6,1.444444444444,4.0,0.144444444444
26575335935,GC2_SEP1,7,-1.781428571429,4.0,-0.161948051948
26577404464,GC2_SEP1,6,0.468571428571,4.0,0.046857142857
26587889698,GC2_SEP1,7,0.368571428571,4.0,0.033506493506
26610893344,GC5_SEP1,6,0.504830917874,4.0,0.050483091787
26642022335,GC1_SEP1,6,1.666666666667,4.0,0.166666666667
26711627912,GC6_SEP1,5,0.723809523810,4.0,0.080423280423
26789022419,GC3_SEP1,5,0.038518518519,4.0,0.004279835391
26835107872,GC3_SEP1,5,-0.961481481481,4.0,-0.106831275720
26841447472,GC1_SEP1,7,-0.333333333333,4.0,-0.030303030303
26845929986,GC6_SEP2,4,-0.200000000000,4.0,-0.025000000000
26893715456,GC4_SEP2,5,-0.507246376812,4.0,-0.056360708535
26894966784,GC3_SEP2,7,-1.293650793651,4.0,-0.117604617605
26926969217,GC5_SEP2,4,0.404761904762,4.0,0.050595238095
26946314242,GC5_SEP2,6,0.097069597070,4.0,0.009706959707
26975657855,GC4_SEP2,8,3.318511198946,4.0,0.276542599912
27044859703,GC2_SEP2,6,-0.733333333333,4.0,-0.073333333333
27102806527,GC3_SEP2,6,-0.182539682540,4.0,-0.018253968254
27113028860,GC0_SEP3,8,-0.750000000000,4.0,-0.062500000000
27115244848,GC2_SEP3,5,0.219047619048,4.0,0.024338624339
27116045216,GC3_SEP3,6,-1.158337306001,4.0,-0.115833730600
27119081988,GC7_SEP3,4,-1.000000000000,4.0,-0.125000000000
27233689469,GC6_SEP3,6,0.771428571429,4.0,0.077142857143
27245420543,GC3_SEP3,8,0.841662693999,4.0,0.070138557833
27249734662,GC6_SEP3,4,-0.228571428571,4.0,-0.028571428571
27254538111,GC3_SEP3,5,-1.015480163144,4.0,-0.112831129238
27262967974,GC6_SEP3,4,-0.228571428571,4.0,-0.028571428571
27360775671,GC6_SEP3,4,-0.228571428571,4.0,-0.028571428571
27447520572,GC2_SEP4,5,-1.384615384615,4.0,-0.153846153846
27460944846,GC2_SEP4,6,-0.884615384615,4.0,-0.088461538462
27572355394,GC5_SEP4,4,-0.181818181818,4.0,-0.022727272727
27598717986,GC4_SEP4,4,-0.579051383399,4.0,-0.072381422925
27648327419,GC3_SEP4,5,0.173350041771,4.0,0.019261115752
27661435552,GC3_SEP5,5,0.812280701754,4.0,0.090253411306
27684241359,GC3_SEP5,4,1.912280701754,4.0,0.239035087719
27702000579,GC4_SEP5,4,-0.461538461538,4.0,-0.057692307692
27716718541,GC4_SEP5,4,-0.461538461538,4.0,-0.057692307692
27808170035,GC3_SEP5,3,1.333333333333,4.0,0.190476190476
27868182495,GC6_SEP5,4,-0.200000000000,4.0,-0.025000000000
27883598598,GC4_SEP5,5,0.538461538462,4.0,0.059829059829
27914144768,GC1_SEP5,10,0.166666666667,4.0,0.011904761905
27917417644,GC3_SEP6,5,0.104166666667,4.0,0.011574074074
27925923970,GC4_SEP6,7,-0.253968253968,4.0,-0.023088023088
27934615687,GC7_SEP6,3,0.000000000000,4.0,0.000000000000
27938504959,GC2_SEP6,4,0.000000000000,4.0,0.000000000000
28044378108,GC3_SEP6,3,-0.833333333333,4.0,-0.119047619048
28100443257,GC9_SEP6,3,0.000000000000,4.0,0.000000000000
28118843383,GC2_SEP6,8,-1.200000000000,4.0,-0.100000000000
28143530999,GC3_SEP6,5,-0.020833333333,4.0,-0.002314814815
28185854915,GC1_SEP1,7,0.666666666667,4.0,0.060606060606
28201648967,GC2_SEP1,3,1.040000000000,4.0,0.148571428571
28354556864,GC3_SEP1,4,1.038518518519,4.0,0.129814814815
28371045633,GC4_SEP1,4,-0.476851851852,4.0,-0.059606481481
28416311988,GC7_SEP1,3,0.000000000000,4.0,0.000000000000
28440542194,GC2_SEP1,7,-1.631428571429,4.0,-0.148311688312
28443150032,GC6_SEP1,5,-0.276190476190,4.0,-0.030687830688
28453646335,GC2_SEP1,7,1.218571428571,4.0,0.110779220779
28454155251,GC0_SEP1,9,-1.416666666667,4.0,-0.108974358974
28454203634,GC2_SEP2,7,-0.566666666667,4.0,-0.051515151515
28454291712,GC3_SEP2,7,1.373015873016,4.0,0.124819624820
28462552816,GC4_SEP2,4,0.492753623188,4.0,0.061594202899
28463460872,GC4_SEP2,6,0.318511198946,4.0,0.031851119895
28486746140,GC4_SEP2,6,-0.681488801054,4.0,-0.068148880105
28505489323,GC3_SEP2,5,0.817460317460,4.0,0.090828924162
28523102980,GC3_SEP2,4,-1.182539682540,4.0,-0.147817460317
28523631808,GC5_SEP2,6,-0.902930402930,4.0,-0.090293040293
28592603144,GC4_SEP2,10,1.318511198946,4.0,0.094179371353
28658458593,GC6_SEP2,5,-0.200000000000,4.0,-0.022222222222
28663090239,GC2_SEP2,4,0.600000000000,4.0,0.075000000000
28664131592,GC2_SEP2,5,1.433333333333,4.0,0.159259259259
28668231616,GC2_SEP2,4,-0.400000000000,4.0,-0.050000000000
28714778448,GC5_SEP2,3,-0.166666666667,4.0,-0.023809523810
28723692048,GC3_SEP3,4,0.067853170189,4.0,0.008481646274
28728225825,GC6_SEP3,5,-0.228571428571,4.0,-0.025396825397
28763290635,GC4_SEP3,4,-0.600000000000,4.0,-0.075000000000
28782103614,GC2_SEP3,7,-1.480952380952,4.0,-0.134632034632
28891379196,GC5_SEP3,3,0.653846153846,4.0,0.093406593407
28912364606,GC5_SEP3,3,-0.346153846154,4.0,-0.049450549451
28931062528,GC3_SEP3,4,-0.932146829811,4.0,-0.116518353726
28937597443,GC3_SEP3,8,-0.491670639335,4.0,-0.040972553278
28980534269,GC5_SEP3,4,-0.596153846154,4.0,-0.074519230769
29020374795,GC4_SEP4,4,-0.579051383399,4.0,-0.072381422925
29055909932,GC3_SEP4,5,0.173350041771,4.0,0.019261115752
29058460662,GC6_SEP4,3,-0.076923076923,4.0,-0.010989010989
29104275839,GC4_SEP4,5,0.278091473744,4.0,0.030899052638
29124902768,GC5_SEP4,3,-0.181818181818,4.0,-0.025974025974
29135782077,GC5_SEP4,3,-0.181818181818,4.0,-0.025974025974
29171353372,GC6_SEP4,4,-0.326923076923,4.0,-0.040865384615
29181004768,GC6_SEP4,3,-0.076923076923,4.0,-0.010989010989
29192027527,GC6_SEP4,5,0.530219780220,4.0,0.058913308913
29194910784,GC4_SEP4,5,0.254281949934,4.0,0.028253549993
29248980608,GC5_SEP4,4,0.818181818182,4.0,0.102272727273
29256835070,GC4_SEP4,6,2.111424807077,4.0,0.211142480708
29257759743,GC4_SEP4,5,-0.721908526256,4.0,-0.080212058473
29310811639,GC3_SEP5,7,0.612280701754,4.0,0.055661881978
29319229643,GC2_SEP5,6,-1.285714285714,4.0,-0.128571428571
29460928178,GC6_SEP5,3,-0.200000000000,4.0,-0.028571428571
29489696130,GC7_SEP5,3,0.000000000000,4.0,0.000000000000
29516495997,GC5_SEP5,5,-0.285714285714,4.0,-0.031746031746
29524033503,GC2_SEP5,6,0.471428571429,4.0,0.047142857143
29525039100,GC5_SEP5,5,-0.285714285714,4.0,-0.031746031746
29530045960,GC4_SEP1,5,-0.476851851852,4.0,-0.052983539095
29530948291,GC4_SEP1,4,-0.476851851852,4.0,-0.059606481481
29630797814,GC8_SEP1,3,0.000000000000,4.0,0.000000000000
29671031304,GC5_SEP1,6,0.504830917874,4.0,0.050483091787
29715596290,GC3_SEP1,4,0.038518518519,4.0,0.004814814815
29729366048,GC3_SEP1,6,-0.128148148148,4.0,-0.012814814815
29732290336,GC4_SEP1,4,-0.476851851852,4.0,-0.059606481481
29783555279,GC0_SEP1,8,-0.083333333333,4.0,-0.006944444444
29832887808,GC5_SEP2,4,-0.474358974359,4.0,-0.059294871795
29843008522,GC5_SEP2,6,-0.902930402930,4.0,-0.090293040293
29896941565,GC4_SEP2,8,-0.681488801054,4.0,-0.056790733421
29914329084,GC4_SEP2,4,-0.507246376812,4.0,-0.063405797101
29930520063,GC3_SEP2,9,3.373015873016,4.0,0.259462759463
29936173238,GC8_SEP2,5,0.000000000000,4.0,0.000000000000
30061043456,GC2_SEP2,6,-0.816666666667,4.0,-0.081666666667
30066835650,GC3_SEP3,5,-1.075003972668,4.0,-0.119444885852
30117233347,GC3_SEP3,5,-1.015480163144,4.0,-0.112831129238
30136086561,GC4_SEP3,6,1.150000000000,4.0,0.115000000000
30140260173,GC5_SEP3,5,0.403846153846,4.0,0.044871794872
30224368664,GC7_SEP3,3,-0.500000000000,4.0,-0.071428571429
30227311744,GC5_SEP3,4,-0.346153846154,4.0,-0.043269230769
30265787136,GC3_SEP3,4,-0.932146829811,4.0,-0.116518353726
30266813215,GC5_SEP3,3,-0.346153846154,4.0,-0.049450549451
30333377535,GC4_SEP4,4,0.420948616601,4.0,0.052618577075
30370397952,GC3_SEP4,4,-0.540935672515,4.0,-0.067616959064
30386733476,GC4_SEP4,4,-0.579051383399,4.0,-0.072381422925
30430007218,GC6_SEP4,3,-0.076923076923,4.0,-0.010989010989
30534819636,GC4_SEP4,5,-0.745718050066,4.0,-0.082857561118
30580655605,GC6_SEP4,3,-0.076923076923,4.0,-0.010989010989
30599511519,GC4_SEP4,7,1.111424807077,4.0,0.101038618825
30668234930,GC4_SEP1,6,-0.476851851852,4.0,-0.047685185185
30720130441,GC5_SEP1,3,-0.217391304348,4.0,-0.031055900621
30804751095,GC4_SEP1,4,-0.476851851852,4.0,-0.059606481481
30870523132,GC2_SEP2,5,0.433333333333,4.0,0.048148148148
30920470720,GC0_SEP2,8,-0.666666666667,4.0,-0.055555555556
31003716607,GC4_SEP2,5,-0.598155467721,4.0,-0.066461718636
31117213567,GC5_SEP2,4,-0.474358974359,4.0,-0.059294871795
31137989432,GC2_SEP2,5,-0.566666666667,4.0,-0.062962962963
31157375996,GC3_SEP3,4,0.067853170189,4.0,0.008481646274
31180980746,GC6_SEP3,6,-0.228571428571,4.0,-0.022857142857
31184617471,GC3_SEP3,4,2.067853170189,4.0,0.258481646274
31185473520,GC2_SEP3,5,-0.380952380952,4.0,-0.042328042328
31268741298,GC4_SEP3,5,0.650000000000,4.0,0.072222222222
31272935936,GC3_SEP3,7,-0.491670639335,4.0,-0.044697330849
31273288200,GC5_SEP3,7,2.403846153846,4.0,0.218531468531
31335367470,GC5_SEP3,4,-0.346153846154,4.0,-0.043269230769
31336434435,GC2_SEP3,6,0.519047619048,4.0,0.051904761905
31394831792,GC5_SEP3,4,0.403846153846,4.0,0.050480769231
31403307005,GC4_SEP3,6,0.150000000000,4.0,0.015000000000
31404212220,GC3_SEP3,6,-0.265480163144,4.0,-0.026548016314
31406928861,GC3_SEP3,4,0.432795698925,4.0,0.054099462366
31453774559,GC6_SEP1,4,-0.466666666667,4.0,-0.058333333333
31457288688,GC2_SEP1,6,1.268571428571,4.0,0.126857142857
31611904015,GC3_SEP1,5,0.038518518519,4.0,0.004279835391
31615613951,GC3_SEP1,5,1.871851851852,4.0,0.207983539095
31616610301,GC3_SEP1,6,0.038518518519,4.0,0.003851851852
31621058071,GC3_SEP1,4,-0.481481481481,4.0,-0.060185185185
31640764595,GC3_SEP1,5,-1.128148148148,4.0,-0.125349794239
31668076991,GC5_SEP1,4,-0.384057971014,4.0,-0.048007246377
31674338035,GC2_SEP1,6,-1.631428571429,4.0,-0.163142857143
31675710468,GC2_SEP2,4,0.600000000000,4.0,0.075000000000
31709713351,GC4_SEP2,3,-0.333333333333,4.0,-0.047619047619
31792771839,GC3_SEP2,5,0.817460317460,4.0,0.090828924162
31808488067,GC4_SEP2,4,-0.507246376812,4.0,-0.063405797101
31809068919,GC5_SEP2,7,1.097069597070,4.0,0.099733599734
31809610249,GC5_SEP2,4,-0.474358974359,4.0,-0.059294871795
31893011457,GC3_SEP2,5,-1.182539682540,4.0,-0.131393298060
31904981505,GC7_SEP2,4,0.000000000000,4.0,0.000000000000
31944859645,GC2_SEP1,8,1.118571428571,4.0,0.093214285714
31961051388,GC3_SEP1,4,0.038518518519,4.0,0.004814814815
31994004593,GC5_SEP1,4,-0.384057971014,4.0,-0.048007246377
32026918783,GC2_SEP1,5,-0.560000000000,4.0,-0.062222222222
32084366064,GC6_SEP1,3,-0.133333333333,4.0,-0.019047619048
32145891466,GC6_SEP1,4,0.723809523810,4.0,0.090476190476
32176602940,GC2_SEP1,6,-0.731428571429,4.0,-0.073142857143
32178099775,GC6_SEP1,4,0.533333333333,4.0,0.066666666667
32209538015,GC6_SEP1,3,-0.133333333333,4.0,-0.019047619048
32212187150,GC3_SEP1,5,-0.961481481481,4.0,-0.106831275720
