token_id_uint64,masked_pattern,fixed_base_entropy,entropy_bin,max_literal_run,max_run_bin
6291630,NNGTGGAAAAAAGCAA,1.521640636343,E2,6,R2
17297444,NNACGAAATTTCAACA,1.724407817863,E3,3,R1
29641930,NNGGATATACACATCA,1.877387064297,E3,2,R0
69757063,NNTCAGAGGCAGGAAC,1.809200032698,E3,2,R0
70506359,NNTCTCTCCTTATAAC,1.530618994849,E2,2,R0
88041475,NNTAAAAGGCTTTACC,1.924174352300,E3,4,R1
97534079,NNTTTCAAACAACTCC,1.577406282852,E2,3,R1
120618484,NNACTTCTTCAATATC,1.556656707463,E2,2,R0
130842567,NNTCATTTTCATATTC,1.413799564606,E2,4,R1
131951055,NNTTATCGGCCTCTTC,1.727396673574,E3,2,R0
234341936,NNAATAGCATTCTTCT,1.788450457308,E3,2,R0
241956994,NNGAAGAGTTTGGCGT,1.788450457308,E3,3,R1
264672105,NNCGGCTACGGCATTT,1.950212064915,E3,3,R1
268644556,NANTATAATATAAAAA,0.863120568567,E1,5,R2
302090371,NTNAAGAGAGCAAAGA,1.521640636343,E2,3,R1
318868486,NGNCAAATAGCAAATA,1.664497779200,E3,3,R1
336642824,NANGAATAATAACAAC,1.483831706845,E2,2,R0
367001121,NCNAGAGTTTTTCTCC,1.842370993177,E3,5,R2
469770370,NGNAAGAAGAAAAAAT,1.094914318412,E1,6,R2
571276302,NGTNAAATTTATAAGA,1.431560284283,E2,3,R1
666892255,NTTNCTTCTTTTTGTC,1.094914318412,E1,5,R2
668991167,NTTNTGGTTTTTCTTC,1.148834854281,E1,5,R2
724741631,NTTNTTCTGGGATATG,1.689391746743,E3,3,R1
770966180,NACNGGGAAAACTTCT,1.959190423420,E3,4,R1
788707313,NCANTTTCTGGAAATT,1.842370993177,E3,3,R1
791804943,NTTNAAATTTCATATT,1.263809173884,E2,3,R1
792714367,NTTNTCATCTTTTATT,1.148834854281,E1,4,R1
805150901,NCCNTGAAGGCTTTTT,1.877387064297,E3,5,R2
806880819,NTATNAGCAAAGCAAA,1.664497779200,E3,3,R1
807577604,NACANAAGGGGAGAAA,1.263809173884,E2,4,R1
809484796,NATTNTCAATTTTAAA,1.295836389291,E2,4,R1
810292352,NAAANGACCAATACAA,1.429911170976,E2,3,R1
818138172,NATTNAATATTAATAA,0.985228136034,E1,2,R0
825700079,NTTGNTGTGATCTACA,1.877387064297,E3,2,R0
907301336,NAGCNTCACCACCAGC,1.689391746743,E3,2,R0
936327116,NATANTTCTATTATTC,1.378783493486,E2,2,R0
937364831,NTTCNCCTAATTCTTC,1.431560284283,E2,2,R0
946932736,NAAANAATAACATCAG,1.483831706845,E2,3,R1
1065356226,NGAANTTGAAAAAGTT,1.492614068017,E2,5,R2
1085471730,NGATTNTGTTGATGAA,1.556656707463,E2,2,R0
1103168993,NCAGTNCCAACAATCA,1.727396673574,E3,2,R0
1107293377,NCAATNACTTTTTTCA,1.492614068017,E2,6,R2
1126608900,NACAANAATGGCGATA,1.778328353731,E3,2,R0
1144046323,NTATTNGAATAATAAC,1.574417427140,E2,2,R0
1299922769,NCACCNTTTATGTCCT,1.727396673574,E3,3,R1
1357939723,NTGAAANCAGAATTAA,1.610577243332,E3,3,R1
1406185504,NAAGAANATGAACTTA,1.610577243332,E3,2,R0
1478623361,NCAAGANAAAGAGAAG,1.198117421130,E1,3,R1
1528866754,NGAATTNCGGAAGATG,1.809200032698,E3,2,R0
1547502540,NATATTNAAACTTAAT,1.295836389291,E2,3,R1
1593567112,NAGAGTNCGTTGTTGT,1.727396673574,E3,2,R0
1610887171,NTAAAAANTAACAAAA,0.946372935985,E1,5,R2
1613887484,NATTTTCNTTCATAAA,1.431560284283,E2,4,R1
1613955020,NATATTTNTTGATAAA,1.295836389291,E2,3,R1
1618050499,NTAATCTNTCCATCAA,1.577406282852,E2,2,R0
1623117836,NATAAAANCTGTTGAA,1.689391746743,E3,4,R1
1648304811,NTGGGGANGATTTAGA,1.556656707463,E2,4,R1
1649087548,NATTAACNCATGACGA,1.877387064297,E3,2,R0
1742700507,NTGCTTTNTCTTCTTC,1.198117421130,E1,3,R1
1751154849,NCAGGAANAGAAGCAG,1.431560284283,E2,2,R0
1827765005,NCTAATGNTCCATTAT,1.788450457308,E3,2,R0
1844443103,NTTCTTCNTTTTGTCT,1.094914318412,E1,4,R1
1878690687,NTTTCTGNAGGGTTTT,1.521640636343,E2,4,R1
1880033320,NAGGAAGANATTAAAA,1.287054028119,E2,4,R1
1880093692,NATTTTATNTTTAAAA,0.985228136034,E1,4,R1
1912704047,NTTGAATANGCAAAGA,1.724407817863,E3,3,R1
1959758828,NATGTTGANGTTATAC,1.788450457308,E3,2,R0
1976026623,NTTTTCCANTTCATCC,1.431560284283,E2,4,R1
2005241090,NGAAACTANGCCAGTC,1.924174352300,E3,3,R1
2078752524,NATAATTTNATCGTTG,1.689391746743,E3,3,R1
2088574973,NCTTTTTCNACTTCAT,1.378783493486,E2,5,R2
2113928191,NTTTTTGTNTTTTTCT,0.734529921439,E0,5,R2
2139617016,NAGTTGCTNTTCAGTT,1.778328353731,E3,2,R0
2149380099,NTAAAAATTNATCAAA,1.198117421130,E1,5,R2
2149583619,NTAAATGAANAAGAAA,1.148834854281,E1,3,R1
2149679872,NAAAATAAGNCAGAAA,1.291691997138,E2,4,R1
2160123888,NAATTTTCTNAAATAA,1.295836389291,E2,4,R1
2167207344,NAATGCCTTNATGACA,1.924174352300,E3,2,R0
2177124124,NATCATCACNACATCA,1.530618994849,E2,1,R0
2181595691,NTGGAGAAGNAGAAGA,1.295836389291,E2,2,R0
2214272193,NCAATATCANTGTTTA,1.727396673574,E3,3,R1
2222717634,NGAATGGTTNTGTCAC,1.924174352300,E3,2,R0
2266959356,NATTTCTAANTTCATC,1.492614068017,E2,3,R1
2277719108,NACACATTANTAATTC,1.530618994849,E2,2,R0
2280726493,NCTCTTTCANCATTTC,1.431560284283,E2,3,R1
2285892927,NTTTACCTTNTTTAAG,1.610577243332,E3,3,R1
2382361329,NCATTGATTNTTTTCT,1.483831706845,E2,4,R1
2398138369,NCAAAAATGNAATTGT,1.689391746743,E3,5,R2
2402419116,NATGGCAAANGATATT,1.788450457308,E3,3,R1
2406751740,NATTTCTCANACTCTT,1.492614068017,E2,3,R1
2407497717,NCCTTTTTCNTTTCTT,0.863120568567,E1,5,R2
2411006764,NATGATGAANCCTGTT,1.924174352300,E3,2,R0
2417696515,NTAAATTCATNGCAAA,1.689391746743,E3,3,R1
2550137000,NAGGGAAAAANAAAAG,0.863120568567,E1,5,R2
2597298358,NGCTGAAGGTNTATGG,1.788450457308,E3,2,R0
2667626467,NTAGTTTTGANAAATT,1.431560284283,E2,4,R1
2670706880,NAAATAAATTNTGATT,1.295836389291,E2,3,R1
2683798198,NGCTGGAAGTNCTTTT,1.842370993177,E3,4,R1
2684523228,NATCTGACGGANAAAA,1.778328353731,E3,4,R1
2717906812,NATTCTCTTTTNTTCA,1.287054028119,E2,4,R1
2735718412,NATAAAAATTTNAATA,0.940285958671,E1,5,R2
2748267633,NCATCATTATTNATTA,1.431560284283,E2,2,R0
2749507592,NAGAAAGGAGANGTTA,1.431560284283,E2,3,R1
2752192139,NTGAGGTCATGNAAAC,1.924174352300,E3,3,R1
2802847544,NAGTATTAAAANCATC,1.689391746743,E3,4,R1
2821389312,NAAAAATTTGGNGAAG,1.492614068017,E2,5,R2
2895230783,NTTTATCTGCANCGAT,1.877387064297,E3,3,R1
2936828175,NTTAACATCATNAATT,1.448815635725,E2,2,R0
2960932155,NTGTACTTAATTNCAA,1.727396673574,E3,2,R0
2961155071,NTTTTTAGGTTTNCAA,1.610577243332,E3,5,R2
2986999852,NATGAAAAAGGANAGA,1.198117421130,E1,5,R2
3166174244,NACGAATTTTCTNGAT,1.842370993177,E3,4,R1
3179280368,NAATTTCTTTTTNCCT,1.287054028119,E2,5,R2
3227548671,NTTTTTGTCAAGCNAA,1.842370993177,E3,5,R2
3237084316,NATCGATTTCATTNAA,1.727396673574,E3,3,R1
3237999103,NTTTTCATTTTTTNAA,1.094914318412,E1,6,R2
3355203665,NCACCAGCCATTTNTC,1.788450457308,E3,3,R1
3434285088,NAAGAAGAATATGNAT,1.413799564606,E2,2,R0
3488817792,NAAAGGAGATATTNTT,1.530618994849,E2,3,R1
3492548624,NAACAAACAATGAANA,1.291691997138,E2,3,R1
3611522843,NTGCATCTCTAACTNC,1.809200032698,E3,2,R0
3623206407,NTCAAGTTGCCTTTNC,1.842370993177,E3,3,R1
3674390528,NAAAAAAATGAAATNG,1.148834854281,E1,7,R2
3690999615,NTTTATTGAAAAAANT,1.295836389291,E2,6,R2
3692428976,NAATGGTTTCCCAANT,1.924174352300,E3,3,R1
3743416536,NAGCTAAAAAAGATNT,1.610577243332,E3,6,R2
3756847070,NGTCTTTGTATGTTNT,1.429911170976,E2,3,R1
3787857889,NCAGTTTCAGCATCAN,1.950212064915,E3,3,R1
3837793759,NTTCTCCCAAAATACN,1.577406282852,E2,4,R1
3854573565,NCTTTTTCAAAATCCN,1.556656707463,E2,5,R2
3870170433,NCAACCTCAGTGGGCN,1.924174352300,E3,3,R1
3892310715,NTGTGGATTTTTTTCN,1.429911170976,E2,7,R2
4018094556,NATCTCAACTTTCTTN,1.492614068017,E2,3,R1
4022339695,NTTGCAGAAAAATTTN,1.727396673574,E3,5,R2
4022870144,NAAAGAAGAAGATTTN,1.413799564606,E2,3,R1
4025663468,NATGTTTTGGATTTTN,1.287054028119,E2,4,R1
4027367391,TNNTCTTTTGATAAAA,1.574417427140,E2,4,R1
4056169567,TNNTCCATTAACATCA,1.577406282852,E2,2,R0
4058002371,TNNAATTATAAAGTCA,1.574417427140,E2,3,R1
4060023944,ANNGAGATAATTTTCA,1.727396673574,E3,4,R1
4228411168,ANNAGATTGCAGAAAT,1.724407817863,E3,3,R1
4257185270,GNNCTTCTTCTTTGCT,1.378783493486,E2,3,R1
4286612990,GNNTTTCCAGAAAGTT,1.924174352300,E3,3,R1
4293969869,CNNTATTCATAATTTT,1.378783493486,E2,4,R1
4294768639,TNNTTTTCTTATTTTT,0.734529921439,E0,5,R2
4320098300,ANTNTTTCTCTTTCCA,1.378783493486,E2,3,R1
4328456959,TNTNTTGAAATTTTCA,1.521640636343,E2,4,R1
4395807778,GNANGAACTGGAAAGC,1.727396673574,E3,3,R1
4429414530,GNANAGAAAGTAAAAG,1.198117421130,E1,4,R1
4464870026,GNGNAGGAAGAAGAGG,0.985228136034,E1,2,R0
4499633167,TNTNAAACTTGATAAT,1.591672778582,E2,3,R1
4504878556,ANTNCTCTTTGAAGAT,1.842370993177,E3,3,R1
4559341560,ANGNTTTCAAGAATTT,1.727396673574,E3,3,R1
4562894935,TNCNCCAAACAGTTTT,1.835237745312,E3,4,R1
4564123818,GNGGNGAAAATGAAAA,1.263809173884,E2,4,R1
4570840412,ANTCNCCTTCCATCAA,1.556656707463,E2,2,R0
4570859137,CNAANGGCATCATCAA,1.842370993177,E3,2,R0
4571843068,ANTTNTCGATAAAGAA,1.689391746743,E3,3,R1
4575118083,TNAANATAATGATGAA,1.378783493486,E2,2,R0
4609002664,ANGGNGATATTCTGGA,1.835237745312,E3,2,R0
4629385211,TNGTNTTTATGTGTTA,1.287054028119,E2,3,R1
4736810049,CNAANCATTTCCCCGG,1.877387064297,E3,4,R1
4748091424,ANAGNAAAGAGAAATG,1.198117421130,E1,3,R1
4778344896,ANAANTCAATTTATAT,1.295836389291,E2,3,R1
4823899121,CNATNTTGCTGCAGTT,1.877387064297,E3,2,R0
4831628286,GNTTNTTGATATTTTT,1.148834854281,E1,5,R2
4831934240,ANAGANTCTCCAAAAA,1.610577243332,E3,5,R2
4840233586,GNATCNGGCAAAAGAA,1.689391746743,E3,4,R1
4840359936,ANAAANAGAAGAAGAA,0.749595257259,E0,3,R1
4881968896,ANAAANTTGTATTTGA,1.448815635725,E2,3,R1
4901043504,ANATANCTTTTTCAAC,1.530618994849,E2,5,R2
4947931129,CNGTTNTTGCTGGTGC,1.530618994849,E2,2,R0
5016662023,TNCAANAATAACAATG,1.610577243332,E3,2,R0
5087678213,CNCAANTTATTTTATT,1.378783493486,E2,4,R1
5096480708,ANCATNTTCAGCATTT,1.788450457308,E3,3,R1
5122839489,CNAATTNACCAGCCCA,1.727396673574,E3,3,R1
5246863484,ANTTCANGATATTGAG,1.809200032698,E3,2,R0
5300814723,TNAAGTNAAAACTTTG,1.727396673574,E3,4,R1
5335283034,GNGCCCNCTTCAAAGT,1.959190423420,E3,3,R1
5368754368,ANAATAANTGAAAAAA,0.946372935985,E1,6,R2
5373231155,TNATAAANAACCACAA,1.287054028119,E2,3,R1
5376081945,CNGCAAANAGAATCAA,1.610577243332,E3,3,R1
5401591285,CNCTTCTNTGCCTTCA,1.591672778582,E2,2,R0
5469225085,CNTTCAANATCTTTCC,1.530618994849,E2,3,R1
5637187631,TNTGAAGGNGAAAAAA,1.378783493486,E2,6,R2
5666777923,TNAACTGGNAACATCA,1.877387064297,E3,2,R0
5687493071,TNTATCAANCAAAATA,1.378783493486,E2,4,R1
5702688832,ANAACAAGNAAGGTTA,1.610577243332,E3,2,R0
5821825056,ANAGAAAANAGAAATG,1.094914318412,E1,4,R1
5901331680,ANAGTATGNATTTGTT,1.492614068017,E2,3,R1
5904381919,TNTCTTCTNGCTGTTT,1.287054028119,E2,3,R1
5906137146,GNGTAAAAGNAGAAAA,1.198117421130,E1,4,R1
5909217072,ANATATTTCNTCTAAA,1.448815635725,E2,3,R1
5990400900,ANCAGTAACNGTAACC,1.842370993177,E3,2,R0
6031286140,ANTTCTTCANGTTCTC,1.689391746743,E3,2,R0
6037655007,TNTCTCTACNTTCTTC,1.263809173884,E2,2,R0
6043913150,GNTTGTGATNGTTAAG,1.530618994849,E2,2,R0
6157073663,TNTTTATTCNCTTTGT,1.291691997138,E2,3,R1
6160334639,TNTGATTTANTTGATT,1.287054028119,E2,3,R1
6165495735,TNCTGTTTTNCTTCTT,1.094914318412,E1,4,R1
6173361913,CNGTTGCAANGCTTTT,1.877387064297,E3,4,R1
6186602739,TNATTAACAANAATAA,1.198117421130,E1,2,R0
6190219516,ANTTTAAACTNCTTAA,1.448815635725,E2,3,R1
6350443635,TNATCACCAANCAGGG,1.924174352300,E3,3,R1
6388741060,ANCATTATCANTATAT,1.448815635725,E2,2,R0
6392118291,TNACAATTTTNTTTAT,1.198117421130,E1,4,R1
6440890219,TNGGCTTGAANGGTTT,1.727396673574,E3,3,R1
6451363872,ANAGAAAAAAGNAGAA,0.749595257259,E0,6,R2
6468095296,ANAACCTACTCNAGCA,1.727396673574,E3,2,R0
6493307092,ANCCTAAAAAGNAATA,1.483831706845,E2,5,R2
6501171464,ANGAACAAAAANAGTA,1.291691997138,E2,5,R2
6543138825,CNGAAAAGCAANAAGC,1.413799564606,E2,4,R1
6623210759,TNCAACTGAGCNATGG,1.985228136034,E3,2,R0
6643790339,TNAAAGATAAANAAAT,1.094914318412,E1,3,R1
6722552587,TNGAATAAAGATNGAA,1.413799564606,E2,3,R1
6811657731,TNAAAGCGGCAANAGC,1.788450457308,E3,3,R1
6841631791,TNTGAACAATGANTTC,1.863120568567,E3,2,R0
6848184864,ANAGAGAAATTGNAAG,1.378783493486,E2,3,R1
6856409091,TNAAAAAAGATGNGAG,1.378783493486,E2,6,R2
6916716016,ANATTCCTGACANCAT,1.835237745312,E3,2,R0
6978788595,TNATTATCTTCTNTTT,1.148834854281,E1,3,R1
6979518334,GNTTCTTTTGAAANAA,1.727396673574,E3,4,R1
6983254190,GNTGGAAAAATTANAA,1.413799564606,E2,5,R2
6996041724,ANTTTTTCATTTTNAA,1.198117421130,E1,5,R2
7134119950,GNTAAAGAAGGTANCG,1.727396673574,E3,3,R1
7278104498,GNATGTTAATTATCNA,1.727396673574,E3,2,R0
7407409194,GNGGAAGCAACAGCNG,1.530618994849,E2,2,R0
7499396479,TNTTCCCTGTTTTGNT,1.287054028119,E2,4,R1
7514496988,ANTCTTTCAGCGTTNT,1.778328353731,E3,3,R1
7564148782,GNTGAAAATTGCTGAN,1.835237745312,E3,4,R1
7656543220,ANCTTTACGCTCCAGN,1.924174352300,E3,3,R1
7725649919,TNTTTTTAAATTCATN,1.198117421130,E1,5,R2
7776240006,GNCAGCAAAAAAGTTN,1.778328353731,E3,6,R2
7780388863,TNTTTTTACTTTGTTN,1.089230078843,E1,5,R2
7783317309,CNTTATTTTTGGTTTN,1.291691997138,E2,5,R2
7784093695,TNTTTTCCTTCTTTTN,0.749595257259,E0,4,R1
7797211328,AANNATAAAAAAATAA,0.591672778582,E0,7,R2
7835025422,GTNNAAAAAACAAATA,1.291691997138,E2,6,R2
7916704821,CCNNTAACCCTTCTTC,1.431560284283,E2,3,R1
7918628851,TANNTTTTGGATTTTC,1.483831706845,E2,4,R1
7926211371,TGNNGATAGCAATCAG,1.924174352300,E3,2,R0
7950071309,CTNNAAGCTCATCTCG,1.924174352300,E3,2,R0
7991918079,TTNNTTCTTTGGCCAT,1.610577243332,E3,3,R1
8002698591,TTNNCCCTTCTTTTAT,1.198117421130,E1,4,R1
8019568768,AANNAGAGGTAAAAGT,1.378783493486,E2,4,R1
8044676016,AANNTGTAAAAAAGTT,1.378783493486,E2,6,R2
8060202951,TCNANTTTGTATGCAA,1.842370993177,E3,3,R1
8066466913,CANGNCACAGATATAA,1.778328353731,E3,2,R0
8136785375,TTNCNTCTTCCTTTAC,1.263809173884,E2,3,R1
8195617328,AANTNAGATATTTCAG,1.727396673574,E3,3,R1
8245991370,GGNANTTCCTTTTCTG,1.724407817863,E3,4,R1
8260646668,ATNANATCTCTTCCAT,1.556656707463,E2,2,R0
8320710644,ACNTNTTCTTTATTTT,1.148834854281,E1,4,R1
8320843583,TTNTNATTTTCCTTTT,0.946372935985,E1,4,R1
8322154739,TANTTNAAAAGGAAAA,1.287054028119,E2,4,R1
8337776655,TTNAANAAGCAGTTAA,1.689391746743,E3,2,R0
8384665599,TTNTTNTCCTTAATTA,1.287054028119,E2,2,R0
8439103584,AANGCNAAAGGAAATC,1.610577243332,E3,3,R1
8440413649,CANCTNCTTCGCCATC,1.689391746743,E3,2,R0
8443084784,AANTTNTTTATTTATC,1.198117421130,E1,3,R1
8443127651,TANGCNTCGTTTTATC,1.778328353731,E3,4,R1
8538911239,TCNAANGATCCCTTAT,1.835237745312,E3,3,R1
8585838191,TTNGCNGTTCCAATTT,1.778328353731,E3,3,R1
8598320981,CCNCCTNCTTTTTCAA,1.448815635725,E2,5,R2
8599025824,AANGGANGTGGGAGAA,1.295836389291,E2,3,R1
8657705464,AGNTTCNGCAGGAAAC,1.924174352300,E3,3,R1
8685820592,AANTGGNGCATCTGCC,1.985228136034,E3,2,R0
8707372031,TTNTTTNATTTTTTGC,1.089230078843,E1,6,R2
8714827647,TTNTCTNCTGCATCTC,1.574417427140,E2,2,R0
8724139089,CANCCANTATTTTTTC,1.492614068017,E2,6,R2
8758452012,ATNGATNTCCTGAAGG,1.950212064915,E3,2,R0
8794438719,TTNTAANTTCAATAAT,1.295836389291,E2,2,R0
8824849455,TTNGAANCAGAAAAGT,1.724407817863,E3,4,R1
8861565456,AANCAGANATAATAAA,1.291691997138,E2,3,R1
8862442752,AANAACCNGAGTTAAA,1.664497779200,E3,3,R1
8869709935,TTNGCAGNAACTGGAA,1.924174352300,E3,2,R0
8904998860,ATNATTTNTCTCATGA,1.689391746743,E3,3,R1
8908716288,AANAACGNTAAAAATA,1.291691997138,E2,5,R2
8976921473,CANAGTANTTAACATC,1.788450457308,E3,2,R0
9062856700,ATNTTTCNTAAATAAT,1.295836389291,E2,3,R1
9093123580,ATNTTCTNAAGTTTCT,1.610577243332,E3,3,R1
9122597883,TGNTTTGNATTTTGTT,1.094914318412,E1,4,R1
9124573429,CCNTTAANTTCTCTTT,1.378783493486,E2,3,R1
9127735412,ACNTCAATNAGTAAAA,1.610577243332,E3,4,R1
9158248410,GGNCTTCANTTTCTCA,1.842370993177,E3,3,R1
9177162033,CANTACAGNCAAAATA,1.610577243332,E3,4,R1
9261265504,AANGCGATNGTAAAAG,1.689391746743,E3,4,R1
9328132160,AANACAAANAAAAAAT,0.734529921439,E0,6,R2
9330983677,CTNTTGAANGTGGAAT,1.835237745312,E3,2,R0
9333657084,ATNTTCTANCACCCAT,1.577406282852,E2,3,R1
9349493381,CCNAGGATNTCCACCT,1.877387064297,E3,2,R0
9389986042,GGNTTAACNTTTGGTT,1.689391746743,E3,3,R1
9390735343,TTNGTTTTNATGTGTT,1.094914318412,E1,4,R1
9397500914,GANTTTGTCNGAGAAA,1.835237745312,E3,3,R1
9453040845,CTNATACTTNCATCTA,1.556656707463,E2,2,R0
9462349823,TTNTTTTTTNTTTTTA,0.371232326641,E0,6,R2
9497411056,AANTTCTTTNGCCAGC,1.924174352300,E3,3,R1
9512449360,AANCCCCTCNATTTGC,1.788450457308,E3,4,R1
9521141696,AANATTCCANCAAGTC,1.788450457308,E3,2,R0
9600889317,CCNGTCATTNCAACAT,1.835237745312,E3,2,R0
9607249851,TGNTGTTTTNGAGGAT,1.431560284283,E2,4,R1
9648456458,GGNAATAATNTCCATT,1.863120568567,E3,2,R0
9661577213,CTNTTTCTTNTTCTTT,0.749595257259,E0,3,R1
9670755168,AANGCTAAAANTGCAA,1.664497779200,E3,4,R1
9671262223,TTNAAAAATTNATCAA,1.263809173884,E2,5,R2
9743369472,AANAACCAAANAATAC,1.094914318412,E1,3,R1
9766439884,ATNATTGAAANAGAGC,1.724407817863,E3,3,R1
9797834103,TCNTCCCCATNTTTTC,1.295836389291,E2,4,R1
9881699266,GANATTAATGNTTTAT,1.431560284283,E2,3,R1
9925009424,AANCAAAGGTNACGTT,1.877387064297,E3,3,R1
9932934093,CTNATTGAGATNAAAA,1.689391746743,E3,4,R1
9951020259,TANGTACAGAANGACA,1.778328353731,E3,2,R0
10072022945,CANGGTTCTGCNCCAG,1.924174352300,E3,2,R0
10183778314,GGNAAAAGAAANAATT,1.287054028119,E2,4,R1
10203479947,TGNAGTTTGATGNAAA,1.577406282852,E2,3,R1
10251057104,AANCTTCTGGAANATA,1.842370993177,E3,2,R0
10271668210,GANTTTCTACTTNAAC,1.788450457308,E3,3,R1
10297847932,ATNTCAATGATANTCC,1.809200032698,E3,2,R0
10317956108,ATNAAACAGTTTNTGC,1.863120568567,E3,3,R1
10370186560,AANACCTTCATCNAGG,1.924174352300,E3,2,R0
10383752751,TTNGAGTTCTGGNTGG,1.591672778582,E2,2,R0
10404101146,GGNCAATTTCAGNAAT,1.924174352300,E3,3,R1
10432416573,CTNTATGAAGACNTCT,1.924174352300,E3,2,R0
10468914172,ATNTTTATTGTTNTTT,0.946372935985,E1,3,R1
10485235703,TCNTTTTTTTCTTNAA,1.148834854281,E1,7,R2
10503269515,TGNAGATGATGAANGA,1.530618994849,E2,2,R0
10504638216,AGNAATTAAAAGANGA,1.287054028119,E2,4,R1
10584311699,TANCGTCATTTCTNGC,1.842370993177,E3,3,R1
10674637021,CTNCTAGAAGAACNAT,1.877387064297,E3,2,R0
10703597563,TGNTTTTGTTGTTNCT,1.094914318412,E1,4,R1
10734182261,CCNTCTTCGGTATNTT,1.689391746743,E3,2,R0
10767788007,TCNGTTCGCTTATCNA,1.842370993177,E3,2,R0
10816457218,GANAAGGAAGCTGANC,1.727396673574,E3,2,R0
10821111768,AGNCTTTAACTTTANC,1.788450457308,E3,3,R1
10854892064,AANGAGAAGAAAATNC,1.429911170976,E2,4,R1
10871883659,TGNAGTCATTAAAANG,1.788450457308,E3,4,R1
10921695691,TGNATCGCTTGTTGNG,1.727396673574,E3,2,R0
10922688764,ATNTTAAAATGAATNG,1.431560284283,E2,4,R1
11006246912,AANAAAAAAGCAAAAN,0.734529921439,E0,6,R2
11014110245,CCNGAATTTCTTCAAN,1.835237745312,E3,3,R1
11021973494,GCNTTTCTTCCTTAAN,1.689391746743,E3,3,R1
11116724650,GGNGGCAATTGCGGCN,1.778328353731,E3,2,R0
11138104602,GGNCACTTTCAGTTCN,1.924174352300,E3,3,R1
11148488704,AANAAAATCAAAGAGN,1.291691997138,E2,4,R1
11208143312,AANCTCATGGTAAATN,1.842370993177,E3,3,R1
11209010595,TANGGCTGTTGCAATN,1.924174352300,E3,2,R0
11209440736,AANGTCTTCGAGAATN,1.924174352300,E3,2,R0
11219368059,TGNTCAGTTCGTGATN,1.842370993177,E3,2,R0
11271631095,TCNTTAATCTCCTTTN,1.378783493486,E2,3,R1
11274993680,AACNNAAAATGGAAAA,1.291691997138,E2,4,R1
11319243808,AAGNNAACTTCTGGGA,1.924174352300,E3,3,R1
11341564929,CAANNAATAGGAAAAC,1.483831706845,E2,4,R1
11416929730,GAANNTCCAGAAAGAG,1.689391746743,E3,3,R1
11442782210,GAANNAAAAATGAAGG,1.198117421130,E1,5,R2
11458802444,ATANNATATCTTTTGG,1.689391746743,E3,4,R1
11487346667,TGGNNTTTTTGATGAT,1.378783493486,E2,5,R2
11508695091,TATNNAAAATAGTTCT,1.591672778582,E2,4,R1
11534334276,ACANNCCGTTTTTCTT,1.689391746743,E3,5,R2
11540590079,TTTNNTCTGCTTCTTT,1.094914318412,E1,3,R1
11541687712,AAGNNGCTGAAATTTT,1.809200032698,E3,4,R1
11541925884,ATTNNTTTATTATTTT,0.749595257259,E0,4,R1
11604336863,TTCNTNAAGAATGGTA,1.809200032698,E3,2,R0
11643376127,TTTNTNCACTTTTTCC,1.198117421130,E1,5,R2
11666440183,TCTNTNTTTGTTCCTC,1.198117421130,E1,3,R1
11752505280,AAANTNTTTTAAAGAT,1.295836389291,E2,4,R1
11797797630,GTTNTNGGCAACTATT,1.877387064297,E3,2,R0
11810353392,AATNTNAATGTATTTT,1.263809173884,E2,4,R1
11812146176,AAANAANTAATTAAAA,0.749595257259,E0,4,R1
11812168112,AATNGCNAGCTTAAAA,1.778328353731,E3,4,R1
11841035679,TTCNGCNTCTTCATCA,1.727396673574,E3,2,R0
11878451391,TTTNGANGATGAAAAC,1.788450457308,E3,4,R1
11884101553,CATNGTNTTTAGCCAC,1.924174352300,E3,3,R1
11943024637,CTTNTTNCCAATCTTC,1.431560284283,E2,2,R0
11948294144,AAANAANAAGATGAAG,1.094914318412,E1,3,R1
11992083456,AAANAANTGGAGATGG,1.431560284283,E2,3,R1
12045262642,GATNATNTCAACTTCT,1.788450457308,E3,2,R0
12062867699,TATNTANAATAAAATT,0.985228136034,E1,4,R1
12075448304,AATNTTNCTGAAATTT,1.574417427140,E2,3,R1
12079199036,ATTNATNATTCGTTTT,1.429911170976,E2,4,R1
12180722930,GATNTACNCATCAAGC,1.924174352300,E3,2,R0
12199807025,CATNAAGNACGGGATC,1.924174352300,E3,3,R1
12213804736,AAANTGTNCTTTTTTC,1.610577243332,E3,6,R2
12300896288,AAGNAAGNATAATACT,1.610577243332,E3,2,R0
12382883632,AATNATTANTTACAGA,1.574417427140,E2,2,R0
12412269530,GGCNTTATNAACCTTA,1.924174352300,E3,2,R0
12414107393,CAANATTTNAAATTTA,1.295836389291,E2,3,R1
12465209321,CGGNTTTTNTTGTTGC,1.378783493486,E2,4,R1
12479922037,CCTNCTTTNCATCTTC,1.295836389291,E2,3,R1
12582666305,CAANCAAANCATTTCT,1.556656707463,E2,3,R1
12583695168,AAANCTATNTTGAAGT,1.727396673574,E3,3,R1
12603803407,TTANATCANTGTTATT,1.521640636343,E2,2,R0
12614355967,TTTNTTGANTTTCTTT,1.089230078843,E1,3,R1
12617015432,AGANGAAGCNAGAAAA,1.198117421130,E1,4,R1
12650698751,TTTNTTCCCNGGAAGA,1.959190423420,E3,3,R1
12723155169,CAGNTAATTNTGCCGC,1.985228136034,E3,2,R0
12748398463,TTTNCTTCANCTCTTC,1.263809173884,E2,3,R1
12817235743,TTCNATTTCNTCTTTG,1.429911170976,E2,3,R1
12820972034,GAANAGAAGNAATAAT,1.287054028119,E2,2,R0
12873048044,ATGNTTTCANTGACTT,1.778328353731,E3,3,R1
12881686676,ACCNGAATTNGTATTT,1.842370993177,E3,3,R1
12886147585,CAANAGAAATNACAAA,1.291691997138,E2,3,R1
12930199480,AGTNGTTGATNATGGA,1.577406282852,E2,2,R0
12933132748,ATANTCATTTNTCTGA,1.689391746743,E3,3,R1
12942311468,ATGNAAAAAANTGCTA,1.610577243332,E3,6,R2
12964847680,AAANCAAGTTNAATAC,1.610577243332,E3,3,R1
13003259681,CAGNATTTTCNTAATC,1.788450457308,E3,4,R1
13021213055,TTTNCCATTTNTCAAG,1.724407817863,E3,3,R1
13067353855,TTTNTGTTTTNTCTGG,1.094914318412,E1,4,R1
13087170900,ACCNCCAGCGNTAAAT,1.863120568567,E3,3,R1
13118912471,TCCNTTCTGGNATTCT,1.689391746743,E3,2,R0
13152295616,AAANTGGCAANATTTT,1.727396673574,E3,4,R1
13153140787,TATNAAAAACNTTTTT,1.295836389291,E2,5,R2
13153333239,TCTNTTTGTTNTTTTT,0.734529921439,E0,5,R2
13153869987,TAGNGAAGAAGNAAAA,1.198117421130,E1,4,R1
13154320383,TTTNTTTTTGTNAAAA,1.198117421130,E1,5,R2
13155629070,GTANAAGTTGANGAAA,1.492614068017,E2,3,R1
13165655240,AGANTACTTTGNTGAA,1.809200032698,E3,3,R1
13179543392,AAGNCTTCTTTNAGCA,1.924174352300,E3,3,R1
13186093054,GTTNTTTATTANTTCA,1.429911170976,E2,3,R1
13186235623,TCGNTATTTCCNTTCA,1.689391746743,E3,3,R1
13218394161,CATNAAATGAANGTTA,1.689391746743,E3,3,R1
13241933687,TCTNCTTCTTCNACCC,1.295836389291,E2,3,R1
13342084139,TGGNAATAAAANACTG,1.724407817863,E3,4,R1
13417589814,GCTNAATGAAANATTT,1.727396673574,E3,3,R1
13426434603,TGGNAGAGATCANCAA,1.842370993177,E3,2,R0
13457096669,CTCNTTTTTGGCNAGA,1.877387064297,E3,5,R2
13548290575,TTANAGAAGGGANGTC,1.809200032698,E3,3,R1
13637110784,AAANAATATCCCNTAT,1.492614068017,E2,3,R1
13658799616,AAANAGTTGAAGNAGT,1.492614068017,E2,3,R1
13686062528,AAANTCTTGAAANTTT,1.591672778582,E2,3,R1
13693330144,AAGNTGAGGTTGANAA,1.530618994849,E2,2,R0
13694142656,AAANTAGAAATTANAA,1.094914318412,E1,3,R1
13702791232,AAANCAAAAAAATNAA,0.734529921439,E0,7,R2
13706248391,TCANTAAATACTTNAA,1.431560284283,E2,3,R1
13706452214,GCTNTATCTTCTTNAA,1.724407817863,E3,2,R0
13723749244,ATTNCTGATTTTTNCA,1.610577243332,E3,5,R2
13819313132,ATGNTTGTTCATGNTC,1.778328353731,E3,2,R0
13872739299,TAGNTTATACAGTNGG,1.835237745312,E3,2,R0
13890735059,TACNTTGATTATTNTG,1.610577243332,E3,2,R0
13904904136,AGANTTTTTTGATNAT,1.378783493486,E2,6,R2
13948870519,TCTNCTTCTGGGCNTT,1.492614068017,E2,3,R1
14021804287,TTTNTAAATTAATTNA,0.985228136034,E1,3,R1
14041604088,AGTNTTTCTCATTANC,1.724407817863,E3,3,R1
14092308735,TTTNTAACGTCTTTNC,1.610577243332,E3,3,R1
14094761947,TGCNTTTTTATCAANG,1.778328353731,E3,5,R2
14118552462,GTANGTAAAAGAGCNG,1.727396673574,E3,4,R1
14167048185,CGTNTTTTTTGGCANT,1.610577243332,E3,6,R2
14195593340,ATTNCAACGTTCAGNT,1.924174352300,E3,2,R0
14340291333,CCANATGTCTTTGGCN,1.924174352300,E3,3,R1
14363406338,GAANAAATAAAGAAGN,1.094914318412,E1,3,R1
14443618495,TTTNGAAGAAGGTATN,1.577406282852,E2,3,R1
14453009463,TCTNAATGCTCTCCTN,1.727396673574,E3,2,R0
14478941567,TTTNCCTCATAAATTN,1.492614068017,E2,3,R1
14496432130,GAAANNAAAAGTAAAA,0.946372935985,E1,4,R1
14562490367,TTTTNNTCTTCTTTTA,0.946372935985,E1,4,R1
14579809983,TTTGNNGTTAGCAACC,1.959190423420,E3,3,R1
14663283187,TATTNNCATTTTTTCG,1.483831706845,E2,6,R2
14692856752,AATGNNTATATAATTG,1.448815635725,E2,2,R0
14725430794,GGAANNGTTAACTGCT,1.950212064915,E3,2,R0
14730928256,AAAGNNAAGAAGAAGT,1.198117421130,E1,3,R1
14747201539,TAAANNAATCAAAATT,1.198117421130,E1,4,R1
14763818353,CATCNNCTTTCTTTTT,1.198117421130,E1,5,R2
14814257919,TTTTNGNAGGTTTTGA,1.378783493486,E2,4,R1
15031827711,TTTTNANTTCTCTTTT,0.946372935985,E1,4,R1
15035564039,TCAANAANAGAATAAA,1.291691997138,E2,3,R1
15048117132,ATAGNTGNAAAATTAA,1.378783493486,E2,4,R1
15063830591,TTTANAANCTTTCTCA,1.492614068017,E2,3,R1
15179149826,GAAANGANTCTTTGAG,1.835237745312,E3,3,R1
15231658047,TTTANAGNGGAAGTTG,1.577406282852,E2,3,R1
15234530081,CAGANTGNTCATAAAT,1.842370993177,E3,3,R1
15242177776,AATTNATNGACAAGAT,1.689391746743,E3,2,R0
15250518300,ATCANCANTCAAAACT,1.492614068017,E2,4,R1
15301543984,AATANAGANATGAAAA,1.148834854281,E1,4,R1
15313764352,AAAANAAANGCCATAA,1.291691997138,E2,4,R1
15354299343,TTATNTAANAAATATA,0.985228136034,E1,3,R1
15409872651,TGAANTTTNTTTTCGC,1.664497779200,E3,4,R1
15450779820,ATGGNAATNAAATTAG,1.492614068017,E2,3,R1
15468638208,AAAANAATNGAAAAGG,1.094914318412,E1,4,R1
15503393804,ATAANACANATACAAT,1.287054028119,E2,2,R0
15506277119,TTTTNGAANATTTAAT,1.263809173884,E2,4,R1
15511075872,AAGANATTNAAGAGAT,1.413799564606,E2,2,R0
15514685693,CTTTNAACNCTTTGAT,1.724407817863,E3,3,R1
15555690368,AAAGNTTTNTAATATT,1.295836389291,E2,3,R1
15567123711,TTTTNACTNCTTCTTT,1.094914318412,E1,4,R1
15571419328,AAATNAAAANCAGAAA,1.089230078843,E1,4,R1
15577825284,ACAANAAATNGAAGAA,1.291691997138,E2,3,R1
15594287243,TGAGNAATTNCTTCCA,1.924174352300,E3,2,R0
15672016272,AACGNCTTTNTTCAGC,1.924174352300,E3,3,R1
15689990151,TCAANAAACNGATATC,1.724407817863,E3,3,R1
15701192703,TTTTNTTGANCTCTTC,1.429911170976,E2,4,R1
15715058635,TGATNTAATNAATGAG,1.530618994849,E2,2,R0
15770716104,AGATNTCAANGAAAAT,1.610577243332,E3,4,R1
15850104771,TAATNTCGCCNTTGAA,1.924174352300,E3,2,R0
15854207217,CATTNAAAAANTTTAA,1.263809173884,E2,5,R2
15854649356,ATAANAAATGNAAACA,1.291691997138,E2,3,R1
15938232347,TGCANAAGAGNTTTCC,1.985228136034,E3,3,R1
15974138629,CCAANTAAAGNAGAAG,1.610577243332,E3,3,R1
15974193152,AAAANAGCTGNAGAAG,1.521640636343,E2,4,R1
15980855424,AAAGNAAAGANGAGAG,0.940285958671,E1,3,R1
16041119776,AAGANAACAANAGAAT,1.291691997138,E2,2,R0
16120074247,TCAANAACTACNCTAA,1.492614068017,E2,2,R0
16172709320,AGATNCCTTTCNTTTA,1.724407817863,E3,3,R1
16223502348,ATAANAAAATTNTTGC,1.574417427140,E2,4,R1
16288505857,CAAANAAGTGTNCTGG,1.924174352300,E3,3,R1
16307408831,TTTGNTTACTTNTTTG,1.291691997138,E2,3,R1
16331841008,AATTNCTCAACNTCCT,1.577406282852,E2,2,R0
16341028224,AAAGNCTACAANAAGT,1.664497779200,E3,3,R1
16441684316,ATCCNCATAAAANAAC,1.378783493486,E2,4,R1
16559145003,TGGANAAAGAAANATG,1.378783493486,E2,3,R1
16630449868,ATATNGCAGAAANCTT,1.842370993177,E3,3,R1
16643752128,AAATNAAAGTGAANAA,1.148834854281,E1,3,R1
16655452346,GGTGNAGAAGTTGNAA,1.530618994849,E2,2,R0
16693117950,GTTTNTAATATTTNGA,1.378783493486,E2,3,R1
16703845339,TGCTNTATCAAGGNTA,1.924174352300,E3,2,R0
16723471544,AGTGNATGTTGATNAC,1.835237745312,E3,2,R0
16843784748,ATGANGAATTCTTNTG,1.788450457308,E3,2,R0
16897802235,TGTTNTTTTTTGANTT,0.946372935985,E1,6,R2
16914609136,AATTNTATCAATAANA,1.263809173884,E2,2,R0
16922960061,CTTGNAAGTTTGGANA,1.835237745312,E3,3,R1
16944448511,TTTTNTAATTCTTCNA,1.287054028119,E2,4,R1
16956260416,AAACNAAAAATGGGNA,1.429911170976,E2,5,R2
16980049696,AAGANTTTTGCCAANC,1.924174352300,E3,4,R1
16980671776,AAGANCTTCAAGAANC,1.778328353731,E3,2,R0
17062419679,TTCTNATCTTTTTANG,1.483831706845,E2,5,R2
17118698543,TTGANATCGGGCCANT,1.985228136034,E3,3,R1
17120217678,GTACNGGATCATCANT,1.985228136034,E3,2,R0
17180000811,TGGANGAAAGAAAAAN,1.198117421130,E1,5,R2
17182753472,AAATNGAAAATGAAAN,1.148834854281,E1,4,R1
17213165814,GCTTNAACAATTTCAN,1.809200032698,E3,3,R1
17385517043,TATTNTTGTCAACATN,1.689391746743,E3,2,R0
17390159808,AAATNTCATAGAGATN,1.689391746743,E3,3,R1
17394695176,AGAANATTTCTATATN,1.591672778582,E2,3,R1
17416269824,AAAANAATATCCAGTN,1.610577243332,E3,4,R1
17423124349,CTTCNTCATTTTCGTN,1.521640636343,E2,4,R1
17431027702,GCTTNTTCCAGTTGTN,1.724407817863,E3,2,R0
17434804400,AATGNAAAAGATATTN,1.378783493486,E2,4,R1
17439266678,GCTCNTCCAGCTCTTN,1.727396673574,E3,2,R0
17449320470,GCCAANNAAGTTAAAA,1.664497779200,E3,4,R1
17460048008,AGAGANNATATATGAA,1.413799564606,E2,2,R0
17464036352,AAAAANNTAAAATTAA,0.749595257259,E0,5,R2
17493668319,TTCTCNNATAACTGGA,1.924174352300,E3,2,R0
17511350783,TTTTCNNAAAGAATTA,1.591672778582,E2,4,R1
17649487665,CATATNNTATCTTTTG,1.610577243332,E3,4,R1
17706252247,TCCTTNNCTTTTCCTT,0.940285958671,E1,4,R1
17711564744,AGATTNNCAACATGTT,1.863120568567,E3,2,R0
17717723134,GTTTTNTNTTGTAAAA,1.378783493486,E2,4,R1
17720933599,TTCTANTNTTTTTAAA,1.198117421130,E1,5,R2
17721068648,AGGCANTNAAGAACAA,1.610577243332,E3,2,R0
17733791756,ATAAANANTAACAACA,1.148834854281,E1,3,R1
17749246080,AAAGANANAAAATTCA,1.291691997138,E2,4,R1
17784927174,GCATTNANTCAACAAC,1.788450457308,E3,2,R0
17787112899,TAATCNTNATCATAAC,1.530618994849,E2,2,R0
17836033600,AAACGNCNACATCATC,1.727396673574,E3,3,R1
17850174462,GTTTTNGNAAACTTTC,1.778328353731,E3,4,R1
17903399694,GTAATNANTAAAGATG,1.492614068017,E2,3,R1
17949897714,GATTTNANTGCCGTCT,1.877387064297,E3,3,R1
17951643584,AAATTNCNCCAAAAGT,1.724407817863,E3,4,R1
17976652799,TTTTTNANTTCTTCTT,0.946372935985,E1,5,R2
17988321407,TTTCANAANAAATAAA,1.198117421130,E1,3,R1
17988453363,TATTTNAANAGATAAA,1.263809173884,E2,3,R1
18000642816,AAAATNAANAATGTAA,1.094914318412,E1,4,R1
18019135360,AAAGTNTGNAGCAAGA,1.689391746743,E3,3,R1
18052334300,ATCTGNAANTAAAAAC,1.610577243332,E3,5,R2
18080791817,CGAACNTTNTGATGCC,1.985228136034,E3,2,R0
18111016576,AAAGGNTGNAAAAGTC,1.689391746743,E3,4,R1
18119259103,TTCTTNATNTCTTTTC,1.094914318412,E1,4,R1
18119377663,TTTTGNAANTTTTTTC,1.291691997138,E2,6,R2
18187350269,CTTTANATNTATAAAT,1.295836389291,E2,3,R1
18189910475,TGATCNAANAACTAAT,1.689391746743,E3,2,R0
18199884231,TCATCNATNAATATAT,1.448815635725,E2,2,R0
18245250090,GGGAANTGNCAAAGTT,1.809200032698,E3,3,R1
18253468668,ATTTTNACNTCTTTTT,1.148834854281,E1,5,R2
18266196988,ATTTTNGAANAAATAA,1.263809173884,E2,4,R1
18299813921,CAGAANAAANCAATGA,1.483831706845,E2,3,R1
18316793848,AGTTTNCCANACATTA,1.809200032698,E3,3,R1
18455232512,AAAAANAAGNACAAAT,1.089230078843,E1,5,R2
18455470963,TATCTNAGANAGAAAT,1.689391746743,E3,3,R1
18470698159,TTGGANTTCNAATTAT,1.689391746743,E3,2,R0
18509428912,AATGANGTCNTTTATT,1.689391746743,E3,3,R1
18530576386,GAAAANGGAGNAAGAA,0.940285958671,E1,4,R1
18578703067,TGCTGNAAGANAGCTA,1.924174352300,E3,2,R0
18580826683,TGTAGNGGTANAAGTA,1.577406282852,E2,2,R0
18588419070,GTTTTNAATANCTTTA,1.521640636343,E2,4,R1
18642764784,AATTTNAAAGNATATC,1.574417427140,E2,3,R1
18656251005,CTTCANTATTNTTTTC,1.287054028119,E2,4,R1
18694969782,GCTGCNGCGGNTACGG,1.689391746743,E3,2,R0
18756919239,TCATTNTCTTNTTTCT,1.094914318412,E1,3,R1
18790479555,TAATGNCTTTNTTTTT,1.291691997138,E2,5,R2
18792514311,TCAATNAAATTNCAAA,1.378783493486,E2,3,R1
18801500795,TGTCGNAGAAGNGGAA,1.727396673574,E3,2,R0
18808228274,GATGCNGATGTNAACA,1.924174352300,E3,2,R0
18812304704,AAACCNTTTATNACCA,1.556656707463,E2,3,R1
18890096750,GTGCANAAAAANTTCC,1.877387064297,E3,5,R2
18924041727,TTTTCNCTTCCNTTTC,0.940285958671,E1,4,R1
19002687517,CTCAANAAAGCNGGAT,1.877387064297,E3,3,R1
19058128883,TATTTNCTTTANTTTT,0.946372935985,E1,4,R1
19062079247,TTAATNTTAAATNAAA,0.985228136034,E1,3,R1
19113168835,TAATTNTATTGTNATA,1.263809173884,E2,2,R0
19127602695,TCAAGNTAAAGCNAAC,1.778328353731,E3,3,R1
19159711171,TAATCNTTTCAANAGC,1.809200032698,E3,3,R1
19210857602,GAAGANTGCGTANACG,1.863120568567,E3,2,R0
19268730571,TGATGNTTCCAANGAT,1.924174352300,E3,2,R0
19314768894,GTTTTNGTTTTTNATT,0.946372935985,E1,5,R2
19338731528,AGAAANAGGCTGGNAA,1.574417427140,E2,3,R1
19346227715,TAAAGNAAAAAGANCA,1.291691997138,E2,5,R2
19377733762,GAAGANAATAAAANTA,1.148834854281,E1,4,R1
19380880072,AGATGNAATAATANTA,1.378783493486,E2,2,R0
19457583832,AGCTGNGGATAATNTC,1.950212064915,E3,2,R0
19461358667,TGACANCATATTTNTC,1.788450457308,E3,3,R1
19542335487,TTTTTNTCCAACTNAT,1.413799564606,E2,5,R2
19583213615,TTGAANAGAAAACNTT,1.689391746743,E3,4,R1
19592557567,TTTTTNATGGTATNTT,1.148834854281,E1,5,R2
19597688819,TATTTNTTTATCAANA,1.263809173884,E2,3,R1
19608929283,TAAAANCAGAGATANA,1.483831706845,E2,4,R1
19615467980,ATATCNGACATGACNA,1.877387064297,E3,1,R0
19797172835,TAGCGNAGTAAAAANT,1.724407817863,E3,5,R2
19798965600,AAGCCNTTAATCAANT,1.788450457308,E3,2,R0
19854905341,CTTTTNTATCATCTNT,1.287054028119,E2,4,R1
19864301584,AACAANATACAAAAAN,0.946372935985,E1,5,R2
19906035507,TATATNTTTCTTCGAN,1.610577243332,E3,3,R1
19998428851,TATGGNTATTTTTTCN,1.483831706845,E2,6,R2
20065601532,ATTTTNCATAAAAATN,1.295836389291,E2,5,R2
20066296832,AAAAANCGCTGAAATN,1.664497779200,E3,5,R2
20102259455,TTTTGNAGAAATAGTN,1.530618994849,E2,4,R1
20127882748,ATTTCNTCATCTGTTN,1.610577243332,E3,3,R1
20129197373,CTTACNTGATGATTTN,1.778328353731,E3,3,R1
20132888625,CATAAANNAGTAAAAA,1.291691997138,E2,5,R2
20134792577,CAAGCTNNAGAAGAAA,1.610577243332,E3,3,R1
20166938656,AAGAAANNCATGAAGA,1.429911170976,E2,3,R1
20231175553,CAAGCTNNTATTCTCC,1.809200032698,E3,2,R0
20233265147,TGTTTTNNCATTTTCC,1.429911170976,E2,4,R1
20262646273,CAAAGANNTCTTTGTC,1.924174352300,E3,3,R1
20264746878,GTTCTTNNTCTTCTTC,1.198117421130,E1,2,R0
20266073989,CCAGTTNNTGTATTTC,1.778328353731,E3,3,R1
20319268864,AAAAAANNTCTTCATG,1.689391746743,E3,6,R2
20355421983,TTCATCNNCATCACCT,1.530618994849,E2,2,R0
20367532017,CATTTTNNCTTTTTCT,1.094914318412,E1,5,R2
20384837940,ACTACANNTTTCAATT,1.530618994849,E2,3,R1
20392574300,ATCCCTNNTTCTTCTT,1.263809173884,E2,3,R1
20400558047,TTCTTTNNATTCTTTT,0.946372935985,E1,4,R1
20412700682,GGAAAGNCNACATGAA,1.689391746743,E3,3,R1
20412747776,AAAAAANCNTCATGAA,1.483831706845,E2,6,R2
20452945916,ATTTTTNGNATCCATA,1.689391746743,E3,5,R2
20599259319,TCTGAANANTTTATTG,1.689391746743,E3,3,R1
20665537260,ATGTGANCNATAATTT,1.727396673574,E3,3,R1
20669591164,ATTCGTNGTNAAAAAA,1.689391746743,E3,6,R2
20682162944,AAAATANATNAAATAA,0.749595257259,E0,4,R1
20769636221,CTTCTTNTCNTCTTCC,0.985228136034,E1,2,R0
20849888083,TACCTGNAANAAATGG,1.877387064297,E3,3,R1
20858278919,TCAAACNCANAAACTG,1.689391746743,E3,3,R1
20921198128,AATAGCNGANAAAATT,1.610577243332,E3,4,R1
20935823359,TTTTTTNACNTTCTTT,0.946372935985,E1,6,R2
20963600920,AGCAGGNGATNCAGCA,1.809200032698,E3,2,R0
21069822205,CTTTAGNTTTNGCTTC,1.610577243332,E3,3,R1
21118353854,GTTGCANAGANAATGG,1.809200032698,E3,2,R0
21140911447,TCCCCCNTGANGCAAT,1.877387064297,E3,5,R2
21151789296,AATTAANTGGNTTGAT,1.530618994849,E2,2,R0
21206465567,TTCAATNTTAANAAAA,1.263809173884,E2,4,R1
21420801823,TTCATTNTCTCNATAT,1.413799564606,E2,2,R0
21429534780,ATTAAANATATNACCT,1.431560284283,E2,3,R1
21458108431,TTAAAANATAANAATT,0.940285958671,E1,4,R1
21472211084,ATAGAANTTTCNCTTT,1.689391746743,E3,3,R1
21474835455,TTTTTGNTTTTNTTTT,0.371232326641,E0,5,R2
21592378615,TCTTATNAGCAANATC,1.809200032698,E3,2,R0
21611282622,GTTGAANAAGAGNAAG,1.431560284283,E2,2,R0
21625175103,TTTAATNTTCCTNTAG,1.610577243332,E3,3,R1
21657288664,AGCTTTNTTTTCNTGG,1.610577243332,E3,4,R1
21743263807,TTTAAANGTTTTNTTT,1.094914318412,E1,4,R1
21751923695,TTGTTANAAACAGNAA,1.689391746743,E3,3,R1
21757951455,TTCTCTNTTTTCTNAA,1.287054028119,E2,4,R1
21776828896,AAGTCGNAAAAAANGA,1.429911170976,E2,6,R2
21802573978,GGCGAANGTAGAGNTA,1.727396673574,E3,2,R0
21810331135,TTTTCTNTATTTTNTA,0.946372935985,E1,4,R1
21861760895,TTTCTTNTTTTAANTC,1.148834854281,E1,4,R1
21976020268,ATGACCNTCTTCTNCT,1.727396673574,E3,2,R0
22010928495,TTGCCTNCAACTTNTT,1.689391746743,E3,2,R0
22012241964,ATGAAGNGAAGAAANA,1.198117421130,E1,3,R1
22056534018,GAAAAANAAATGGGNA,1.198117421130,E1,5,R2
22063055044,ACATAANAGTTAATNA,1.521640636343,E2,2,R0
22064136303,TTGCAANAAAAGATNA,1.610577243332,E3,4,R1
22124438198,GCTGGANGAAGTGGNC,1.778328353731,E3,2,R0
22145859711,TTTCAANAATTTTTNC,1.378783493486,E2,5,R2
22174625148,ATTCCTNGTCCTGCNG,1.809200032698,E3,2,R0
22225485627,TGTATTNTTCTTGANT,1.483831706845,E2,2,R0
22246596616,AGAAAANGAAAAAGNT,1.094914318412,E1,5,R2
22279582151,TCATCANTCTCTTTNT,1.378783493486,E2,3,R1
22280684323,TAGATANACAGAAAAN,1.483831706845,E2,4,R1
22292525184,AAAGAANTTATTGAAN,1.378783493486,E2,3,R1
22313720839,TCAAATNCCAAAAGAN,1.610577243332,E3,4,R1
22327099327,TTTGTTNTCATATGAN,1.610577243332,E3,3,R1
22365076246,GCCATGNTTTTAACCN,1.924174352300,E3,4,R1
22394565744,AATCACNTTCACTGCN,1.835237745312,E3,2,R0
22417475631,TTGAAGNAGTTGAAGN,1.577406282852,E2,2,R0
22481324031,TTTTTCNATCTTTTGN,1.291691997138,E2,5,R2
22483566280,AGATGTNTTTTCAATN,1.689391746743,E3,4,R1
22506492691,TACATANCTCTTCCTN,1.530618994849,E2,2,R0
22548407387,TGCCACNGCCTTTTTN,1.727396673574,E3,5,R2
22549311884,ATAGCATNNATGAAAA,1.610577243332,E3,4,R1
22549577600,AAAGTTTNNATTAAAA,1.263809173884,E2,4,R1
22582177024,AAAACTGNNGAAAAGA,1.429911170976,E2,4,R1
22594718384,AATGGGANNAAAATGA,1.378783493486,E2,4,R1
22598874111,TTTTTATNNCTTTTGA,1.291691997138,E2,5,R2
22681942026,GGAAAGTNNTGATTTC,1.835237745312,E3,3,R1
22682804354,GAAGAAGNNAAAAAAG,0.863120568567,E1,6,R2
22804389835,TGATTTCNNCTTTATT,1.483831706845,E2,3,R1
22813622079,TTTATTTNNAATATTT,0.863120568567,E1,3,R1
22813881344,AAAAACTNNAAACTTT,1.378783493486,E2,5,R2
22817541760,AAAGGTANANAGAAAA,1.094914318412,E1,4,R1
22820220880,AACTTTGNTNAATAAA,1.574417427140,E2,3,R1
22833127359,TTTGTTCNTNCCTTAA,1.610577243332,E3,3,R1
22850711562,GGAAAATNANGAAAGA,1.198117421130,E1,4,R1
22883997744,AATAAGCNANGTTTTA,1.727396673574,E3,4,R1
23070411552,AAGATGANGNGGCATT,1.809200032698,E3,2,R0
23072014351,TTAAAAANANTATATT,0.985228136034,E1,5,R2
23085980674,GAAAATCNAANGAAAA,1.291691997138,E2,4,R1
23086444031,TTTTCTGNATNTAAAA,1.574417427140,E2,4,R1
23087542273,CAAAAATNTTNTCAAA,1.378783493486,E2,5,R2
23186108511,TTCCAATNTTNTTTCC,1.378783493486,E2,3,R1
23217340279,TCTCTTTNCANTCTTC,1.263809173884,E2,3,R1
23217512446,GTTTTTCNATNTCTTC,1.429911170976,E2,5,R2
23219945470,GTTTTTTNAANCAAAG,1.727396673574,E3,6,R2
23292575776,AAGAAAANGANGCCAT,1.610577243332,E3,4,R1
23318222463,TTTCGCCNTTNTCTCT,1.263809173884,E2,3,R1
23333472126,GTTCTCANGANGATGT,1.924174352300,E3,2,R0
23347281917,CTTTTTTNATNGCGTT,1.483831706845,E2,6,R2
23351183099,TGTTGCANTGNCCTTT,1.724407817863,E3,3,R1
23351656320,AAAGTTTNTCNTCTTT,1.610577243332,E3,3,R1
23353218909,CTCCTCCNTCNCTTTT,1.000000000000,E1,4,R1
23354147010,GAATAAANAACNAAAA,1.089230078843,E1,4,R1
23358013487,TTGAAAANATTNTAAA,1.263809173884,E2,4,R1
23370629118,GTTTTTTNCTTNTTAA,1.291691997138,E2,6,R2
23403989039,TTGAAGANGATNTTGA,1.577406282852,E2,2,R0
23454794508,ATAATAANTTANAAGC,1.521640636343,E2,2,R0
23553168700,ATTACCCNTAANGTTG,1.924174352300,E3,3,R1
23609425088,AAATATTNATGNTATT,1.295836389291,E2,3,R1
23609731709,CTTCGGGNTTTNTATT,1.610577243332,E3,3,R1
23616107201,CAATGATNACANGGTT,1.924174352300,E3,2,R0
23642425404,ATTAAGANTGATNACA,1.689391746743,E3,2,R0
23874191343,TTGTTTTNATAANATT,1.198117421130,E1,4,R1
23890870283,TGAAAAANTCAAANAA,1.291691997138,E2,5,R2
23893392904,AGAAGTTNAAGGANAA,1.378783493486,E2,2,R0
23894935356,ATTATCANTTTTANAA,1.295836389291,E2,4,R1
23908764300,ATAGGGANTGACANCA,1.842370993177,E3,3,R1
23927394292,ACTTTTANATTGANGA,1.727396673574,E3,4,R1
24037558283,TGAAAGANAAAATNAG,1.287054028119,E2,4,R1
24092790720,AAATTTANTGGAANAT,1.431560284283,E2,3,R1
24143458293,CCTTTTGNTTTAANTT,1.483831706845,E2,4,R1
24150614000,AATTTTCNACTTCNTT,1.413799564606,E2,4,R1
24159289864,AGAAGAANGCAAAANA,1.094914318412,E1,4,R1
24159596523,TGGTTTGNAGCAAANA,1.835237745312,E3,3,R1
24161044475,TGTTTCANCATCAANA,1.809200032698,E3,3,R1
24161287687,TCAAGTTNTTTCAANA,1.727396673574,E3,3,R1
24189108264,AGGAAAANGAGATCNA,1.521640636343,E2,4,R1
24211929283,TAATAGTNGACGATNA,1.788450457308,E3,2,R0
24260593091,TAATCCANCTGAAGNC,1.924174352300,E3,2,R0
24297209661,CTTATTTNTCGTAANG,1.778328353731,E3,3,R1
24388764396,ATGTGAANATTGGCNT,1.835237745312,E3,2,R0
24410882240,AAATAAANGAAAATNT,1.094914318412,E1,4,R1
24478154819,TAACAAANATAAATAN,1.094914318412,E1,3,R1
24541146559,TTTGCTGNAACATGCN,1.959190423420,E3,3,R1
24558499837,CTTTTCTNTATATTCN,1.287054028119,E2,4,R1
24602679915,TGGCGGCNATTGCGGN,1.724407817863,E3,2,R0
24617156800,AAATAAANAATACTGN,1.429911170976,E2,3,R1
24628693999,TTGTTGANAATTTTGN,1.413799564606,E2,4,R1
24634173519,TTACAGGNGTTACATN,1.924174352300,E3,2,R0
24658592527,TTAATAANCACATCTN,1.530618994849,E2,2,R0
24681247693,CTATTATNTCTCATTN,1.413799564606,E2,2,R0
24696097199,TTGGCGAGNNAAAAAA,1.689391746743,E3,6,R2
24698932076,ATGCTGATNNTGGAAA,1.835237745312,E3,3,R1
24720246039,TCCACCAANNCATCCA,1.431560284283,E2,2,R0
24890098017,CAGCCAATNNAACGTG,1.924174352300,E3,2,R0
24950878184,AGGTTTGANNAATATT,1.530618994849,E2,3,R1
24956105601,CAAGTATTNNTTTCTT,1.610577243332,E3,3,R1
24966578017,CAGCTTTGNTNTCAAA,1.924174352300,E3,3,R1
24967383808,AAAATGAANANTGAAA,1.148834854281,E1,4,R1
24967643963,TGTATAAANANATAAA,1.198117421130,E1,3,R1
24972840951,TCTTTTACNTNTTCAA,1.413799564606,E2,4,R1
24977060363,TGAAGATGNTNTTGAA,1.577406282852,E2,2,R0
25166481581,CTGGAGAANGNGAAAT,1.727396673574,E3,3,R1
25188750327,TCTTTACTNCNTCCCT,1.295836389291,E2,3,R1
25202703808,AAATCTTGNGNATAGT,1.809200032698,E3,3,R1
25228945538,GAAGAGGANTNAATTT,1.556656707463,E2,3,R1
25229460227,TAAATAAANTNGATTT,1.295836389291,E2,3,R1
25229775871,TTTTTACTNTNTATTT,0.946372935985,E1,5,R2
25238961393,CATTATTTNTGNCCAA,1.788450457308,E3,3,R1
25241014143,TTTCTTACNTGNTCAA,1.724407817863,E3,3,R1
25250532059,TGCTGGAGNATNAACA,1.924174352300,E3,2,R0
25258098096,AATGCTTTNTTNTCCA,1.724407817863,E3,3,R1
25369379006,GTTGAAAANGANGAAG,1.431560284283,E2,4,R1
25438444543,TTTTTGCTNTTNTAAT,1.291691997138,E2,5,R2
25440501999,TTGTAAACNTTNCCAT,1.788450457308,E3,3,R1
25441562032,AATGCTGCNTTNGCAT,1.959190423420,E3,2,R0
25468600363,TGGAAAAANATNAAGT,1.413799564606,E2,5,R2
25497493501,CTTTTTCTNACNATTT,1.287054028119,E2,5,R2
25498025495,TCCAGTTTNATNATTT,1.610577243332,E3,3,R1
25502089230,GTAAAAAANTGANAAA,1.148834854281,E1,6,R2
25503474208,AAGAGAGANAAGNAAA,0.863120568567,E1,3,R1
25567493887,TTTTGTTTNAATNTTA,1.094914318412,E1,4,R1
25624951903,TTCCATTGNCTCNCTC,1.591672778582,E2,2,R0
25677467536,AACGTTAANTTTNCGG,1.924174352300,E3,3,R1
25756807872,AAATGATGNCGTNATT,1.809200032698,E3,3,R1
25769814912,AAAGTGGANAAAANAA,1.094914318412,E1,4,R1
25794486784,AAAAGAGGNAGTCNCA,1.689391746743,E3,4,R1
25858932931,TAATAAAANAACCNCC,1.378783493486,E2,4,R1
25862171656,AGAAATGCNCAAGNCC,1.788450457308,E3,3,R1
25967189763,TAAATTCTNTAATNTG,1.574417427140,E2,3,R1
26021573371,TGTTGATGNCAAANTT,1.788450457308,E3,3,R1
26036928495,TTGTTTTTNTGGTNTT,0.749595257259,E0,5,R2
26038227122,GATGAACTNTTTTNTT,1.610577243332,E3,4,R1
26058885665,CAGAGGAANTGTACNA,1.842370993177,E3,2,R0
26163935087,TTGCTCTTNCTTCTNC,1.263809173884,E2,2,R0
26168373631,TTTCCATGNCAATTNC,1.788450457308,E3,3,R1
26238516687,TTATCTTTNTTGTTNG,1.291691997138,E2,3,R1
26239688659,TACTTTCTNCAAAANT,1.530618994849,E2,4,R1
26273112062,GTTTTTCTNTTTTCNT,0.946372935985,E1,5,R2
26279410639,TTATTGTTNTTCCGNT,1.483831706845,E2,2,R0
26286261472,AAGTACAGNAGATGNT,1.788450457308,E3,2,R0
26307524786,GATGAGTTNATAAAAN,1.492614068017,E2,4,R1
26363085180,ATTCCAATNATCCTAN,1.577406282852,E2,2,R0
26438406156,ATAAAACANGGCTTCN,1.877387064297,E3,4,R1
26525593407,TTTATTGCNATAACTN,1.689391746743,E3,3,R1
26541555111,TCGGCTTTNTTTTCTN,1.287054028119,E2,4,R1
26575335935,TTTTCATCTNNAAAAA,1.448815635725,E2,5,R2
26577404464,AATAGAAATNNAGAAA,1.148834854281,E1,3,R1
26587889698,GAGAAAAATNNAATAA,1.148834854281,E1,5,R2
26610893344,AAGAGAAAGNNAGAGA,0.940285958671,E1,3,R1
26642022335,TTTGTTTTANNTTTTA,0.946372935985,E1,4,R1
26711627912,AGAGAGCATNNAGAAG,1.574417427140,E2,2,R0
26789022419,TACTGGAAANNAATAT,1.689391746743,E3,3,R1
26835107872,AAGAAAACTNNTTCTT,1.727396673574,E3,4,R1
26841447472,AATAATTTTNNTCTTT,1.198117421130,E1,4,R1
26845929986,GAAAGAGCANCNGAAA,1.378783493486,E2,3,R1
26893715456,AAAAAGAGCNTNTTGA,1.724407817863,E3,5,R2
26894966784,AAAAAAGGANANCATA,1.291691997138,E2,6,R2
26926969217,CAAGCATTANGNTTAC,1.924174352300,E3,2,R0
26946314242,GAAAAAGAANANGAGC,1.198117421130,E1,5,R2
26975657855,TTTCTTCTTNTNCTTC,0.863120568567,E1,3,R1
27044859703,TCTATTATTNTNTTTG,1.291691997138,E2,3,R1
27102806527,TTTTCAAAANCNTCTT,1.492614068017,E2,4,R1
27113028860,ATTTATTTTNTANAAA,0.985228136034,E1,4,R1
27115244848,AATACTATCNATNAAA,1.378783493486,E2,3,R1
27116045216,AAGGTAAAGNTTNAAA,1.413799564606,E2,3,R1
27119081988,ACAAGGCCANTGNCAA,1.788450457308,E3,2,R0
27233689469,CTTCTTCACNAANCTC,1.530618994849,E2,2,R0
27245420543,TTTTTTCAANCTNTTC,1.287054028119,E2,6,R2
27249734662,GCAAACTTCNCTNAAG,1.924174352300,E3,3,R1
27254538111,TTTCTTTATNTTNCAG,1.483831706845,E2,3,R1
27262967974,GCGGAAGTTNTTNTAG,1.809200032698,E3,2,R0
27360775671,TCTTCTACANCCNTGT,1.727396673574,E3,2,R0
27447520572,ATTACTGTTNTTTNTA,1.429911170976,E2,3,R1
27460944846,GTATTAATANTATNAC,1.591672778582,E2,2,R0
27572355394,GAACCAATANATCNTG,1.877387064297,E3,2,R0
27598717986,GAGAACAATNAAANCT,1.664497779200,E3,3,R1
27648327419,TGTTGTTTTNCTTNTT,0.946372935985,E1,4,R1
27661435552,AAGGGAAAANAATANA,1.094914318412,E1,4,R1
27684241359,TTATTTTTTNGCAGNA,1.610577243332,E3,6,R2
27702000579,TAATTGTTGNGGATNA,1.556656707463,E2,2,R0
27716718541,CTATTTAGTNGAAANC,1.863120568567,E3,3,R1
27808170035,TATAAAAATNTTCCNG,1.727396673574,E3,5,R2
27868182495,TTCTTCTGGNACACNT,1.842370993177,E3,2,R0
27883598598,GCAATATTCNTTTCNT,1.724407817863,E3,3,R1
27914144768,AAAAATAAANACTTNT,1.198117421130,E1,5,R2
27917417644,ATGGATTTCNAAAAAN,1.689391746743,E3,5,R2
27925923970,GAAGAGATTNAAGAAN,1.378783493486,E2,2,R0
27934615687,TCAGAGGCANGAACAN,1.788450457308,E3,2,R0
27938504959,TTTTAAATTNAACCAN,1.448815635725,E2,4,R1
28044378108,ATTTTTTATNACGTCN,1.610577243332,E3,6,R2
28100443257,CGTCATTGGNGGTGGN,1.689391746743,E3,2,R0
28118843383,TCTTTTTCTNAAAATN,1.378783493486,E2,5,R2
28143530999,TCTTTATAANTTCCTN,1.413799564606,E2,3,R1
28185854915,TAATTAAAGANNAAAA,1.094914318412,E1,4,R1
28201648967,TCACTAAATANNTTAA,1.431560284283,E2,3,R1
28354556864,AAATTATAAANNCAGG,1.610577243332,E3,3,R1
28371045633,CAAACTATTGNNAATG,1.842370993177,E3,3,R1
28416311988,ACTGGAAGGTNNTGCT,1.924174352300,E3,2,R0
28440542194,GATTTGTAAANNTATT,1.431560284283,E2,3,R1
28443150032,AACTGCAAAGNNCCTT,1.924174352300,E3,3,R1
28453646335,TTTTTTGAAGNNTTTT,1.148834854281,E1,6,R2
28454155251,TATTTATTTTNNTTTT,0.591672778582,E0,4,R1
28454203634,GATTAATGAANANAAA,1.287054028119,E2,3,R1
28454291712,AAAACGAAGANANAAA,0.946372935985,E1,4,R1
28462552816,AATTGCCAAANANGAA,1.664497779200,E3,3,R1
28463460872,AGAAGATTCTNANGAA,1.724407817863,E3,2,R0
28486746140,ATCAAAACCANTNTCA,1.492614068017,E2,4,R1
28505489323,TGGGTTTATTNANATA,1.492614068017,E2,3,R1
28523102980,ACAATAAAATNCNAAC,1.287054028119,E2,4,R1
28523631808,AAATACCAACNGNAAC,1.521640636343,E2,3,R1
28592603144,AGAAAAAGAANANCAG,1.094914318412,E1,5,R2
28658458593,CAGTTTCCCTNGNAAT,1.924174352300,E3,3,R1
28663090239,TTTAATAAACNTNCAT,1.448815635725,E2,3,R1
28664131592,AGAAAATTTANANGAT,1.378783493486,E2,4,R1
28668231616,AAATTTTCGANANTAT,1.591672778582,E2,4,R1
28714778448,AACCTTTGAGNANGTT,1.924174352300,E3,3,R1
28723692048,AACAGAATAANCANAA,1.291691997138,E2,2,R0
28728225825,CAGAAATTCCNCCNAA,1.727396673574,E3,3,R1
28763290635,TGAAATTTATNGCNGA,1.809200032698,E3,3,R1
28782103614,GTTAATAAATNAGNTA,1.431560284283,E2,3,R1
28891379196,ATTTCCTCTTNAANGG,1.877387064297,E3,3,R1
28912364606,GTTAATGGTTNACNTG,1.788450457308,E3,2,R0
28931062528,AAAATGTTATNGCNAT,1.727396673574,E3,4,R1
28937597443,TAAAGATGAANCTNAT,1.689391746743,E3,3,R1
28980534269,CTTTTGCTTTNCCNTT,1.198117421130,E1,4,R1
29020374795,TGAATCATTTNTGCNA,1.842370993177,E3,3,R1
29055909932,ATGAAAAAGTNCTTNA,1.689391746743,E3,5,R2
29058460662,GCTTTGGTACNAAANC,1.985228136034,E3,3,R1
29104275839,TTTCCAAAAANATGNC,1.788450457308,E3,5,R2
29124902768,AATCTTTGGGNTTTNC,1.778328353731,E3,3,R1
29135782077,CTTGAAATAANGGANG,1.788450457308,E3,3,R1
29171353372,ATCATCAGTTNTGGNG,1.924174352300,E3,2,R0
29181004768,AAGTTGATGANCCTNG,1.950212064915,E3,2,R0
29192027527,TCAGCTTTGGNTTTNG,1.689391746743,E3,3,R1
29194910784,AAACATTTGCNGAANT,1.842370993177,E3,3,R1
29248980608,AAAGGCAAAANGCTNT,1.778328353731,E3,4,R1
29256835070,GTTTTTCTTCNCTTNT,1.094914318412,E1,5,R2
29257759743,TTTTTGTTCCNGTTNT,1.148834854281,E1,5,R2
29310811639,TCTTCTTCTTNAATAN,1.413799564606,E2,2,R0
29319229643,TGATAATTTTNAGTAN,1.431560284283,E2,4,R1
29460928178,GATGGCCAGANAAATN,1.842370993177,E3,3,R1
29489696130,GAAGCTAACGNTGCTN,1.985228136034,E3,2,R0
29516495997,CTTCATTTCANCCTTN,1.431560284283,E2,3,R1
29524033503,TTCTTTTTACNATTTN,1.148834854281,E1,5,R2
29525039100,ATTTTCCCACNCTTTN,1.431560284283,E2,4,R1
29530045960,AGAAGTTGAAGNNAAA,1.378783493486,E2,3,R1
29530948291,TAATGAAGGTGNNAAA,1.492614068017,E2,3,R1
29630797814,GCTTTCCAGAGNNAGC,1.985228136034,E3,3,R1
29671031304,AGAAGAAAAGANNGAG,0.940285958671,E1,4,R1
29715596290,GAAAACAAAATNNATG,1.483831706845,E2,4,R1
29729366048,AAGAAAGAGAANNAAT,1.094914318412,E1,3,R1
29732290336,AAGATTTGGTGNNAAT,1.577406282852,E2,3,R1
29783555279,TTATATTTATTNNATT,0.863120568567,E1,3,R1
29832887808,AAAAGTTGCTGNANGA,1.788450457308,E3,4,R1
29843008522,GGAAATGAAGANTNGA,1.431560284283,E2,3,R1
29896941565,CTTTTTCATTTNTNCC,1.198117421130,E1,5,R2
29914329084,ATTTTTGCAGANANTC,1.842370993177,E3,5,R2
29930520063,TTTTCTTCTTTNTNTC,0.749595257259,E0,4,R1
29936173238,GCTGAAATCCCNCNAG,1.924174352300,E3,3,R1
30061043456,AAAATTCATCANTNTT,1.448815635725,E2,4,R1
30066835650,GAATAAAGTTCNAANA,1.610577243332,E3,3,R1
30117233347,TAATGAAGAAGNATNA,1.413799564606,E2,2,R0
30136086561,CAGAAATAAAANCANC,1.429911170976,E2,4,R1
30140260173,CTACTTCTTTTNCANC,1.431560284283,E2,4,R1
30224368664,AGCAACACTAANGCNG,1.788450457308,E3,2,R0
30227311744,AAAGATGAAATNGCNG,1.689391746743,E3,3,R1
30265787136,AAAATAACTGTNTTNG,1.727396673574,E3,4,R1
30266813215,TTCATGGTGGANAANT,1.835237745312,E3,2,R0
30333377535,TTTTTGCGGAANAAAN,1.809200032698,E3,5,R2
30370397952,AAAATTTCTCTNAGAN,1.727396673574,E3,4,R1
30386733476,ACGGCAATAATNATAN,1.778328353731,E3,2,R0
30430007218,GATGTTAACCANTCCN,1.950212064915,E3,2,R0
30534819636,ACTATTCCACANAATN,1.556656707463,E2,2,R0
30580655605,CCTTCCATTTTNGGTN,1.689391746743,E3,4,R1
30599511519,TTCTCTTCTTCNTTTN,0.863120568567,E1,3,R1
30668234930,GATGAAGAAGTTNNTA,1.556656707463,E2,2,R0
30720130441,CGAGCTTTTTAANNTC,1.877387064297,E3,5,R2
30804751095,TCTTGATATGCANNAT,1.842370993177,E3,2,R0
30870523132,ATTTATATGCAANANA,1.574417427140,E2,3,R1
30920470720,AAATAATTAAAANTNA,0.863120568567,E1,4,R1
31003716607,TTTTTGGATCTTNTNC,1.483831706845,E2,5,R2
31117213567,TTTCTTTTGGTGNGNT,1.198117421130,E1,4,R1
31137989432,AGTATAAAAGTTNTNT,1.448815635725,E2,4,R1
31157375996,ATTTTACTTTCANCAN,1.492614068017,E2,4,R1
31180980746,GGAAGAAAAGAGNGAN,0.985228136034,E1,4,R1
31184617471,TTTTTTTCTTTGNGAN,1.291691997138,E2,7,R2
31185473520,AATTTTAGATATNGAN,1.448815635725,E2,4,R1
31268741298,GATGAAGATAATNTCN,1.788450457308,E3,2,R0
31272935936,AAAAGAGATAAANAGN,1.094914318412,E1,4,R1
31273288200,AGAAGAAGAGAANAGN,0.940285958671,E1,2,R0
31335367470,GTGATAATTGTGNTGN,1.530618994849,E2,2,R0
31336434435,TAAATGAAATATNTGN,1.431560284283,E2,3,R1
31394831792,AATGCTCATCACNTTN,1.835237745312,E3,2,R0
31403307005,CTTTTTGCAGATNTTN,1.664497779200,E3,5,R2
31404212220,ATTTTTTAGCCTNTTN,1.483831706845,E2,6,R2
31406928861,CTCTTATGTTTTNTTN,1.291691997138,E2,4,R1
31453774559,TTCTGAAGGGATGNNA,1.835237745312,E3,3,R1
31457288688,AATTCAGAAAAATNNA,1.429911170976,E2,5,R2
31611904015,TTAAAAGCTCTAANNT,1.727396673574,E3,4,R1
31615613951,TTTTTGTTTTGCANNT,1.291691997138,E2,5,R2
31616610301,CTTTTTGATTTCANNT,1.483831706845,E2,5,R2
31621058071,TCCAGTAATAATANNT,1.727396673574,E3,2,R0
31640764595,TATGAAATTTGTCNNT,1.689391746743,E3,3,R1
31668076991,TTTGCAAGAACGTNNT,1.924174352300,E3,3,R1
31674338035,TATTGGAAAATTTNNT,1.431560284283,E2,4,R1
31675710468,ACAAATTTACAAANAN,1.287054028119,E2,3,R1
31709713351,TCATTACTTGAAGNAN,1.863120568567,E3,2,R0
31792771839,TTTTGATATTTTGNCN,1.483831706845,E2,4,R1
31808488067,TAAGGAAATTGTTNCN,1.809200032698,E3,3,R1
31809068919,TCTCTTCTTCTTTNCN,0.940285958671,E1,3,R1
31809610249,CGAAGAGAAAAAANGN,1.198117421130,E1,6,R2
31893011457,CAAAATTGAGTTANTN,1.727396673574,E3,4,R1
31904981505,CAAAGAGCTTGGCNTN,1.985228136034,E3,3,R1
31944859645,CTTTTTCTTTAAAANN,1.378783493486,E2,5,R2
31961051388,ATTTAATTGCAACANN,1.727396673574,E3,3,R1
31994004593,CATCACATCTTTGANN,1.835237745312,E3,3,R1
32026918783,TTTCTTTTTATTACNN,1.148834854281,E1,5,R2
32084366064,AATTGACGAAGCAGNN,1.842370993177,E3,2,R0
32145891466,GGAGAAGCTGAAATNN,1.727396673574,E3,3,R1
32176602940,ATTATTTTTTCTCTNN,1.148834854281,E1,6,R2
32178099775,TTTAGCCTGCTTCTNN,1.689391746743,E3,3,R1
32209538015,TTCTTGAGGCCTTTNN,1.724407817863,E3,3,R1
32212187150,GTAAAGTTGTTTTTNN,1.413799564606,E2,5,R2
