token_id_uint64,mask_id,wildcard_i0,wildcard_j0,wildcard_separation,fixed_A_count,fixed_C_count,fixed_G_count,fixed_T_count,fixed_GC_count,primary_stratum,secondary_stratum
6291630,0,0,1,1,8,1,4,1,5,GC5_SEP1,A8_C1_G4_T1_SEP1
17297444,0,0,1,1,7,3,1,3,4,GC4_SEP1,A7_C3_G1_T3_SEP1
29641930,0,0,1,1,6,3,2,3,5,GC5_SEP1,A6_C3_G2_T3_SEP1
69757063,0,0,1,1,5,3,5,1,8,GC8_SEP1,A5_C3_G5_T1_SEP1
70506359,0,0,1,1,3,5,0,6,5,GC5_SEP1,A3_C5_G0_T6_SEP1
88041475,0,0,1,1,5,3,2,4,5,GC5_SEP1,A5_C3_G2_T4_SEP1
97534079,0,0,1,1,5,5,0,4,5,GC5_SEP1,A5_C5_G0_T4_SEP1
120618484,0,0,1,1,4,4,0,6,4,GC4_SEP1,A4_C4_G0_T6_SEP1
130842567,0,0,1,1,3,3,0,8,3,GC3_SEP1,A3_C3_G0_T8_SEP1
131951055,0,0,1,1,1,5,2,6,7,GC7_SEP1,A1_C5_G2_T6_SEP1
234341936,0,0,1,1,4,3,1,6,4,GC4_SEP1,A4_C3_G1_T6_SEP1
241956994,0,0,1,1,3,1,6,4,7,GC7_SEP1,A3_C1_G6_T4_SEP1
264672105,0,0,1,1,2,4,4,4,8,GC8_SEP1,A2_C4_G4_T4_SEP1
268644556,1,0,2,2,10,0,0,4,0,GC0_SEP2,A10_C0_G0_T4_SEP2
302090371,1,0,2,2,8,1,4,1,5,GC5_SEP2,A8_C1_G4_T1_SEP2
318868486,1,0,2,2,8,2,2,2,4,GC4_SEP2,A8_C2_G2_T2_SEP2
336642824,1,0,2,2,9,2,1,2,3,GC3_SEP2,A9_C2_G1_T2_SEP2
367001121,1,0,2,2,2,4,2,6,6,GC6_SEP2,A2_C4_G2_T6_SEP2
469770370,1,0,2,2,10,0,3,1,3,GC3_SEP2,A10_C0_G3_T1_SEP2
571276302,2,0,3,3,7,0,2,5,2,GC2_SEP3,A7_C0_G2_T5_SEP3
666892255,2,0,3,3,0,3,1,10,4,GC4_SEP3,A0_C3_G1_T10_SEP3
668991167,2,0,3,3,0,2,2,10,4,GC4_SEP3,A0_C2_G2_T10_SEP3
724741631,2,0,3,3,2,1,4,7,5,GC5_SEP3,A2_C1_G4_T7_SEP3
770966180,2,0,3,3,5,3,3,3,6,GC6_SEP3,A5_C3_G3_T3_SEP3
788707313,2,0,3,3,4,2,2,6,4,GC4_SEP3,A4_C2_G2_T6_SEP3
791804943,2,0,3,3,5,1,0,8,1,GC1_SEP3,A5_C1_G0_T8_SEP3
792714367,2,0,3,3,2,2,0,10,2,GC2_SEP3,A2_C2_G0_T10_SEP3
805150901,2,0,3,3,2,3,3,6,6,GC6_SEP3,A2_C3_G3_T6_SEP3
806880819,3,0,4,4,8,2,2,2,4,GC4_SEP4,A8_C2_G2_T2_SEP4
807577604,3,0,4,4,8,1,5,0,6,GC6_SEP4,A8_C1_G5_T0_SEP4
809484796,3,0,4,4,6,1,0,7,1,GC1_SEP4,A6_C1_G0_T7_SEP4
810292352,3,0,4,4,9,3,1,1,4,GC4_SEP4,A9_C3_G1_T1_SEP4
818138172,3,0,4,4,8,0,0,6,0,GC0_SEP4,A8_C0_G0_T6_SEP4
825700079,3,0,4,4,3,2,3,6,5,GC5_SEP4,A3_C2_G3_T6_SEP4
907301336,3,0,4,4,4,7,2,1,9,GC9_SEP4,A4_C7_G2_T1_SEP4
936327116,3,0,4,4,4,2,0,8,2,GC2_SEP4,A4_C2_G0_T8_SEP4
937364831,3,0,4,4,2,5,0,7,5,GC5_SEP4,A2_C5_G0_T7_SEP4
946932736,3,0,4,4,9,2,1,2,3,GC3_SEP4,A9_C2_G1_T2_SEP4
1065356226,3,0,4,4,7,0,3,4,3,GC3_SEP4,A7_C0_G3_T4_SEP4
1085471730,4,0,5,5,4,0,4,6,4,GC4_SEP5,A4_C0_G4_T6_SEP5
1103168993,4,0,5,5,6,5,1,2,6,GC6_SEP5,A6_C5_G1_T2_SEP5
1107293377,4,0,5,5,4,3,0,7,3,GC3_SEP5,A4_C3_G0_T7_SEP5
1126608900,4,0,5,5,7,2,3,2,5,GC5_SEP5,A7_C2_G3_T2_SEP5
1144046323,4,0,5,5,7,1,1,5,2,GC2_SEP5,A7_C1_G1_T5_SEP5
1299922769,4,0,5,5,2,5,1,6,6,GC6_SEP5,A2_C5_G1_T6_SEP5
1357939723,5,0,6,6,8,1,2,3,3,GC3_SEP6,A8_C1_G2_T3_SEP6
1406185504,5,0,6,6,8,1,2,3,3,GC3_SEP6,A8_C1_G2_T3_SEP6
1478623361,5,0,6,6,9,1,4,0,5,GC5_SEP6,A9_C1_G4_T0_SEP6
1528866754,5,0,6,6,5,1,5,3,6,GC6_SEP6,A5_C1_G5_T3_SEP6
1547502540,5,0,6,6,7,1,0,6,1,GC1_SEP6,A7_C1_G0_T6_SEP6
1593567112,5,0,6,6,2,1,5,6,6,GC6_SEP6,A2_C1_G5_T6_SEP6
1610887171,6,0,7,7,11,1,0,2,1,GC1_SEP7,A11_C1_G0_T2_SEP7
1613887484,6,0,7,7,5,2,0,7,2,GC2_SEP7,A5_C2_G0_T7_SEP7
1613955020,6,0,7,7,6,0,1,7,1,GC1_SEP7,A6_C0_G1_T7_SEP7
1618050499,6,0,7,7,5,4,0,5,4,GC4_SEP7,A5_C4_G0_T5_SEP7
1623117836,6,0,7,7,7,1,2,4,3,GC3_SEP7,A7_C1_G2_T4_SEP7
1648304811,6,0,7,7,4,0,6,4,6,GC6_SEP7,A4_C0_G6_T4_SEP7
1649087548,6,0,7,7,6,3,2,3,5,GC5_SEP7,A6_C3_G2_T3_SEP7
1742700507,6,0,7,7,0,4,1,9,5,GC5_SEP7,A0_C4_G1_T9_SEP7
1751154849,6,0,7,7,7,2,5,0,7,GC7_SEP7,A7_C2_G5_T0_SEP7
1827765005,6,0,7,7,4,3,1,6,4,GC4_SEP7,A4_C3_G1_T6_SEP7
1844443103,6,0,7,7,0,3,1,10,4,GC4_SEP7,A0_C3_G1_T10_SEP7
1878690687,6,0,7,7,1,1,4,8,5,GC5_SEP7,A1_C1_G4_T8_SEP7
1880033320,7,0,8,8,9,0,3,2,3,GC3_SEP8,A9_C0_G3_T2_SEP8
1880093692,7,0,8,8,6,0,0,8,0,GC0_SEP8,A6_C0_G0_T8_SEP8
1912704047,7,0,8,8,7,1,3,3,4,GC4_SEP8,A7_C1_G3_T3_SEP8
1959758828,7,0,8,8,4,1,3,6,4,GC4_SEP8,A4_C1_G3_T6_SEP8
1976026623,7,0,8,8,2,5,0,7,5,GC5_SEP8,A2_C5_G0_T7_SEP8
2005241090,7,0,8,8,5,4,3,2,7,GC7_SEP8,A5_C4_G3_T2_SEP8
2078752524,7,0,8,8,4,1,2,7,3,GC3_SEP8,A4_C1_G2_T7_SEP8
2088574973,7,0,8,8,2,4,0,8,4,GC4_SEP8,A2_C4_G0_T8_SEP8
2113928191,7,0,8,8,0,1,1,12,2,GC2_SEP8,A0_C1_G1_T12_SEP8
2139617016,7,0,8,8,2,2,3,7,5,GC5_SEP8,A2_C2_G3_T7_SEP8
2149380099,8,0,9,9,9,1,0,4,1,GC1_SEP9,A9_C1_G0_T4_SEP9
2149583619,8,0,9,9,10,0,2,2,2,GC2_SEP9,A10_C0_G2_T2_SEP9
2149679872,8,0,9,9,10,1,2,1,3,GC3_SEP9,A10_C1_G2_T1_SEP9
2160123888,8,0,9,9,7,1,0,6,1,GC1_SEP9,A7_C1_G0_T6_SEP9
2167207344,8,0,9,9,5,3,2,4,5,GC5_SEP9,A5_C3_G2_T4_SEP9
2177124124,8,0,9,9,6,5,0,3,5,GC5_SEP9,A6_C5_G0_T3_SEP9
2181595691,8,0,9,9,7,0,6,1,6,GC6_SEP9,A7_C0_G6_T1_SEP9
2214272193,8,0,9,9,5,2,1,6,3,GC3_SEP9,A5_C2_G1_T6_SEP9
2222717634,8,0,9,9,3,2,4,5,6,GC6_SEP9,A3_C2_G4_T5_SEP9
2266959356,8,0,9,9,4,3,0,7,3,GC3_SEP9,A4_C3_G0_T7_SEP9
2277719108,8,0,9,9,6,3,0,5,3,GC3_SEP9,A6_C3_G0_T5_SEP9
2280726493,8,0,9,9,2,5,0,7,5,GC5_SEP9,A2_C5_G0_T7_SEP9
2285892927,8,0,9,9,3,2,1,8,3,GC3_SEP9,A3_C2_G1_T8_SEP9
2382361329,8,0,9,9,2,2,1,9,3,GC3_SEP9,A2_C2_G1_T9_SEP9
2398138369,8,0,9,9,7,1,2,4,3,GC3_SEP9,A7_C1_G2_T4_SEP9
2402419116,8,0,9,9,6,1,3,4,4,GC4_SEP9,A6_C1_G3_T4_SEP9
2406751740,8,0,9,9,3,4,0,7,4,GC4_SEP9,A3_C4_G0_T7_SEP9
2407497717,8,0,9,9,0,4,0,10,4,GC4_SEP9,A0_C4_G0_T10_SEP9
2411006764,8,0,9,9,4,2,3,5,5,GC5_SEP9,A4_C2_G3_T5_SEP9
2417696515,9,0,10,10,7,2,1,4,3,GC3_SEP10,A7_C2_G1_T4_SEP10
2550137000,9,0,10,10,10,0,4,0,4,GC4_SEP10,A10_C0_G4_T0_SEP10
2597298358,9,0,10,10,3,1,6,4,7,GC7_SEP10,A3_C1_G6_T4_SEP10
2667626467,9,0,10,10,5,0,2,7,2,GC2_SEP10,A5_C0_G2_T7_SEP10
2670706880,9,0,10,10,7,0,1,6,1,GC1_SEP10,A7_C0_G1_T6_SEP10
2683798198,9,0,10,10,2,2,4,6,6,GC6_SEP10,A2_C2_G4_T6_SEP10
2684523228,10,0,11,11,7,2,3,2,5,GC5_SEP11,A7_C2_G3_T2_SEP11
2717906812,10,0,11,11,2,3,0,9,3,GC3_SEP11,A2_C3_G0_T9_SEP11
2735718412,10,0,11,11,9,0,0,5,0,GC0_SEP11,A9_C0_G0_T5_SEP11
2748267633,10,0,11,11,5,2,0,7,2,GC2_SEP11,A5_C2_G0_T7_SEP11
2749507592,10,0,11,11,7,0,5,2,5,GC5_SEP11,A7_C0_G5_T2_SEP11
2752192139,10,0,11,11,5,2,4,3,6,GC6_SEP11,A5_C2_G4_T3_SEP11
2802847544,10,0,11,11,7,2,1,4,3,GC3_SEP11,A7_C2_G1_T4_SEP11
2821389312,10,0,11,11,7,0,4,3,4,GC4_SEP11,A7_C0_G4_T3_SEP11
2895230783,10,0,11,11,3,3,2,6,5,GC5_SEP11,A3_C3_G2_T6_SEP11
2936828175,10,0,11,11,6,2,0,6,2,GC2_SEP11,A6_C2_G0_T6_SEP11
2960932155,11,0,12,12,5,2,1,6,3,GC3_SEP12,A5_C2_G1_T6_SEP12
2961155071,11,0,12,12,3,1,2,8,3,GC3_SEP12,A3_C1_G2_T8_SEP12
2986999852,11,0,12,12,9,0,4,1,4,GC4_SEP12,A9_C0_G4_T1_SEP12
3166174244,11,0,12,12,4,2,2,6,4,GC4_SEP12,A4_C2_G2_T6_SEP12
3179280368,11,0,12,12,2,3,0,9,3,GC3_SEP12,A2_C3_G0_T9_SEP12
3227548671,12,0,13,13,4,2,2,6,4,GC4_SEP13,A4_C2_G2_T6_SEP13
3237084316,12,0,13,13,5,2,1,6,3,GC3_SEP13,A5_C2_G1_T6_SEP13
3237999103,12,0,13,13,3,1,0,10,1,GC1_SEP13,A3_C1_G0_T10_SEP13
3355203665,12,0,13,13,3,6,1,4,7,GC7_SEP13,A3_C6_G1_T4_SEP13
3434285088,12,0,13,13,8,0,3,3,3,GC3_SEP13,A8_C0_G3_T3_SEP13
3488817792,12,0,13,13,6,0,3,5,3,GC3_SEP13,A6_C0_G3_T5_SEP13
3492548624,13,0,14,14,10,2,1,1,3,GC3_SEP14,A10_C2_G1_T1_SEP14
3611522843,13,0,14,14,3,5,1,5,6,GC6_SEP14,A3_C5_G1_T5_SEP14
3623206407,13,0,14,14,2,4,2,6,6,GC6_SEP14,A2_C4_G2_T6_SEP14
3674390528,13,0,14,14,10,0,2,2,2,GC2_SEP14,A10_C0_G2_T2_SEP14
3690999615,13,0,14,14,7,0,1,6,1,GC1_SEP14,A7_C0_G1_T6_SEP14
3692428976,13,0,14,14,4,3,2,5,5,GC5_SEP14,A4_C3_G2_T5_SEP14
3743416536,13,0,14,14,8,1,2,3,3,GC3_SEP14,A8_C1_G2_T3_SEP14
3756847070,13,0,14,14,1,1,3,9,4,GC4_SEP14,A1_C1_G3_T9_SEP14
3787857889,14,0,15,15,4,4,2,4,6,GC6_SEP15,A4_C4_G2_T4_SEP15
3837793759,14,0,15,15,5,5,0,4,5,GC5_SEP15,A5_C5_G0_T4_SEP15
3854573565,14,0,15,15,4,4,0,6,4,GC4_SEP15,A4_C4_G0_T6_SEP15
3870170433,14,0,15,15,3,5,4,2,9,GC9_SEP15,A3_C5_G4_T2_SEP15
3892310715,14,0,15,15,1,1,3,9,4,GC4_SEP15,A1_C1_G3_T9_SEP15
4018094556,14,0,15,15,3,4,0,7,4,GC4_SEP15,A3_C4_G0_T7_SEP15
4022339695,14,0,15,15,6,1,2,5,3,GC3_SEP15,A6_C1_G2_T5_SEP15
4022870144,14,0,15,15,8,0,3,3,3,GC3_SEP15,A8_C0_G3_T3_SEP15
4025663468,14,0,15,15,2,0,3,9,3,GC3_SEP15,A2_C0_G3_T9_SEP15
4027367391,15,1,2,1,5,1,1,7,2,GC2_SEP1,A5_C1_G1_T7_SEP1
4056169567,15,1,2,1,5,4,0,5,4,GC4_SEP1,A5_C4_G0_T5_SEP1
4058002371,15,1,2,1,7,1,1,5,2,GC2_SEP1,A7_C1_G1_T5_SEP1
4060023944,15,1,2,1,6,1,2,5,3,GC3_SEP1,A6_C1_G2_T5_SEP1
4228411168,15,1,2,1,7,1,3,3,4,GC4_SEP1,A7_C1_G3_T3_SEP1
4257185270,15,1,2,1,0,4,2,8,6,GC6_SEP1,A0_C4_G2_T8_SEP1
4286612990,15,1,2,1,4,2,3,5,5,GC5_SEP1,A4_C2_G3_T5_SEP1
4293969869,15,1,2,1,4,2,0,8,2,GC2_SEP1,A4_C2_G0_T8_SEP1
4294768639,15,1,2,1,1,1,0,12,1,GC1_SEP1,A1_C1_G0_T12_SEP1
4320098300,16,1,3,2,2,4,0,8,4,GC4_SEP2,A2_C4_G0_T8_SEP2
4328456959,16,1,3,2,4,1,1,8,2,GC2_SEP2,A4_C1_G1_T8_SEP2
4395807778,16,1,3,2,6,2,5,1,7,GC7_SEP2,A6_C2_G5_T1_SEP2
4429414530,16,1,3,2,9,0,4,1,4,GC4_SEP2,A9_C0_G4_T1_SEP2
4464870026,16,1,3,2,6,0,8,0,8,GC8_SEP2,A6_C0_G8_T0_SEP2
4499633167,16,1,3,2,6,1,1,6,2,GC2_SEP2,A6_C1_G1_T6_SEP2
4504878556,16,1,3,2,4,2,2,6,4,GC4_SEP2,A4_C2_G2_T6_SEP2
4559341560,16,1,3,2,5,1,2,6,3,GC3_SEP2,A5_C1_G2_T6_SEP2
4562894935,16,1,3,2,4,4,1,5,5,GC5_SEP2,A4_C4_G1_T5_SEP2
4564123818,17,1,4,3,8,0,5,1,5,GC5_SEP3,A8_C0_G5_T1_SEP3
4570840412,17,1,4,3,4,6,0,4,6,GC6_SEP3,A4_C6_G0_T4_SEP3
4570859137,17,1,4,3,6,4,2,2,6,GC6_SEP3,A6_C4_G2_T2_SEP3
4571843068,17,1,4,3,7,1,2,4,3,GC3_SEP3,A7_C1_G2_T4_SEP3
4575118083,17,1,4,3,8,0,2,4,2,GC2_SEP3,A8_C0_G2_T4_SEP3
4609002664,17,1,4,3,4,1,5,4,6,GC6_SEP3,A4_C1_G5_T4_SEP3
4629385211,17,1,4,3,2,0,3,9,3,GC3_SEP3,A2_C0_G3_T9_SEP3
4736810049,17,1,4,3,3,6,2,3,8,GC8_SEP3,A3_C6_G2_T3_SEP3
4748091424,17,1,4,3,9,0,4,1,4,GC4_SEP3,A9_C0_G4_T1_SEP3
4778344896,17,1,4,3,7,1,0,6,1,GC1_SEP3,A7_C1_G0_T6_SEP3
4823899121,17,1,4,3,2,3,3,6,6,GC6_SEP3,A2_C3_G3_T6_SEP3
4831628286,17,1,4,3,2,0,2,10,2,GC2_SEP3,A2_C0_G2_T10_SEP3
4831934240,18,1,5,4,8,3,1,2,4,GC4_SEP4,A8_C3_G1_T2_SEP4
4840233586,18,1,5,4,7,2,4,1,6,GC6_SEP4,A7_C2_G4_T1_SEP4
4840359936,18,1,5,4,11,0,3,0,3,GC3_SEP4,A11_C0_G3_T0_SEP4
4881968896,18,1,5,4,6,0,2,6,2,GC2_SEP4,A6_C0_G2_T6_SEP4
4901043504,18,1,5,4,5,3,0,6,3,GC3_SEP4,A5_C3_G0_T6_SEP4
4947931129,18,1,5,4,0,3,5,6,8,GC8_SEP4,A0_C3_G5_T6_SEP4
5016662023,18,1,5,4,8,2,1,3,3,GC3_SEP4,A8_C2_G1_T3_SEP4
5087678213,18,1,5,4,4,2,0,8,2,GC2_SEP4,A4_C2_G0_T8_SEP4
5096480708,18,1,5,4,4,3,1,6,4,GC4_SEP4,A4_C3_G1_T6_SEP4
5122839489,19,1,6,5,5,6,1,2,7,GC7_SEP5,A5_C6_G1_T2_SEP5
5246863484,19,1,6,5,5,1,3,5,4,GC4_SEP5,A5_C1_G3_T5_SEP5
5300814723,19,1,6,5,6,1,2,5,3,GC3_SEP5,A6_C1_G2_T5_SEP5
5335283034,19,1,6,5,3,5,3,3,8,GC8_SEP5,A3_C5_G3_T3_SEP5
5368754368,20,1,7,6,11,0,1,2,1,GC1_SEP6,A11_C0_G1_T2_SEP6
5373231155,20,1,7,6,9,3,0,2,3,GC3_SEP6,A9_C3_G0_T2_SEP6
5376081945,20,1,7,6,8,3,2,1,5,GC5_SEP6,A8_C3_G2_T1_SEP6
5401591285,20,1,7,6,1,6,1,6,7,GC7_SEP6,A1_C6_G1_T6_SEP6
5469225085,20,1,7,6,3,5,0,6,5,GC5_SEP6,A3_C5_G0_T6_SEP6
5637187631,21,1,8,7,8,0,4,2,4,GC4_SEP7,A8_C0_G4_T2_SEP7
5666777923,21,1,8,7,6,3,2,3,5,GC5_SEP7,A6_C3_G2_T3_SEP7
5687493071,21,1,8,7,8,2,0,4,2,GC2_SEP7,A8_C2_G0_T4_SEP7
5702688832,21,1,8,7,8,1,3,2,4,GC4_SEP7,A8_C1_G3_T2_SEP7
5821825056,21,1,8,7,10,0,3,1,3,GC3_SEP7,A10_C0_G3_T1_SEP7
5901331680,21,1,8,7,4,0,3,7,3,GC3_SEP7,A4_C0_G3_T7_SEP7
5904381919,21,1,8,7,0,3,2,9,5,GC5_SEP7,A0_C3_G2_T9_SEP7
5906137146,22,1,9,8,9,0,4,1,4,GC4_SEP8,A9_C0_G4_T1_SEP8
5909217072,22,1,9,8,6,2,0,6,2,GC2_SEP8,A6_C2_G0_T6_SEP8
5990400900,22,1,9,8,6,4,2,2,6,GC6_SEP8,A6_C4_G2_T2_SEP8
6031286140,22,1,9,8,2,4,1,7,5,GC5_SEP8,A2_C4_G1_T7_SEP8
6037655007,22,1,9,8,1,5,0,8,5,GC5_SEP8,A1_C5_G0_T8_SEP8
6043913150,22,1,9,8,3,0,5,6,5,GC5_SEP8,A3_C0_G5_T6_SEP8
6157073663,22,1,9,8,1,2,1,10,3,GC3_SEP8,A1_C2_G1_T10_SEP8
6160334639,22,1,9,8,3,0,2,9,2,GC2_SEP8,A3_C0_G2_T9_SEP8
6165495735,22,1,9,8,0,3,1,10,4,GC4_SEP8,A0_C3_G1_T10_SEP8
6173361913,22,1,9,8,2,3,3,6,6,GC6_SEP8,A2_C3_G3_T6_SEP8
6186602739,23,1,10,9,9,1,0,4,1,GC1_SEP9,A9_C1_G0_T4_SEP9
6190219516,23,1,10,9,6,2,0,6,2,GC2_SEP9,A6_C2_G0_T6_SEP9
6350443635,23,1,10,9,5,4,3,2,7,GC7_SEP9,A5_C4_G3_T2_SEP9
6388741060,23,1,10,9,6,2,0,6,2,GC2_SEP9,A6_C2_G0_T6_SEP9
6392118291,23,1,10,9,4,1,0,9,1,GC1_SEP9,A4_C1_G0_T9_SEP9
6440890219,23,1,10,9,2,1,5,6,6,GC6_SEP9,A2_C1_G5_T6_SEP9
6451363872,24,1,11,10,11,0,3,0,3,GC3_SEP10,A11_C0_G3_T0_SEP10
6468095296,24,1,11,10,6,5,1,2,6,GC6_SEP10,A6_C5_G1_T2_SEP10
6493307092,24,1,11,10,9,2,1,2,3,GC3_SEP10,A9_C2_G1_T2_SEP10
6501171464,24,1,11,10,10,1,2,1,3,GC3_SEP10,A10_C1_G2_T1_SEP10
6543138825,24,1,11,10,8,3,3,0,6,GC6_SEP10,A8_C3_G3_T0_SEP10
6623210759,24,1,11,10,4,3,4,3,7,GC7_SEP10,A4_C3_G4_T3_SEP10
6643790339,24,1,11,10,10,0,1,3,1,GC1_SEP10,A10_C0_G1_T3_SEP10
6722552587,25,1,12,11,8,0,3,3,3,GC3_SEP11,A8_C0_G3_T3_SEP11
6811657731,25,1,12,11,6,3,4,1,7,GC7_SEP11,A6_C3_G4_T1_SEP11
6841631791,25,1,12,11,5,2,2,5,4,GC4_SEP11,A5_C2_G2_T5_SEP11
6848184864,25,1,12,11,8,0,4,2,4,GC4_SEP11,A8_C0_G4_T2_SEP11
6856409091,25,1,12,11,8,0,4,2,4,GC4_SEP11,A8_C0_G4_T2_SEP11
6916716016,25,1,12,11,5,4,1,4,5,GC5_SEP11,A5_C4_G1_T4_SEP11
6978788595,25,1,12,11,2,2,0,10,2,GC2_SEP11,A2_C2_G0_T10_SEP11
6979518334,26,1,13,12,5,1,2,6,3,GC3_SEP12,A5_C1_G2_T6_SEP12
6983254190,26,1,13,12,8,0,3,3,3,GC3_SEP12,A8_C0_G3_T3_SEP12
6996041724,26,1,13,12,4,1,0,9,1,GC1_SEP12,A4_C1_G0_T9_SEP12
7134119950,26,1,13,12,6,1,5,2,6,GC6_SEP12,A6_C1_G5_T2_SEP12
7278104498,27,1,14,13,5,1,2,6,3,GC3_SEP13,A5_C1_G2_T6_SEP13
7407409194,27,1,14,13,5,3,6,0,9,GC9_SEP13,A5_C3_G6_T0_SEP13
7499396479,27,1,14,13,0,3,2,9,5,GC5_SEP13,A0_C3_G2_T9_SEP13
7514496988,27,1,14,13,2,3,2,7,5,GC5_SEP13,A2_C3_G2_T7_SEP13
7564148782,28,1,15,14,5,1,4,4,5,GC5_SEP14,A5_C1_G4_T4_SEP14
7656543220,28,1,15,14,3,5,2,4,7,GC7_SEP14,A3_C5_G2_T4_SEP14
7725649919,28,1,15,14,4,1,0,9,1,GC1_SEP14,A4_C1_G0_T9_SEP14
7776240006,28,1,15,14,7,2,3,2,5,GC5_SEP14,A7_C2_G3_T2_SEP14
7780388863,28,1,15,14,1,1,1,11,2,GC2_SEP14,A1_C1_G1_T11_SEP14
7783317309,28,1,15,14,1,1,2,10,3,GC3_SEP14,A1_C1_G2_T10_SEP14
7784093695,28,1,15,14,0,3,0,11,3,GC3_SEP14,A0_C3_G0_T11_SEP14
7797211328,29,2,3,1,12,0,0,2,0,GC0_SEP1,A12_C0_G0_T2_SEP1
7835025422,29,2,3,1,10,1,1,2,2,GC2_SEP1,A10_C1_G1_T2_SEP1
7916704821,29,2,3,1,2,7,0,5,7,GC7_SEP1,A2_C7_G0_T5_SEP1
7918628851,29,2,3,1,2,1,2,9,3,GC3_SEP1,A2_C1_G2_T9_SEP1
7926211371,29,2,3,1,5,2,4,3,6,GC6_SEP1,A5_C2_G4_T3_SEP1
7950071309,29,2,3,1,3,5,2,4,7,GC7_SEP1,A3_C5_G2_T4_SEP1
7991918079,29,2,3,1,1,3,2,8,5,GC5_SEP1,A1_C3_G2_T8_SEP1
8002698591,29,2,3,1,1,4,0,9,4,GC4_SEP1,A1_C4_G0_T9_SEP1
8019568768,29,2,3,1,8,0,4,2,4,GC4_SEP1,A8_C0_G4_T2_SEP1
8044676016,29,2,3,1,8,0,2,4,2,GC2_SEP1,A8_C0_G2_T4_SEP1
8060202951,30,2,4,2,4,2,2,6,4,GC4_SEP2,A4_C2_G2_T6_SEP2
8066466913,30,2,4,2,7,3,2,2,5,GC5_SEP2,A7_C3_G2_T2_SEP2
8136785375,30,2,4,2,1,5,0,8,5,GC5_SEP2,A1_C5_G0_T8_SEP2
8195617328,30,2,4,2,6,1,2,5,3,GC3_SEP2,A6_C1_G2_T5_SEP2
8245991370,30,2,4,2,1,3,3,7,6,GC6_SEP2,A1_C3_G3_T7_SEP2
8260646668,30,2,4,2,4,4,0,6,4,GC4_SEP2,A4_C4_G0_T6_SEP2
8320710644,30,2,4,2,2,2,0,10,2,GC2_SEP2,A2_C2_G0_T10_SEP2
8320843583,30,2,4,2,1,2,0,11,2,GC2_SEP2,A1_C2_G0_T11_SEP2
8322154739,31,2,5,3,9,0,2,3,2,GC2_SEP3,A9_C0_G2_T3_SEP3
8337776655,31,2,5,3,7,1,2,4,3,GC3_SEP3,A7_C1_G2_T4_SEP3
8384665599,31,2,5,3,3,2,0,9,2,GC2_SEP3,A3_C2_G0_T9_SEP3
8439103584,31,2,5,3,8,2,3,1,5,GC5_SEP3,A8_C2_G3_T1_SEP3
8440413649,31,2,5,3,2,7,1,4,8,GC8_SEP3,A2_C7_G1_T4_SEP3
8443084784,31,2,5,3,4,1,0,9,1,GC1_SEP3,A4_C1_G0_T9_SEP3
8443127651,31,2,5,3,2,3,2,7,5,GC5_SEP3,A2_C3_G2_T7_SEP3
8538911239,31,2,5,3,4,4,1,5,5,GC5_SEP3,A4_C4_G1_T5_SEP3
8585838191,31,2,5,3,2,3,2,7,5,GC5_SEP3,A2_C3_G2_T7_SEP3
8598320981,32,2,6,4,2,6,0,6,6,GC6_SEP4,A2_C6_G0_T6_SEP4
8599025824,32,2,6,4,6,0,7,1,7,GC7_SEP4,A6_C0_G7_T1_SEP4
8657705464,32,2,6,4,5,3,4,2,7,GC7_SEP4,A5_C3_G4_T2_SEP4
8685820592,32,2,6,4,3,4,4,3,8,GC8_SEP4,A3_C4_G4_T3_SEP4
8707372031,32,2,6,4,1,1,1,11,2,GC2_SEP4,A1_C1_G1_T11_SEP4
8714827647,32,2,6,4,1,5,1,7,6,GC6_SEP4,A1_C5_G1_T7_SEP4
8724139089,32,2,6,4,3,4,0,7,4,GC4_SEP4,A3_C4_G0_T7_SEP4
8758452012,32,2,6,4,4,2,4,4,6,GC6_SEP4,A4_C2_G4_T4_SEP4
8794438719,32,2,6,4,6,1,0,7,1,GC1_SEP4,A6_C1_G0_T7_SEP4
8824849455,32,2,6,4,7,1,3,3,4,GC4_SEP4,A7_C1_G3_T3_SEP4
8861565456,33,2,7,5,10,1,1,2,2,GC2_SEP5,A10_C1_G1_T2_SEP5
8862442752,33,2,7,5,8,2,2,2,4,GC4_SEP5,A8_C2_G2_T2_SEP5
8869709935,33,2,7,5,5,2,4,3,6,GC6_SEP5,A5_C2_G4_T3_SEP5
8904998860,33,2,7,5,4,2,1,7,3,GC3_SEP5,A4_C2_G1_T7_SEP5
8908716288,33,2,7,5,10,1,1,2,2,GC2_SEP5,A10_C1_G1_T2_SEP5
8976921473,33,2,7,5,6,3,1,4,4,GC4_SEP5,A6_C3_G1_T4_SEP5
9062856700,33,2,7,5,6,1,0,7,1,GC1_SEP5,A6_C1_G0_T7_SEP5
9093123580,33,2,7,5,3,2,1,8,3,GC3_SEP5,A3_C2_G1_T8_SEP5
9122597883,33,2,7,5,1,0,3,10,3,GC3_SEP5,A1_C0_G3_T10_SEP5
9124573429,33,2,7,5,2,4,0,8,4,GC4_SEP5,A2_C4_G0_T8_SEP5
9127735412,34,2,8,6,8,2,1,3,3,GC3_SEP6,A8_C2_G1_T3_SEP6
9158248410,34,2,8,6,2,4,2,6,6,GC6_SEP6,A2_C4_G2_T6_SEP6
9177162033,34,2,8,6,8,3,1,2,4,GC4_SEP6,A8_C3_G1_T2_SEP6
9261265504,34,2,8,6,7,1,4,2,5,GC5_SEP6,A7_C1_G4_T2_SEP6
9328132160,34,2,8,6,12,1,0,1,1,GC1_SEP6,A12_C1_G0_T1_SEP6
9330983677,34,2,8,6,4,1,4,5,5,GC5_SEP6,A4_C1_G4_T5_SEP6
9333657084,34,2,8,6,4,5,0,5,5,GC5_SEP6,A4_C5_G0_T5_SEP6
9349493381,34,2,8,6,3,6,2,3,8,GC8_SEP6,A3_C6_G2_T3_SEP6
9389986042,34,2,8,6,2,1,4,7,5,GC5_SEP6,A2_C1_G4_T7_SEP6
9390735343,34,2,8,6,1,0,3,10,3,GC3_SEP6,A1_C0_G3_T10_SEP6
9397500914,35,2,9,7,5,1,4,4,5,GC5_SEP7,A5_C1_G4_T4_SEP7
9453040845,35,2,9,7,4,4,0,6,4,GC4_SEP7,A4_C4_G0_T6_SEP7
9462349823,35,2,9,7,1,0,0,13,0,GC0_SEP7,A1_C0_G0_T13_SEP7
9497411056,35,2,9,7,3,4,2,5,6,GC6_SEP7,A3_C4_G2_T5_SEP7
9512449360,35,2,9,7,3,6,1,4,7,GC7_SEP7,A3_C6_G1_T4_SEP7
9521141696,35,2,9,7,6,4,1,3,5,GC5_SEP7,A6_C4_G1_T3_SEP7
9600889317,35,2,9,7,4,5,1,4,6,GC6_SEP7,A4_C5_G1_T4_SEP7
9607249851,35,2,9,7,2,0,5,7,5,GC5_SEP7,A2_C0_G5_T7_SEP7
9648456458,35,2,9,7,5,2,2,5,4,GC4_SEP7,A5_C2_G2_T5_SEP7
9661577213,35,2,9,7,0,3,0,11,3,GC3_SEP7,A0_C3_G0_T11_SEP7
9670755168,36,2,10,8,8,2,2,2,4,GC4_SEP8,A8_C2_G2_T2_SEP8
9671262223,36,2,10,8,8,1,0,5,1,GC1_SEP8,A8_C1_G0_T5_SEP8
9743369472,36,2,10,8,10,3,0,1,3,GC3_SEP8,A10_C3_G0_T1_SEP8
9766439884,36,2,10,8,7,1,3,3,4,GC4_SEP8,A7_C1_G3_T3_SEP8
9797834103,36,2,10,8,1,6,0,7,6,GC6_SEP8,A1_C6_G0_T7_SEP8
9881699266,36,2,10,8,5,0,2,7,2,GC2_SEP8,A5_C0_G2_T7_SEP8
9925009424,36,2,10,8,6,2,3,3,5,GC5_SEP8,A6_C2_G3_T3_SEP8
9932934093,37,2,11,9,7,1,2,4,3,GC3_SEP9,A7_C1_G2_T4_SEP9
9951020259,37,2,11,9,7,2,3,2,5,GC5_SEP9,A7_C2_G3_T2_SEP9
10072022945,37,2,11,9,2,5,4,3,9,GC9_SEP9,A2_C5_G4_T3_SEP9
10183778314,37,2,11,9,9,0,3,2,3,GC3_SEP9,A9_C0_G3_T2_SEP9
10203479947,38,2,12,10,5,0,4,5,4,GC4_SEP10,A5_C0_G4_T5_SEP10
10251057104,38,2,12,10,6,2,2,4,4,GC4_SEP10,A6_C2_G2_T4_SEP10
10271668210,38,2,12,10,4,3,1,6,4,GC4_SEP10,A4_C3_G1_T6_SEP10
10297847932,38,2,12,10,5,3,1,5,4,GC4_SEP10,A5_C3_G1_T5_SEP10
10317956108,38,2,12,10,5,2,2,5,4,GC4_SEP10,A5_C2_G2_T5_SEP10
10370186560,38,2,12,10,5,4,2,3,6,GC6_SEP10,A5_C4_G2_T3_SEP10
10383752751,38,2,12,10,1,1,6,6,7,GC7_SEP10,A1_C1_G6_T6_SEP10
10404101146,38,2,12,10,5,2,3,4,5,GC5_SEP10,A5_C2_G3_T4_SEP10
10432416573,38,2,12,10,4,3,2,5,5,GC5_SEP10,A4_C3_G2_T5_SEP10
10468914172,38,2,12,10,2,0,1,11,1,GC1_SEP10,A2_C0_G1_T11_SEP10
10485235703,39,2,13,11,2,2,0,10,2,GC2_SEP11,A2_C2_G0_T10_SEP11
10503269515,39,2,13,11,6,0,5,3,5,GC5_SEP11,A6_C0_G5_T3_SEP11
10504638216,39,2,13,11,9,0,3,2,3,GC3_SEP11,A9_C0_G3_T2_SEP11
10584311699,39,2,13,11,2,4,2,6,6,GC6_SEP11,A2_C4_G2_T6_SEP11
10674637021,39,2,13,11,6,3,2,3,5,GC5_SEP11,A6_C3_G2_T3_SEP11
10703597563,39,2,13,11,0,1,3,10,4,GC4_SEP11,A0_C1_G3_T10_SEP11
10734182261,39,2,13,11,1,4,2,7,6,GC6_SEP11,A1_C4_G2_T7_SEP11
10767788007,40,2,14,12,2,4,2,6,6,GC6_SEP12,A2_C4_G2_T6_SEP12
10816457218,40,2,14,12,6,2,5,1,7,GC7_SEP12,A6_C2_G5_T1_SEP12
10821111768,40,2,14,12,4,3,1,6,4,GC4_SEP12,A4_C3_G1_T6_SEP12
10854892064,40,2,14,12,9,1,3,1,4,GC4_SEP12,A9_C1_G3_T1_SEP12
10871883659,40,2,14,12,6,1,3,4,4,GC4_SEP12,A6_C1_G3_T4_SEP12
10921695691,40,2,14,12,1,2,5,6,7,GC7_SEP12,A1_C2_G5_T6_SEP12
10922688764,40,2,14,12,7,0,2,5,2,GC2_SEP12,A7_C0_G2_T5_SEP12
11006246912,41,2,15,13,12,1,1,0,2,GC2_SEP13,A12_C1_G1_T0_SEP13
11014110245,41,2,15,13,4,4,1,5,5,GC5_SEP13,A4_C4_G1_T5_SEP13
11021973494,41,2,15,13,2,4,1,7,5,GC5_SEP13,A2_C4_G1_T7_SEP13
11116724650,41,2,15,13,2,3,7,2,10,GC10_SEP13,A2_C3_G7_T2_SEP13
11138104602,41,2,15,13,2,4,3,5,7,GC7_SEP13,A2_C4_G3_T5_SEP13
11148488704,41,2,15,13,10,1,2,1,3,GC3_SEP13,A10_C1_G2_T1_SEP13
11208143312,41,2,15,13,6,2,2,4,4,GC4_SEP13,A6_C2_G2_T4_SEP13
11209010595,41,2,15,13,3,2,4,5,6,GC6_SEP13,A3_C2_G4_T5_SEP13
11209440736,41,2,15,13,5,2,3,4,5,GC5_SEP13,A5_C2_G3_T4_SEP13
11219368059,41,2,15,13,2,2,4,6,6,GC6_SEP13,A2_C2_G4_T6_SEP13
11271631095,41,2,15,13,2,4,0,8,4,GC4_SEP13,A2_C4_G0_T8_SEP13
11274993680,42,3,4,1,10,1,2,1,3,GC3_SEP1,A10_C1_G2_T1_SEP1
11319243808,42,3,4,1,5,2,4,3,6,GC6_SEP1,A5_C2_G4_T3_SEP1
11341564929,42,3,4,1,9,2,2,1,4,GC4_SEP1,A9_C2_G2_T1_SEP1
11416929730,42,3,4,1,7,2,4,1,6,GC6_SEP1,A7_C2_G4_T1_SEP1
11442782210,42,3,4,1,9,0,4,1,4,GC4_SEP1,A9_C0_G4_T1_SEP1
11458802444,42,3,4,1,4,1,2,7,3,GC3_SEP1,A4_C1_G2_T7_SEP1
11487346667,42,3,4,1,2,0,4,8,4,GC4_SEP1,A2_C0_G4_T8_SEP1
11508695091,42,3,4,1,6,1,1,6,2,GC2_SEP1,A6_C1_G1_T6_SEP1
11534334276,42,3,4,1,2,4,1,7,5,GC5_SEP1,A2_C4_G1_T7_SEP1
11540590079,42,3,4,1,0,3,1,10,4,GC4_SEP1,A0_C3_G1_T10_SEP1
11541687712,42,3,4,1,5,1,3,5,4,GC4_SEP1,A5_C1_G3_T5_SEP1
11541925884,42,3,4,1,3,0,0,11,0,GC0_SEP1,A3_C0_G0_T11_SEP1
11604336863,43,3,5,2,5,1,3,5,4,GC4_SEP2,A5_C1_G3_T5_SEP2
11643376127,43,3,5,2,1,4,0,9,4,GC4_SEP2,A1_C4_G0_T9_SEP2
11666440183,43,3,5,2,0,4,1,9,5,GC5_SEP2,A0_C4_G1_T9_SEP2
11752505280,43,3,5,2,7,0,1,6,1,GC1_SEP2,A7_C0_G1_T6_SEP2
11797797630,43,3,5,2,3,2,3,6,5,GC5_SEP2,A3_C2_G3_T6_SEP2
11810353392,43,3,5,2,5,0,1,8,1,GC1_SEP2,A5_C0_G1_T8_SEP2
11812146176,44,3,6,3,11,0,0,3,0,GC0_SEP3,A11_C0_G0_T3_SEP3
11812168112,44,3,6,3,7,2,2,3,4,GC4_SEP3,A7_C2_G2_T3_SEP3
11841035679,44,3,6,3,2,5,1,6,6,GC6_SEP3,A2_C5_G1_T6_SEP3
11878451391,44,3,6,3,6,1,3,4,4,GC4_SEP3,A6_C1_G3_T4_SEP3
11884101553,44,3,6,3,3,4,2,5,6,GC6_SEP3,A3_C4_G2_T5_SEP3
11943024637,44,3,6,3,2,5,0,7,5,GC5_SEP3,A2_C5_G0_T7_SEP3
11948294144,44,3,6,3,10,0,3,1,3,GC3_SEP3,A10_C0_G3_T1_SEP3
11992083456,44,3,6,3,7,0,5,2,5,GC5_SEP3,A7_C0_G5_T2_SEP3
12045262642,44,3,6,3,4,3,1,6,4,GC4_SEP3,A4_C3_G1_T6_SEP3
12062867699,44,3,6,3,8,0,0,6,0,GC0_SEP3,A8_C0_G0_T6_SEP3
12075448304,44,3,6,3,5,1,1,7,2,GC2_SEP3,A5_C1_G1_T7_SEP3
12079199036,44,3,6,3,3,1,1,9,2,GC2_SEP3,A3_C1_G1_T9_SEP3
12180722930,45,3,7,4,5,4,2,3,6,GC6_SEP4,A5_C4_G2_T3_SEP4
12199807025,45,3,7,4,5,3,4,2,7,GC7_SEP4,A5_C3_G4_T2_SEP4
12213804736,45,3,7,4,3,2,1,8,3,GC3_SEP4,A3_C2_G1_T8_SEP4
12300896288,45,3,7,4,8,1,2,3,3,GC3_SEP4,A8_C1_G2_T3_SEP4
12382883632,46,3,8,5,7,1,1,5,2,GC2_SEP5,A7_C1_G1_T5_SEP5
12412269530,46,3,8,5,4,3,2,5,5,GC5_SEP5,A4_C3_G2_T5_SEP5
12414107393,46,3,8,5,7,1,0,6,1,GC1_SEP5,A7_C1_G0_T6_SEP5
12465209321,46,3,8,5,0,2,4,8,6,GC6_SEP5,A0_C2_G4_T8_SEP5
12479922037,46,3,8,5,1,6,0,7,6,GC6_SEP5,A1_C6_G0_T7_SEP5
12582666305,46,3,8,5,6,4,0,4,4,GC4_SEP5,A6_C4_G0_T4_SEP5
12583695168,46,3,8,5,6,1,2,5,3,GC3_SEP5,A6_C1_G2_T5_SEP5
12603803407,46,3,8,5,4,1,1,8,2,GC2_SEP5,A4_C1_G1_T8_SEP5
12614355967,46,3,8,5,1,1,1,11,2,GC2_SEP5,A1_C1_G1_T11_SEP5
12617015432,47,3,9,6,9,1,4,0,5,GC5_SEP6,A9_C1_G4_T0_SEP6
12650698751,47,3,9,6,3,3,3,5,6,GC6_SEP6,A3_C3_G3_T5_SEP6
12723155169,47,3,9,6,3,4,3,4,7,GC7_SEP6,A3_C4_G3_T4_SEP6
12748398463,47,3,9,6,1,5,0,8,5,GC5_SEP6,A1_C5_G0_T8_SEP6
12817235743,47,3,9,6,1,3,1,9,4,GC4_SEP6,A1_C3_G1_T9_SEP6
12820972034,47,3,9,6,9,0,3,2,3,GC3_SEP6,A9_C0_G3_T2_SEP6
12873048044,47,3,9,6,3,2,2,7,4,GC4_SEP6,A3_C2_G2_T7_SEP6
12881686676,47,3,9,6,4,2,2,6,4,GC4_SEP6,A4_C2_G2_T6_SEP6
12886147585,48,3,10,7,10,2,1,1,3,GC3_SEP7,A10_C2_G1_T1_SEP7
12930199480,48,3,10,7,4,0,5,5,5,GC5_SEP7,A4_C0_G5_T5_SEP7
12933132748,48,3,10,7,4,2,1,7,3,GC3_SEP7,A4_C2_G1_T7_SEP7
12942311468,48,3,10,7,8,1,2,3,3,GC3_SEP7,A8_C1_G2_T3_SEP7
12964847680,48,3,10,7,8,2,1,3,3,GC3_SEP7,A8_C2_G1_T3_SEP7
13003259681,48,3,10,7,4,3,1,6,4,GC4_SEP7,A4_C3_G1_T6_SEP7
13021213055,48,3,10,7,3,3,1,7,4,GC4_SEP7,A3_C3_G1_T7_SEP7
13067353855,48,3,10,7,0,1,3,10,4,GC4_SEP7,A0_C1_G3_T10_SEP7
13087170900,48,3,10,7,5,5,2,2,7,GC7_SEP7,A5_C5_G2_T2_SEP7
13118912471,48,3,10,7,1,4,2,7,6,GC6_SEP7,A1_C4_G2_T7_SEP7
13152295616,48,3,10,7,6,1,2,5,3,GC3_SEP7,A6_C1_G2_T5_SEP7
13153140787,48,3,10,7,6,1,0,7,1,GC1_SEP7,A6_C1_G0_T7_SEP7
13153333239,48,3,10,7,0,1,1,12,2,GC2_SEP7,A0_C1_G1_T12_SEP7
13153869987,49,3,11,8,9,0,4,1,4,GC4_SEP8,A9_C0_G4_T1_SEP8
13154320383,49,3,11,8,4,0,1,9,1,GC1_SEP8,A4_C0_G1_T9_SEP8
13155629070,49,3,11,8,7,0,4,3,4,GC4_SEP8,A7_C0_G4_T3_SEP8
13165655240,49,3,11,8,5,1,3,5,4,GC4_SEP8,A5_C1_G3_T5_SEP8
13179543392,49,3,11,8,4,3,2,5,5,GC5_SEP8,A4_C3_G2_T5_SEP8
13186093054,49,3,11,8,3,1,1,9,2,GC2_SEP8,A3_C1_G1_T9_SEP8
13186235623,49,3,11,8,2,4,1,7,5,GC5_SEP8,A2_C4_G1_T7_SEP8
13218394161,49,3,11,8,7,1,2,4,3,GC3_SEP8,A7_C1_G2_T4_SEP8
13241933687,49,3,11,8,1,7,0,6,7,GC7_SEP8,A1_C7_G0_T6_SEP8
13342084139,49,3,11,8,7,1,3,3,4,GC4_SEP8,A7_C1_G3_T3_SEP8
13417589814,49,3,11,8,6,1,2,5,3,GC3_SEP8,A6_C1_G2_T5_SEP8
13426434603,50,3,12,9,6,2,4,2,6,GC6_SEP9,A6_C2_G4_T2_SEP9
13457096669,50,3,12,9,2,3,3,6,6,GC6_SEP9,A2_C3_G3_T6_SEP9
13548290575,50,3,12,9,5,1,5,3,6,GC6_SEP9,A5_C1_G5_T3_SEP9
13637110784,50,3,12,9,7,3,0,4,3,GC3_SEP9,A7_C3_G0_T4_SEP9
13658799616,50,3,12,9,7,0,4,3,4,GC4_SEP9,A7_C0_G4_T3_SEP9
13686062528,50,3,12,9,6,1,1,6,2,GC2_SEP9,A6_C1_G1_T6_SEP9
13693330144,51,3,13,10,6,0,5,3,5,GC5_SEP10,A6_C0_G5_T3_SEP10
13694142656,51,3,13,10,10,0,1,3,1,GC1_SEP10,A10_C0_G1_T3_SEP10
13702791232,51,3,13,10,12,1,0,1,1,GC1_SEP10,A12_C1_G0_T1_SEP10
13706248391,51,3,13,10,7,2,0,5,2,GC2_SEP10,A7_C2_G0_T5_SEP10
13706452214,51,3,13,10,3,3,1,7,4,GC4_SEP10,A3_C3_G1_T7_SEP10
13723749244,51,3,13,10,3,2,1,8,3,GC3_SEP10,A3_C2_G1_T8_SEP10
13819313132,51,3,13,10,2,2,3,7,5,GC5_SEP10,A2_C2_G3_T7_SEP10
13872739299,51,3,13,10,4,1,4,5,5,GC5_SEP10,A4_C1_G4_T5_SEP10
13890735059,51,3,13,10,3,1,2,8,3,GC3_SEP10,A3_C1_G2_T8_SEP10
13904904136,51,3,13,10,4,0,2,8,2,GC2_SEP10,A4_C0_G2_T8_SEP10
13948870519,51,3,13,10,0,4,3,7,7,GC7_SEP10,A0_C4_G3_T7_SEP10
14021804287,52,3,14,11,6,0,0,8,0,GC0_SEP11,A6_C0_G0_T8_SEP11
14041604088,52,3,14,11,3,3,1,7,4,GC4_SEP11,A3_C3_G1_T7_SEP11
14092308735,52,3,14,11,2,3,1,8,4,GC4_SEP11,A2_C3_G1_T8_SEP11
14094761947,52,3,14,11,3,2,2,7,4,GC4_SEP11,A3_C2_G2_T7_SEP11
14118552462,52,3,14,11,6,1,5,2,6,GC6_SEP11,A6_C1_G5_T2_SEP11
14167048185,52,3,14,11,1,2,3,8,5,GC5_SEP11,A1_C2_G3_T8_SEP11
14195593340,52,3,14,11,4,3,2,5,5,GC5_SEP11,A4_C3_G2_T5_SEP11
14340291333,53,3,15,12,2,4,3,5,7,GC7_SEP12,A2_C4_G3_T5_SEP12
14363406338,53,3,15,12,10,0,3,1,3,GC3_SEP12,A10_C0_G3_T1_SEP12
14443618495,53,3,15,12,5,0,4,5,4,GC4_SEP12,A5_C0_G4_T5_SEP12
14453009463,53,3,15,12,2,5,1,6,6,GC6_SEP12,A2_C5_G1_T6_SEP12
14478941567,53,3,15,12,4,3,0,7,3,GC3_SEP12,A4_C3_G0_T7_SEP12
14496432130,54,4,5,1,11,0,2,1,2,GC2_SEP1,A11_C0_G2_T1_SEP1
14562490367,54,4,5,1,1,2,0,11,2,GC2_SEP1,A1_C2_G0_T11_SEP1
14579809983,54,4,5,1,3,3,3,5,6,GC6_SEP1,A3_C3_G3_T5_SEP1
14663283187,54,4,5,1,2,2,1,9,3,GC3_SEP1,A2_C2_G1_T9_SEP1
14692856752,54,4,5,1,6,0,2,6,2,GC2_SEP1,A6_C0_G2_T6_SEP1
14725430794,54,4,5,1,4,2,4,4,6,GC6_SEP1,A4_C2_G4_T4_SEP1
14730928256,54,4,5,1,9,0,4,1,4,GC4_SEP1,A9_C0_G4_T1_SEP1
14747201539,54,4,5,1,9,1,0,4,1,GC1_SEP1,A9_C1_G0_T4_SEP1
14763818353,54,4,5,1,1,4,0,9,4,GC4_SEP1,A1_C4_G0_T9_SEP1
14814257919,55,4,6,2,2,0,4,8,4,GC4_SEP2,A2_C0_G4_T8_SEP2
15031827711,55,4,6,2,1,2,0,11,2,GC2_SEP2,A1_C2_G0_T11_SEP2
15035564039,56,4,7,3,10,1,1,2,2,GC2_SEP3,A10_C1_G1_T2_SEP3
15048117132,56,4,7,3,8,0,2,4,2,GC2_SEP3,A8_C0_G2_T4_SEP3
15063830591,56,4,7,3,4,3,0,7,3,GC3_SEP3,A4_C3_G0_T7_SEP3
15179149826,56,4,7,3,5,1,4,4,5,GC5_SEP3,A5_C1_G4_T4_SEP3
15231658047,56,4,7,3,4,0,5,5,5,GC5_SEP3,A4_C0_G5_T5_SEP3
15234530081,56,4,7,3,6,2,2,4,4,GC4_SEP3,A6_C2_G2_T4_SEP3
15242177776,56,4,7,3,7,1,2,4,3,GC3_SEP3,A7_C1_G2_T4_SEP3
15250518300,56,4,7,3,7,4,0,3,4,GC4_SEP3,A7_C4_G0_T3_SEP3
15301543984,57,4,8,4,10,0,2,2,2,GC2_SEP4,A10_C0_G2_T2_SEP4
15313764352,57,4,8,4,10,2,1,1,3,GC3_SEP4,A10_C2_G1_T1_SEP4
15354299343,57,4,8,4,8,0,0,6,0,GC0_SEP4,A8_C0_G0_T6_SEP4
15409872651,57,4,8,4,2,2,2,8,4,GC4_SEP4,A2_C2_G2_T8_SEP4
15450779820,57,4,8,4,7,0,3,4,3,GC3_SEP4,A7_C0_G3_T4_SEP4
15468638208,57,4,8,4,10,0,3,1,3,GC3_SEP4,A10_C0_G3_T1_SEP4
15503393804,57,4,8,4,9,2,0,3,2,GC2_SEP4,A9_C2_G0_T3_SEP4
15506277119,57,4,8,4,5,0,1,8,1,GC1_SEP4,A5_C0_G1_T8_SEP4
15511075872,57,4,8,4,8,0,3,3,3,GC3_SEP4,A8_C0_G3_T3_SEP4
15514685693,57,4,8,4,3,3,1,7,4,GC4_SEP4,A3_C3_G1_T7_SEP4
15555690368,57,4,8,4,6,0,1,7,1,GC1_SEP4,A6_C0_G1_T7_SEP4
15567123711,57,4,8,4,1,3,0,10,3,GC3_SEP4,A1_C3_G0_T10_SEP4
15571419328,58,4,9,5,11,1,1,1,2,GC2_SEP5,A11_C1_G1_T1_SEP5
15577825284,58,4,9,5,10,1,2,1,3,GC3_SEP5,A10_C1_G2_T1_SEP5
15594287243,58,4,9,5,4,3,2,5,5,GC5_SEP5,A4_C3_G2_T5_SEP5
15672016272,58,4,9,5,3,4,2,5,6,GC6_SEP5,A3_C4_G2_T5_SEP5
15689990151,58,4,9,5,7,3,1,3,4,GC4_SEP5,A7_C3_G1_T3_SEP5
15701192703,58,4,9,5,1,3,1,9,4,GC4_SEP5,A1_C3_G1_T9_SEP5
15715058635,58,4,9,5,6,0,3,5,3,GC3_SEP5,A6_C0_G3_T5_SEP5
15770716104,58,4,9,5,8,1,2,3,3,GC3_SEP5,A8_C1_G2_T3_SEP5
15850104771,59,4,10,6,4,3,2,5,5,GC5_SEP6,A4_C3_G2_T5_SEP6
15854207217,59,4,10,6,8,1,0,5,1,GC1_SEP6,A8_C1_G0_T5_SEP6
15854649356,59,4,10,6,10,1,1,2,2,GC2_SEP6,A10_C1_G1_T2_SEP6
15938232347,59,4,10,6,4,3,3,4,6,GC6_SEP6,A4_C3_G3_T4_SEP6
15974138629,59,4,10,6,8,2,3,1,5,GC5_SEP6,A8_C2_G3_T1_SEP6
15974193152,59,4,10,6,8,1,4,1,5,GC5_SEP6,A8_C1_G4_T1_SEP6
15980855424,59,4,10,6,9,0,5,0,5,GC5_SEP6,A9_C0_G5_T0_SEP6
16041119776,59,4,10,6,10,1,2,1,3,GC3_SEP6,A10_C1_G2_T1_SEP6
16120074247,60,4,11,7,7,4,0,3,4,GC4_SEP7,A7_C4_G0_T3_SEP7
16172709320,60,4,11,7,3,3,1,7,4,GC4_SEP7,A3_C3_G1_T7_SEP7
16223502348,60,4,11,7,7,1,1,5,2,GC2_SEP7,A7_C1_G1_T5_SEP7
16288505857,60,4,11,7,5,2,4,3,6,GC6_SEP7,A5_C2_G4_T3_SEP7
16307408831,60,4,11,7,1,1,2,10,3,GC3_SEP7,A1_C1_G2_T10_SEP7
16331841008,60,4,11,7,4,5,0,5,5,GC5_SEP7,A4_C5_G0_T5_SEP7
16341028224,60,4,11,7,8,2,2,2,4,GC4_SEP7,A8_C2_G2_T2_SEP7
16441684316,61,4,12,8,8,4,0,2,4,GC4_SEP8,A8_C4_G0_T2_SEP8
16559145003,61,4,12,8,8,0,4,2,4,GC4_SEP8,A8_C0_G4_T2_SEP8
16630449868,61,4,12,8,6,2,2,4,4,GC4_SEP8,A6_C2_G2_T4_SEP8
16643752128,62,4,13,9,10,0,2,2,2,GC2_SEP9,A10_C0_G2_T2_SEP9
16655452346,62,4,13,9,5,0,6,3,6,GC6_SEP9,A5_C0_G6_T3_SEP9
16693117950,62,4,13,9,4,0,2,8,2,GC2_SEP9,A4_C0_G2_T8_SEP9
16703845339,62,4,13,9,4,2,3,5,5,GC5_SEP9,A4_C2_G3_T5_SEP9
16723471544,62,4,13,9,4,1,4,5,5,GC5_SEP9,A4_C1_G4_T5_SEP9
16843784748,62,4,13,9,4,1,3,6,4,GC4_SEP9,A4_C1_G3_T6_SEP9
16897802235,62,4,13,9,1,0,2,11,2,GC2_SEP9,A1_C0_G2_T11_SEP9
16914609136,63,4,14,10,8,1,0,5,1,GC1_SEP10,A8_C1_G0_T5_SEP10
16922960061,63,4,14,10,4,1,4,5,5,GC5_SEP10,A4_C1_G4_T5_SEP10
16944448511,63,4,14,10,3,2,0,9,2,GC2_SEP10,A3_C2_G0_T9_SEP10
16956260416,63,4,14,10,9,1,3,1,4,GC4_SEP10,A9_C1_G3_T1_SEP10
16980049696,63,4,14,10,5,3,2,4,5,GC5_SEP10,A5_C3_G2_T4_SEP10
16980671776,63,4,14,10,7,3,2,2,5,GC5_SEP10,A7_C3_G2_T2_SEP10
17062419679,63,4,14,10,2,2,1,9,3,GC3_SEP10,A2_C2_G1_T9_SEP10
17118698543,63,4,14,10,3,3,4,4,7,GC7_SEP10,A3_C3_G4_T4_SEP10
17120217678,63,4,14,10,4,3,3,4,6,GC6_SEP10,A4_C3_G3_T4_SEP10
17180000811,64,4,15,11,9,0,4,1,4,GC4_SEP11,A9_C0_G4_T1_SEP11
17182753472,64,4,15,11,10,0,2,2,2,GC2_SEP11,A10_C0_G2_T2_SEP11
17213165814,64,4,15,11,5,3,1,5,4,GC4_SEP11,A5_C3_G1_T5_SEP11
17385517043,64,4,15,11,4,2,1,7,3,GC3_SEP11,A4_C2_G1_T7_SEP11
17390159808,64,4,15,11,7,1,2,4,3,GC3_SEP11,A7_C1_G2_T4_SEP11
17394695176,64,4,15,11,6,1,1,6,2,GC2_SEP11,A6_C1_G1_T6_SEP11
17416269824,64,4,15,11,8,2,1,3,3,GC3_SEP11,A8_C2_G1_T3_SEP11
17423124349,64,4,15,11,1,4,1,8,5,GC5_SEP11,A1_C4_G1_T8_SEP11
17431027702,64,4,15,11,1,3,3,7,6,GC6_SEP11,A1_C3_G3_T7_SEP11
17434804400,64,4,15,11,8,0,2,4,2,GC2_SEP11,A8_C0_G2_T4_SEP11
17439266678,64,4,15,11,1,6,2,5,8,GC8_SEP11,A1_C6_G2_T5_SEP11
17449320470,65,5,6,1,8,2,2,2,4,GC4_SEP1,A8_C2_G2_T2_SEP1
17460048008,65,5,6,1,8,0,3,3,3,GC3_SEP1,A8_C0_G3_T3_SEP1
17464036352,65,5,6,1,11,0,0,3,0,GC0_SEP1,A11_C0_G0_T3_SEP1
17493668319,65,5,6,1,4,3,2,5,5,GC5_SEP1,A4_C3_G2_T5_SEP1
17511350783,65,5,6,1,6,1,1,6,2,GC2_SEP1,A6_C1_G1_T6_SEP1
17649487665,65,5,6,1,3,2,1,8,3,GC3_SEP1,A3_C2_G1_T8_SEP1
17706252247,65,5,6,1,0,5,0,9,5,GC5_SEP1,A0_C5_G0_T9_SEP1
17711564744,65,5,6,1,5,2,2,5,4,GC4_SEP1,A5_C2_G2_T5_SEP1
17717723134,66,5,7,2,4,0,2,8,2,GC2_SEP2,A4_C0_G2_T8_SEP2
17720933599,66,5,7,2,4,1,0,9,1,GC1_SEP2,A4_C1_G0_T9_SEP2
17721068648,66,5,7,2,8,2,3,1,5,GC5_SEP2,A8_C2_G3_T1_SEP2
17733791756,66,5,7,2,10,2,0,2,2,GC2_SEP2,A10_C2_G0_T2_SEP2
17749246080,66,5,7,2,10,1,1,2,2,GC2_SEP2,A10_C1_G1_T2_SEP2
17784927174,66,5,7,2,6,4,1,3,5,GC5_SEP2,A6_C4_G1_T3_SEP2
17787112899,66,5,7,2,6,3,0,5,3,GC3_SEP2,A6_C3_G0_T5_SEP2
17836033600,66,5,7,2,6,5,1,2,6,GC6_SEP2,A6_C5_G1_T2_SEP2
17850174462,66,5,7,2,3,2,2,7,4,GC4_SEP2,A3_C2_G2_T7_SEP2
17903399694,66,5,7,2,7,0,3,4,3,GC3_SEP2,A7_C0_G3_T4_SEP2
17949897714,66,5,7,2,2,3,3,6,6,GC6_SEP2,A2_C3_G3_T6_SEP2
17951643584,66,5,7,2,7,3,1,3,4,GC4_SEP2,A7_C3_G1_T3_SEP2
17976652799,66,5,7,2,1,2,0,11,2,GC2_SEP2,A1_C2_G0_T11_SEP2
17988321407,67,5,8,3,9,1,0,4,1,GC1_SEP3,A9_C1_G0_T4_SEP3
17988453363,67,5,8,3,8,0,1,5,1,GC1_SEP3,A8_C0_G1_T5_SEP3
18000642816,67,5,8,3,10,0,1,3,1,GC1_SEP3,A10_C0_G1_T3_SEP3
18019135360,67,5,8,3,7,1,4,2,5,GC5_SEP3,A7_C1_G4_T2_SEP3
18052334300,67,5,8,3,8,2,1,3,3,GC3_SEP3,A8_C2_G1_T3_SEP3
18080791817,67,5,8,3,3,4,3,4,7,GC7_SEP3,A3_C4_G3_T4_SEP3
18111016576,67,5,8,3,7,1,4,2,5,GC5_SEP3,A7_C1_G4_T2_SEP3
18119259103,67,5,8,3,1,3,0,10,3,GC3_SEP3,A1_C3_G0_T10_SEP3
18119377663,67,5,8,3,2,1,1,10,2,GC2_SEP3,A2_C1_G1_T10_SEP3
18187350269,67,5,8,3,6,1,0,7,1,GC1_SEP3,A6_C1_G0_T7_SEP3
18189910475,67,5,8,3,7,2,1,4,3,GC3_SEP3,A7_C2_G1_T4_SEP3
18199884231,67,5,8,3,6,2,0,6,2,GC2_SEP3,A6_C2_G0_T6_SEP3
18245250090,67,5,8,3,5,1,5,3,6,GC6_SEP3,A5_C1_G5_T3_SEP3
18253468668,67,5,8,3,2,2,0,10,2,GC2_SEP3,A2_C2_G0_T10_SEP3
18266196988,68,5,9,4,8,0,1,5,1,GC1_SEP4,A8_C0_G1_T5_SEP4
18299813921,68,5,9,4,9,2,2,1,4,GC4_SEP4,A9_C2_G2_T1_SEP4
18316793848,68,5,9,4,5,3,1,5,4,GC4_SEP4,A5_C3_G1_T5_SEP4
18455232512,68,5,9,4,11,1,1,1,2,GC2_SEP4,A11_C1_G1_T1_SEP4
18455470963,68,5,9,4,7,1,2,4,3,GC3_SEP4,A7_C1_G2_T4_SEP4
18470698159,68,5,9,4,4,1,2,7,3,GC3_SEP4,A4_C1_G2_T7_SEP4
18509428912,68,5,9,4,4,1,2,7,3,GC3_SEP4,A4_C1_G2_T7_SEP4
18530576386,69,5,10,5,9,0,5,0,5,GC5_SEP5,A9_C0_G5_T0_SEP5
18578703067,69,5,10,5,5,2,4,3,6,GC6_SEP5,A5_C2_G4_T3_SEP5
18580826683,69,5,10,5,5,0,5,4,5,GC5_SEP5,A5_C0_G5_T4_SEP5
18588419070,69,5,10,5,4,1,1,8,2,GC2_SEP5,A4_C1_G1_T8_SEP5
18642764784,69,5,10,5,7,1,1,5,2,GC2_SEP5,A7_C1_G1_T5_SEP5
18656251005,69,5,10,5,2,3,0,9,3,GC3_SEP5,A2_C3_G0_T9_SEP5
18694969782,69,5,10,5,1,4,7,2,11,GC11_SEP5,A1_C4_G7_T2_SEP5
18756919239,69,5,10,5,1,3,0,10,3,GC3_SEP5,A1_C3_G0_T10_SEP5
18790479555,69,5,10,5,2,1,1,10,2,GC2_SEP5,A2_C1_G1_T10_SEP5
18792514311,70,5,11,6,8,2,0,4,2,GC2_SEP6,A8_C2_G0_T4_SEP6
18801500795,70,5,11,6,5,1,6,2,7,GC7_SEP6,A5_C1_G6_T2_SEP6
18808228274,70,5,11,6,5,2,4,3,6,GC6_SEP6,A5_C2_G4_T3_SEP6
18812304704,70,5,11,6,6,4,0,4,4,GC4_SEP6,A6_C4_G0_T4_SEP6
18890096750,70,5,11,6,6,3,2,3,5,GC5_SEP6,A6_C3_G2_T3_SEP6
18924041727,70,5,11,6,0,5,0,9,5,GC5_SEP6,A0_C5_G0_T9_SEP6
19002687517,70,5,11,6,6,3,3,2,6,GC6_SEP6,A6_C3_G3_T2_SEP6
19058128883,70,5,11,6,2,1,0,11,1,GC1_SEP6,A2_C1_G0_T11_SEP6
19062079247,71,5,12,7,8,0,0,6,0,GC0_SEP7,A8_C0_G0_T6_SEP7
19113168835,71,5,12,7,5,0,1,8,1,GC1_SEP7,A5_C0_G1_T8_SEP7
19127602695,71,5,12,7,7,3,2,2,5,GC5_SEP7,A7_C3_G2_T2_SEP7
19159711171,71,5,12,7,5,3,1,5,4,GC4_SEP7,A5_C3_G1_T5_SEP7
19210857602,71,5,12,7,5,2,5,2,7,GC7_SEP7,A5_C2_G5_T2_SEP7
19268730571,71,5,12,7,4,2,3,5,5,GC5_SEP7,A4_C2_G3_T5_SEP7
19314768894,71,5,12,7,1,0,2,11,2,GC2_SEP7,A1_C0_G2_T11_SEP7
19338731528,72,5,13,8,7,1,5,1,6,GC6_SEP8,A7_C1_G5_T1_SEP8
19346227715,72,5,13,8,10,1,2,1,3,GC3_SEP8,A10_C1_G2_T1_SEP8
19377733762,72,5,13,8,10,0,2,2,2,GC2_SEP8,A10_C0_G2_T2_SEP8
19380880072,72,5,13,8,8,0,2,4,2,GC2_SEP8,A8_C0_G2_T4_SEP8
19457583832,72,5,13,8,4,2,4,4,6,GC6_SEP8,A4_C2_G4_T4_SEP8
19461358667,72,5,13,8,4,3,1,6,4,GC4_SEP8,A4_C3_G1_T6_SEP8
19542335487,72,5,13,8,3,3,0,8,3,GC3_SEP8,A3_C3_G0_T8_SEP8
19583213615,72,5,13,8,7,1,2,4,3,GC3_SEP8,A7_C1_G2_T4_SEP8
19592557567,72,5,13,8,2,0,2,10,2,GC2_SEP8,A2_C0_G2_T10_SEP8
19597688819,73,5,14,9,5,1,0,8,1,GC1_SEP9,A5_C1_G0_T8_SEP9
19608929283,73,5,14,9,9,1,2,2,3,GC3_SEP9,A9_C1_G2_T2_SEP9
19615467980,73,5,14,9,6,3,2,3,5,GC5_SEP9,A6_C3_G2_T3_SEP9
19797172835,73,5,14,9,7,1,3,3,4,GC4_SEP9,A7_C1_G3_T3_SEP9
19798965600,73,5,14,9,6,3,1,4,4,GC4_SEP9,A6_C3_G1_T4_SEP9
19854905341,73,5,14,9,2,3,0,9,3,GC3_SEP9,A2_C3_G0_T9_SEP9
19864301584,74,5,15,10,11,2,0,1,2,GC2_SEP10,A11_C2_G0_T1_SEP10
19906035507,74,5,15,10,3,2,1,8,3,GC3_SEP10,A3_C2_G1_T8_SEP10
19998428851,74,5,15,10,2,1,2,9,3,GC3_SEP10,A2_C1_G2_T9_SEP10
20065601532,74,5,15,10,7,1,0,6,1,GC1_SEP10,A7_C1_G0_T6_SEP10
20066296832,74,5,15,10,8,2,2,2,4,GC4_SEP10,A8_C2_G2_T2_SEP10
20102259455,74,5,15,10,5,0,3,6,3,GC3_SEP10,A5_C0_G3_T6_SEP10
20127882748,74,5,15,10,2,3,1,8,4,GC4_SEP10,A2_C3_G1_T8_SEP10
20129197373,74,5,15,10,3,2,2,7,4,GC4_SEP10,A3_C2_G2_T7_SEP10
20132888625,75,6,7,1,10,1,1,2,2,GC2_SEP1,A10_C1_G1_T2_SEP1
20134792577,75,6,7,1,8,2,3,1,5,GC5_SEP1,A8_C2_G3_T1_SEP1
20166938656,75,6,7,1,9,1,3,1,4,GC4_SEP1,A9_C1_G3_T1_SEP1
20231175553,75,6,7,1,3,5,1,5,6,GC6_SEP1,A3_C5_G1_T5_SEP1
20233265147,75,6,7,1,1,3,1,9,4,GC4_SEP1,A1_C3_G1_T9_SEP1
20262646273,75,6,7,1,4,3,2,5,5,GC5_SEP1,A4_C3_G2_T5_SEP1
20264746878,75,6,7,1,0,4,1,9,5,GC5_SEP1,A0_C4_G1_T9_SEP1
20266073989,75,6,7,1,2,3,2,7,5,GC5_SEP1,A2_C3_G2_T7_SEP1
20319268864,75,6,7,1,7,2,1,4,3,GC3_SEP1,A7_C2_G1_T4_SEP1
20355421983,75,6,7,1,3,6,0,5,6,GC6_SEP1,A3_C6_G0_T5_SEP1
20367532017,75,6,7,1,1,3,0,10,3,GC3_SEP1,A1_C3_G0_T10_SEP1
20384837940,75,6,7,1,5,3,0,6,3,GC3_SEP1,A5_C3_G0_T6_SEP1
20392574300,75,6,7,1,1,5,0,8,5,GC5_SEP1,A1_C5_G0_T8_SEP1
20400558047,75,6,7,1,1,2,0,11,2,GC2_SEP1,A1_C2_G0_T11_SEP1
20412700682,76,6,8,2,7,2,4,1,6,GC6_SEP2,A7_C2_G4_T1_SEP2
20412747776,76,6,8,2,9,2,1,2,3,GC3_SEP2,A9_C2_G1_T2_SEP2
20452945916,76,6,8,2,4,2,1,7,3,GC3_SEP2,A4_C2_G1_T7_SEP2
20599259319,76,6,8,2,4,1,2,7,3,GC3_SEP2,A4_C1_G2_T7_SEP2
20665537260,76,6,8,2,5,1,2,6,3,GC3_SEP2,A5_C1_G2_T6_SEP2
20669591164,77,6,9,3,7,1,2,4,3,GC3_SEP3,A7_C1_G2_T4_SEP3
20682162944,77,6,9,3,11,0,0,3,0,GC0_SEP3,A11_C0_G0_T3_SEP3
20769636221,77,6,9,3,0,6,0,8,6,GC6_SEP3,A0_C6_G0_T8_SEP3
20849888083,77,6,9,3,6,2,3,3,5,GC5_SEP3,A6_C2_G3_T3_SEP3
20858278919,77,6,9,3,7,4,1,2,5,GC5_SEP3,A7_C4_G1_T2_SEP3
20921198128,77,6,9,3,8,1,2,3,3,GC3_SEP3,A8_C1_G2_T3_SEP3
20935823359,77,6,9,3,1,2,0,11,2,GC2_SEP3,A1_C2_G0_T11_SEP3
20963600920,78,6,10,4,5,3,5,1,8,GC8_SEP4,A5_C3_G5_T1_SEP4
21069822205,78,6,10,4,1,3,2,8,5,GC5_SEP4,A1_C3_G2_T8_SEP4
21118353854,78,6,10,4,5,1,5,3,6,GC6_SEP4,A5_C1_G5_T3_SEP4
21140911447,78,6,10,4,3,6,2,3,8,GC8_SEP4,A3_C6_G2_T3_SEP4
21151789296,78,6,10,4,5,0,3,6,3,GC3_SEP4,A5_C0_G3_T6_SEP4
21206465567,79,6,11,5,8,1,0,5,1,GC1_SEP5,A8_C1_G0_T5_SEP5
21420801823,79,6,11,5,3,3,0,8,3,GC3_SEP5,A3_C3_G0_T8_SEP5
21429534780,79,6,11,5,7,2,0,5,2,GC2_SEP5,A7_C2_G0_T5_SEP5
21458108431,79,6,11,5,9,0,0,5,0,GC0_SEP5,A9_C0_G0_T5_SEP5
21472211084,79,6,11,5,4,2,1,7,3,GC3_SEP5,A4_C2_G1_T7_SEP5
21474835455,79,6,11,5,0,0,1,13,1,GC1_SEP5,A0_C0_G1_T13_SEP5
21592378615,80,6,12,6,5,3,1,5,4,GC4_SEP6,A5_C3_G1_T5_SEP6
21611282622,80,6,12,6,7,0,5,2,5,GC5_SEP6,A7_C0_G5_T2_SEP6
21625175103,80,6,12,6,3,2,1,8,3,GC3_SEP6,A3_C2_G1_T8_SEP6
21657288664,80,6,12,6,1,2,3,8,5,GC5_SEP6,A1_C2_G3_T8_SEP6
21743263807,80,6,12,6,3,0,1,10,1,GC1_SEP6,A3_C0_G1_T10_SEP6
21751923695,81,6,13,7,7,1,2,4,3,GC3_SEP7,A7_C1_G2_T4_SEP7
21757951455,81,6,13,7,2,3,0,9,3,GC3_SEP7,A2_C3_G0_T9_SEP7
21776828896,81,6,13,7,9,1,3,1,4,GC4_SEP7,A9_C1_G3_T1_SEP7
21802573978,81,6,13,7,5,1,6,2,7,GC7_SEP7,A5_C1_G6_T2_SEP7
21810331135,81,6,13,7,2,1,0,11,1,GC1_SEP7,A2_C1_G0_T11_SEP7
21861760895,81,6,13,7,2,2,0,10,2,GC2_SEP7,A2_C2_G0_T10_SEP7
21976020268,81,6,13,7,2,5,1,6,6,GC6_SEP7,A2_C5_G1_T6_SEP7
22010928495,81,6,13,7,2,4,1,7,5,GC5_SEP7,A2_C4_G1_T7_SEP7
22012241964,82,6,14,8,9,0,4,1,4,GC4_SEP8,A9_C0_G4_T1_SEP8
22056534018,82,6,14,8,9,0,4,1,4,GC4_SEP8,A9_C0_G4_T1_SEP8
22063055044,82,6,14,8,8,1,1,4,2,GC2_SEP8,A8_C1_G1_T4_SEP8
22064136303,82,6,14,8,8,1,2,3,3,GC3_SEP8,A8_C1_G2_T3_SEP8
22124438198,82,6,14,8,3,2,7,2,9,GC9_SEP8,A3_C2_G7_T2_SEP8
22145859711,82,6,14,8,4,2,0,8,2,GC2_SEP8,A4_C2_G0_T8_SEP8
22174625148,82,6,14,8,1,5,3,5,8,GC8_SEP8,A1_C5_G3_T5_SEP8
22225485627,82,6,14,8,2,1,2,9,3,GC3_SEP8,A2_C1_G2_T9_SEP8
22246596616,82,6,14,8,10,0,3,1,3,GC3_SEP8,A10_C0_G3_T1_SEP8
22279582151,82,6,14,8,2,4,0,8,4,GC4_SEP8,A2_C4_G0_T8_SEP8
22280684323,83,6,15,9,9,1,2,2,3,GC3_SEP9,A9_C1_G2_T2_SEP9
22292525184,83,6,15,9,8,0,2,4,2,GC2_SEP9,A8_C0_G2_T4_SEP9
22313720839,83,6,15,9,8,3,1,2,4,GC4_SEP9,A8_C3_G1_T2_SEP9
22327099327,83,6,15,9,3,1,2,8,3,GC3_SEP9,A3_C1_G2_T8_SEP9
22365076246,83,6,15,9,3,4,2,5,6,GC6_SEP9,A3_C4_G2_T5_SEP9
22394565744,83,6,15,9,4,5,1,4,6,GC6_SEP9,A4_C5_G1_T4_SEP9
22417475631,83,6,15,9,5,0,5,4,5,GC5_SEP9,A5_C0_G5_T4_SEP9
22481324031,83,6,15,9,1,2,1,10,3,GC3_SEP9,A1_C2_G1_T10_SEP9
22483566280,83,6,15,9,4,1,2,7,3,GC3_SEP9,A4_C1_G2_T7_SEP9
22506492691,83,6,15,9,3,5,0,6,5,GC5_SEP9,A3_C5_G0_T6_SEP9
22548407387,83,6,15,9,1,5,2,6,7,GC7_SEP9,A1_C5_G2_T6_SEP9
22549311884,84,7,8,1,8,1,2,3,3,GC3_SEP1,A8_C1_G2_T3_SEP1
22549577600,84,7,8,1,8,0,1,5,1,GC1_SEP1,A8_C0_G1_T5_SEP1
22582177024,84,7,8,1,9,1,3,1,4,GC4_SEP1,A9_C1_G3_T1_SEP1
22594718384,84,7,8,1,8,0,4,2,4,GC4_SEP1,A8_C0_G4_T2_SEP1
22598874111,84,7,8,1,2,1,1,10,2,GC2_SEP1,A2_C1_G1_T10_SEP1
22681942026,84,7,8,1,4,1,4,5,5,GC5_SEP1,A4_C1_G4_T5_SEP1
22682804354,84,7,8,1,10,0,4,0,4,GC4_SEP1,A10_C0_G4_T0_SEP1
22804389835,84,7,8,1,2,2,1,9,3,GC3_SEP1,A2_C2_G1_T9_SEP1
22813622079,84,7,8,1,4,0,0,10,0,GC0_SEP1,A4_C0_G0_T10_SEP1
22813881344,84,7,8,1,8,2,0,4,2,GC2_SEP1,A8_C2_G0_T4_SEP1
22817541760,85,7,9,2,10,0,3,1,3,GC3_SEP2,A10_C0_G3_T1_SEP2
22820220880,85,7,9,2,7,1,1,5,2,GC2_SEP2,A7_C1_G1_T5_SEP2
22833127359,85,7,9,2,2,3,1,8,4,GC4_SEP2,A2_C3_G1_T8_SEP2
22850711562,85,7,9,2,9,0,4,1,4,GC4_SEP2,A9_C0_G4_T1_SEP2
22883997744,85,7,9,2,6,1,2,5,3,GC3_SEP2,A6_C1_G2_T5_SEP2
23070411552,85,7,9,2,5,1,5,3,6,GC6_SEP2,A5_C1_G5_T3_SEP2
23072014351,85,7,9,2,8,0,0,6,0,GC0_SEP2,A8_C0_G0_T6_SEP2
23085980674,86,7,10,3,10,1,2,1,3,GC3_SEP3,A10_C1_G2_T1_SEP3
23086444031,86,7,10,3,5,1,1,7,2,GC2_SEP3,A5_C1_G1_T7_SEP3
23087542273,86,7,10,3,8,2,0,4,2,GC2_SEP3,A8_C2_G0_T4_SEP3
23186108511,86,7,10,3,2,4,0,8,4,GC4_SEP3,A2_C4_G0_T8_SEP3
23217340279,86,7,10,3,1,5,0,8,5,GC5_SEP3,A1_C5_G0_T8_SEP3
23217512446,86,7,10,3,1,3,1,9,4,GC4_SEP3,A1_C3_G1_T9_SEP3
23219945470,86,7,10,3,5,1,2,6,3,GC3_SEP3,A5_C1_G2_T6_SEP3
23292575776,86,7,10,3,8,2,3,1,5,GC5_SEP3,A8_C2_G3_T1_SEP3
23318222463,86,7,10,3,0,5,1,8,6,GC6_SEP3,A0_C5_G1_T8_SEP3
23333472126,86,7,10,3,3,2,4,5,6,GC6_SEP3,A3_C2_G4_T5_SEP3
23347281917,86,7,10,3,1,2,2,9,4,GC4_SEP3,A1_C2_G2_T9_SEP3
23351183099,86,7,10,3,1,3,3,7,6,GC6_SEP3,A1_C3_G3_T7_SEP3
23351656320,86,7,10,3,3,2,1,8,3,GC3_SEP3,A3_C2_G1_T8_SEP3
23353218909,86,7,10,3,0,7,0,7,7,GC7_SEP3,A0_C7_G0_T7_SEP3
23354147010,87,7,11,4,11,1,1,1,2,GC2_SEP4,A11_C1_G1_T1_SEP4
23358013487,87,7,11,4,8,0,1,5,1,GC1_SEP4,A8_C0_G1_T5_SEP4
23370629118,87,7,11,4,2,1,1,10,2,GC2_SEP4,A2_C1_G1_T10_SEP4
23403989039,87,7,11,4,5,0,4,5,4,GC4_SEP4,A5_C0_G4_T5_SEP4
23454794508,87,7,11,4,8,1,1,4,2,GC2_SEP4,A8_C1_G1_T4_SEP4
23553168700,87,7,11,4,4,3,2,5,5,GC5_SEP4,A4_C3_G2_T5_SEP4
23609425088,87,7,11,4,6,0,1,7,1,GC1_SEP4,A6_C0_G1_T7_SEP4
23609731709,87,7,11,4,1,2,3,8,5,GC5_SEP4,A1_C2_G3_T8_SEP4
23616107201,87,7,11,4,5,2,3,4,5,GC5_SEP4,A5_C2_G3_T4_SEP4
23642425404,88,7,12,5,7,1,2,4,3,GC3_SEP5,A7_C1_G2_T4_SEP5
23874191343,88,7,12,5,4,0,1,9,1,GC1_SEP5,A4_C0_G1_T9_SEP5
23890870283,89,7,13,6,10,1,1,2,2,GC2_SEP6,A10_C1_G1_T2_SEP6
23893392904,89,7,13,6,8,0,4,2,4,GC4_SEP6,A8_C0_G4_T2_SEP6
23894935356,89,7,13,6,6,1,0,7,1,GC1_SEP6,A6_C1_G0_T7_SEP6
23908764300,89,7,13,6,6,2,4,2,6,GC6_SEP6,A6_C2_G4_T2_SEP6
23927394292,89,7,13,6,5,1,2,6,3,GC3_SEP6,A5_C1_G2_T6_SEP6
24037558283,89,7,13,6,9,0,3,2,3,GC3_SEP6,A9_C0_G3_T2_SEP6
24092790720,89,7,13,6,7,0,2,5,2,GC2_SEP6,A7_C0_G2_T5_SEP6
24143458293,89,7,13,6,2,2,1,9,3,GC3_SEP6,A2_C2_G1_T9_SEP6
24150614000,89,7,13,6,3,3,0,8,3,GC3_SEP6,A3_C3_G0_T8_SEP6
24159289864,90,7,14,7,10,1,3,0,4,GC4_SEP7,A10_C1_G3_T0_SEP7
24159596523,90,7,14,7,5,1,4,4,5,GC5_SEP7,A5_C1_G4_T4_SEP7
24161044475,90,7,14,7,5,3,1,5,4,GC4_SEP7,A5_C3_G1_T5_SEP7
24161287687,90,7,14,7,5,2,1,6,3,GC3_SEP7,A5_C2_G1_T6_SEP7
24189108264,90,7,14,7,8,1,4,1,5,GC5_SEP7,A8_C1_G4_T1_SEP7
24211929283,90,7,14,7,6,1,3,4,4,GC4_SEP7,A6_C1_G3_T4_SEP7
24260593091,90,7,14,7,5,4,2,3,6,GC6_SEP7,A5_C4_G2_T3_SEP7
24297209661,90,7,14,7,3,2,2,7,4,GC4_SEP7,A3_C2_G2_T7_SEP7
24388764396,90,7,14,7,4,1,4,5,5,GC5_SEP7,A4_C1_G4_T5_SEP7
24410882240,90,7,14,7,10,0,1,3,1,GC1_SEP7,A10_C0_G1_T3_SEP7
24478154819,91,7,15,8,10,1,0,3,1,GC1_SEP8,A10_C1_G0_T3_SEP8
24541146559,91,7,15,8,3,3,3,5,6,GC6_SEP8,A3_C3_G3_T5_SEP8
24558499837,91,7,15,8,2,3,0,9,3,GC3_SEP8,A2_C3_G0_T9_SEP8
24602679915,91,7,15,8,1,3,7,3,10,GC10_SEP8,A1_C3_G7_T3_SEP8
24617156800,91,7,15,8,9,1,1,3,2,GC2_SEP8,A9_C1_G1_T3_SEP8
24628693999,91,7,15,8,3,0,3,8,3,GC3_SEP8,A3_C0_G3_T8_SEP8
24634173519,91,7,15,8,4,2,3,5,5,GC5_SEP8,A4_C2_G3_T5_SEP8
24658592527,91,7,15,8,6,3,0,5,3,GC3_SEP8,A6_C3_G0_T5_SEP8
24681247693,91,7,15,8,3,3,0,8,3,GC3_SEP8,A3_C3_G0_T8_SEP8
24696097199,92,8,9,1,7,1,4,2,5,GC5_SEP1,A7_C1_G4_T2_SEP1
24698932076,92,8,9,1,5,1,4,4,5,GC5_SEP1,A5_C1_G4_T4_SEP1
24720246039,92,8,9,1,5,7,0,2,7,GC7_SEP1,A5_C7_G0_T2_SEP1
24890098017,92,8,9,1,5,4,3,2,7,GC7_SEP1,A5_C4_G3_T2_SEP1
24950878184,92,8,9,1,5,0,3,6,3,GC3_SEP1,A5_C0_G3_T6_SEP1
24956105601,92,8,9,1,3,2,1,8,3,GC3_SEP1,A3_C2_G1_T8_SEP1
24966578017,93,8,10,2,4,3,2,5,5,GC5_SEP2,A4_C3_G2_T5_SEP2
24967383808,93,8,10,2,10,0,2,2,2,GC2_SEP2,A10_C0_G2_T2_SEP2
24967643963,93,8,10,2,9,0,1,4,1,GC1_SEP2,A9_C0_G1_T4_SEP2
24972840951,93,8,10,2,3,3,0,8,3,GC3_SEP2,A3_C3_G0_T8_SEP2
24977060363,93,8,10,2,5,0,4,5,4,GC4_SEP2,A5_C0_G4_T5_SEP2
25166481581,93,8,10,2,6,1,5,2,6,GC6_SEP2,A6_C1_G5_T2_SEP2
25188750327,93,8,10,2,1,6,0,7,6,GC6_SEP2,A1_C6_G0_T7_SEP2
25202703808,93,8,10,2,5,1,3,5,4,GC4_SEP2,A5_C1_G3_T5_SEP2
25228945538,93,8,10,2,6,0,4,4,4,GC4_SEP2,A6_C0_G4_T4_SEP2
25229460227,93,8,10,2,7,0,1,6,1,GC1_SEP2,A7_C0_G1_T6_SEP2
25229775871,93,8,10,2,2,1,0,11,1,GC1_SEP2,A2_C1_G0_T11_SEP2
25238961393,94,8,11,3,4,3,1,6,4,GC4_SEP3,A4_C3_G1_T6_SEP3
25241014143,94,8,11,3,3,3,1,7,4,GC4_SEP3,A3_C3_G1_T7_SEP3
25250532059,94,8,11,3,5,2,4,3,6,GC6_SEP3,A5_C2_G4_T3_SEP3
25258098096,94,8,11,3,3,3,1,7,4,GC4_SEP3,A3_C3_G1_T7_SEP3
25369379006,94,8,11,3,7,0,5,2,5,GC5_SEP3,A7_C0_G5_T2_SEP3
25438444543,94,8,11,3,2,1,1,10,2,GC2_SEP3,A2_C1_G1_T10_SEP3
25440501999,94,8,11,3,4,3,1,6,4,GC4_SEP3,A4_C3_G1_T6_SEP3
25441562032,94,8,11,3,3,3,3,5,6,GC6_SEP3,A3_C3_G3_T5_SEP3
25468600363,94,8,11,3,8,0,3,3,3,GC3_SEP3,A8_C0_G3_T3_SEP3
25497493501,94,8,11,3,2,3,0,9,3,GC3_SEP3,A2_C3_G0_T9_SEP3
25498025495,94,8,11,3,3,2,1,8,3,GC3_SEP3,A3_C2_G1_T8_SEP3
25502089230,95,8,12,4,10,0,2,2,2,GC2_SEP4,A10_C0_G2_T2_SEP4
25503474208,95,8,12,4,10,0,4,0,4,GC4_SEP4,A10_C0_G4_T0_SEP4
25567493887,95,8,12,4,3,0,1,10,1,GC1_SEP4,A3_C0_G1_T10_SEP4
25624951903,95,8,12,4,1,6,1,6,7,GC7_SEP4,A1_C6_G1_T6_SEP4
25677467536,95,8,12,4,4,2,3,5,5,GC5_SEP4,A4_C2_G3_T5_SEP4
25756807872,95,8,12,4,5,1,3,5,4,GC4_SEP4,A5_C1_G3_T5_SEP4
25769814912,96,8,13,5,10,0,3,1,3,GC3_SEP5,A10_C0_G3_T1_SEP5
25794486784,96,8,13,5,7,2,4,1,6,GC6_SEP5,A7_C2_G4_T1_SEP5
25858932931,96,8,13,5,8,4,0,2,4,GC4_SEP5,A8_C4_G0_T2_SEP5
25862171656,96,8,13,5,6,4,3,1,7,GC7_SEP5,A6_C4_G3_T1_SEP5
25967189763,96,8,13,5,5,1,1,7,2,GC2_SEP5,A5_C1_G1_T7_SEP5
26021573371,96,8,13,5,4,1,3,6,4,GC4_SEP5,A4_C1_G3_T6_SEP5
26036928495,96,8,13,5,0,0,3,11,3,GC3_SEP5,A0_C0_G3_T11_SEP5
26038227122,96,8,13,5,3,1,2,8,3,GC3_SEP5,A3_C1_G2_T8_SEP5
26058885665,97,8,14,6,6,2,4,2,6,GC6_SEP6,A6_C2_G4_T2_SEP6
26163935087,97,8,14,6,0,5,1,8,6,GC6_SEP6,A0_C5_G1_T8_SEP6
26168373631,97,8,14,6,3,4,1,6,5,GC5_SEP6,A3_C4_G1_T6_SEP6
26238516687,97,8,14,6,1,1,2,10,3,GC3_SEP6,A1_C1_G2_T10_SEP6
26239688659,97,8,14,6,5,3,0,6,3,GC3_SEP6,A5_C3_G0_T6_SEP6
26273112062,97,8,14,6,0,2,1,11,3,GC3_SEP6,A0_C2_G1_T11_SEP6
26279410639,97,8,14,6,1,2,2,9,4,GC4_SEP6,A1_C2_G2_T9_SEP6
26286261472,97,8,14,6,6,1,4,3,5,GC5_SEP6,A6_C1_G4_T3_SEP6
26307524786,98,8,15,7,7,0,3,4,3,GC3_SEP7,A7_C0_G3_T4_SEP7
26363085180,98,8,15,7,5,4,0,5,4,GC4_SEP7,A5_C4_G0_T5_SEP7
26438406156,98,8,15,7,6,3,2,3,5,GC5_SEP7,A6_C3_G2_T3_SEP7
26525593407,98,8,15,7,4,2,1,7,3,GC3_SEP7,A4_C2_G1_T7_SEP7
26541555111,98,8,15,7,0,3,2,9,5,GC5_SEP7,A0_C3_G2_T9_SEP7
26575335935,99,9,10,1,6,2,0,6,2,GC2_SEP1,A6_C2_G0_T6_SEP1
26577404464,99,9,10,1,10,0,2,2,2,GC2_SEP1,A10_C0_G2_T2_SEP1
26587889698,99,9,10,1,10,0,2,2,2,GC2_SEP1,A10_C0_G2_T2_SEP1
26610893344,99,9,10,1,9,0,5,0,5,GC5_SEP1,A9_C0_G5_T0_SEP1
26642022335,99,9,10,1,2,0,1,11,1,GC1_SEP1,A2_C0_G1_T11_SEP1
26711627912,99,9,10,1,7,1,5,1,6,GC6_SEP1,A7_C1_G5_T1_SEP1
26789022419,99,9,10,1,7,1,2,4,3,GC3_SEP1,A7_C1_G2_T4_SEP1
26835107872,99,9,10,1,6,2,1,5,3,GC3_SEP1,A6_C2_G1_T5_SEP1
26841447472,99,9,10,1,4,1,0,9,1,GC1_SEP1,A4_C1_G0_T9_SEP1
26845929986,100,9,11,2,8,2,4,0,6,GC6_SEP2,A8_C2_G4_T0_SEP2
26893715456,100,9,11,2,7,1,3,3,4,GC4_SEP2,A7_C1_G3_T3_SEP2
26894966784,100,9,11,2,10,1,2,1,3,GC3_SEP2,A10_C1_G2_T1_SEP2
26926969217,100,9,11,2,5,3,2,4,5,GC5_SEP2,A5_C3_G2_T4_SEP2
26946314242,100,9,11,2,9,1,4,0,5,GC5_SEP2,A9_C1_G4_T0_SEP2
26975657855,100,9,11,2,0,4,0,10,4,GC4_SEP2,A0_C4_G0_T10_SEP2
27044859703,100,9,11,2,2,1,1,10,2,GC2_SEP2,A2_C1_G1_T10_SEP2
27102806527,100,9,11,2,4,3,0,7,3,GC3_SEP2,A4_C3_G0_T7_SEP2
27113028860,101,9,12,3,6,0,0,8,0,GC0_SEP3,A6_C0_G0_T8_SEP3
27115244848,101,9,12,3,8,2,0,4,2,GC2_SEP3,A8_C2_G0_T4_SEP3
27116045216,101,9,12,3,8,0,3,3,3,GC3_SEP3,A8_C0_G3_T3_SEP3
27119081988,101,9,12,3,6,4,3,1,7,GC7_SEP3,A6_C4_G3_T1_SEP3
27233689469,101,9,12,3,3,6,0,5,6,GC6_SEP3,A3_C6_G0_T5_SEP3
27245420543,101,9,12,3,2,3,0,9,3,GC3_SEP3,A2_C3_G0_T9_SEP3
27249734662,101,9,12,3,5,4,2,3,6,GC6_SEP3,A5_C4_G2_T3_SEP3
27254538111,101,9,12,3,2,2,1,9,3,GC3_SEP3,A2_C2_G1_T9_SEP3
27262967974,101,9,12,3,3,1,5,5,6,GC6_SEP3,A3_C1_G5_T5_SEP3
27360775671,101,9,12,3,2,5,1,6,6,GC6_SEP3,A2_C5_G1_T6_SEP3
27447520572,102,9,13,4,3,1,1,9,2,GC2_SEP4,A3_C1_G1_T9_SEP4
27460944846,102,9,13,4,6,1,1,6,2,GC2_SEP4,A6_C1_G1_T6_SEP4
27572355394,102,9,13,4,6,3,2,3,5,GC5_SEP4,A6_C3_G2_T3_SEP4
27598717986,102,9,13,4,8,2,2,2,4,GC4_SEP4,A8_C2_G2_T2_SEP4
27648327419,102,9,13,4,0,1,2,11,3,GC3_SEP4,A0_C1_G2_T11_SEP4
27661435552,103,9,14,5,10,0,3,1,3,GC3_SEP5,A10_C0_G3_T1_SEP5
27684241359,103,9,14,5,3,1,2,8,3,GC3_SEP5,A3_C1_G2_T8_SEP5
27702000579,103,9,14,5,4,0,4,6,4,GC4_SEP5,A4_C0_G4_T6_SEP5
27716718541,103,9,14,5,5,2,2,5,4,GC4_SEP5,A5_C2_G2_T5_SEP5
27808170035,103,9,14,5,6,2,1,5,3,GC3_SEP5,A6_C2_G1_T5_SEP5
27868182495,103,9,14,5,2,4,2,6,6,GC6_SEP5,A2_C4_G2_T6_SEP5
27883598598,103,9,14,5,3,3,1,7,4,GC4_SEP5,A3_C3_G1_T7_SEP5
27914144768,103,9,14,5,9,1,0,4,1,GC1_SEP5,A9_C1_G0_T4_SEP5
27917417644,104,9,15,6,7,1,2,4,3,GC3_SEP6,A7_C1_G2_T4_SEP6
27925923970,104,9,15,6,8,0,4,2,4,GC4_SEP6,A8_C0_G4_T2_SEP6
27934615687,104,9,15,6,6,3,4,1,7,GC7_SEP6,A6_C3_G4_T1_SEP6
27938504959,104,9,15,6,6,2,0,6,2,GC2_SEP6,A6_C2_G0_T6_SEP6
28044378108,104,9,15,6,3,2,1,8,3,GC3_SEP6,A3_C2_G1_T8_SEP6
28100443257,104,9,15,6,1,2,7,4,9,GC9_SEP6,A1_C2_G7_T4_SEP6
28118843383,104,9,15,6,4,2,0,8,2,GC2_SEP6,A4_C2_G0_T8_SEP6
28143530999,104,9,15,6,3,3,0,8,3,GC3_SEP6,A3_C3_G0_T8_SEP6
28185854915,105,10,11,1,10,0,1,3,1,GC1_SEP1,A10_C0_G1_T3_SEP1
28201648967,105,10,11,1,7,2,0,5,2,GC2_SEP1,A7_C2_G0_T5_SEP1
28354556864,105,10,11,1,8,1,2,3,3,GC3_SEP1,A8_C1_G2_T3_SEP1
28371045633,105,10,11,1,6,2,2,4,4,GC4_SEP1,A6_C2_G2_T4_SEP1
28416311988,105,10,11,1,3,2,5,4,7,GC7_SEP1,A3_C2_G5_T4_SEP1
28440542194,105,10,11,1,5,0,2,7,2,GC2_SEP1,A5_C0_G2_T7_SEP1
28443150032,105,10,11,1,5,4,2,3,6,GC6_SEP1,A5_C4_G2_T3_SEP1
28453646335,105,10,11,1,2,0,2,10,2,GC2_SEP1,A2_C0_G2_T10_SEP1
28454155251,105,10,11,1,2,0,0,12,0,GC0_SEP1,A2_C0_G0_T12_SEP1
28454203634,106,10,12,2,9,0,2,3,2,GC2_SEP2,A9_C0_G2_T3_SEP2
28454291712,106,10,12,2,11,1,2,0,3,GC3_SEP2,A11_C1_G2_T0_SEP2
28462552816,106,10,12,2,8,2,2,2,4,GC4_SEP2,A8_C2_G2_T2_SEP2
28463460872,106,10,12,2,7,1,3,3,4,GC4_SEP2,A7_C1_G3_T3_SEP2
28486746140,106,10,12,2,7,4,0,3,4,GC4_SEP2,A7_C4_G0_T3_SEP2
28505489323,106,10,12,2,4,0,3,7,3,GC3_SEP2,A4_C0_G3_T7_SEP2
28523102980,106,10,12,2,9,3,0,2,3,GC3_SEP2,A9_C3_G0_T2_SEP2
28523631808,106,10,12,2,8,4,1,1,5,GC5_SEP2,A8_C4_G1_T1_SEP2
28592603144,106,10,12,2,10,1,3,0,4,GC4_SEP2,A10_C1_G3_T0_SEP2
28658458593,106,10,12,2,3,4,2,5,6,GC6_SEP2,A3_C4_G2_T5_SEP2
28663090239,106,10,12,2,6,2,0,6,2,GC2_SEP2,A6_C2_G0_T6_SEP2
28664131592,106,10,12,2,8,0,2,4,2,GC2_SEP2,A8_C0_G2_T4_SEP2
28668231616,106,10,12,2,6,1,1,6,2,GC2_SEP2,A6_C1_G1_T6_SEP2
28714778448,106,10,12,2,4,2,3,5,5,GC5_SEP2,A4_C2_G3_T5_SEP2
28723692048,107,10,13,3,10,2,1,1,3,GC3_SEP3,A10_C2_G1_T1_SEP3
28728225825,107,10,13,3,6,5,1,2,6,GC6_SEP3,A6_C5_G1_T2_SEP3
28763290635,107,10,13,3,5,1,3,5,4,GC4_SEP3,A5_C1_G3_T5_SEP3
28782103614,107,10,13,3,7,0,2,5,2,GC2_SEP3,A7_C0_G2_T5_SEP3
28891379196,107,10,13,3,3,3,2,6,5,GC5_SEP3,A3_C3_G2_T6_SEP3
28912364606,107,10,13,3,3,1,4,6,5,GC5_SEP3,A3_C1_G4_T6_SEP3
28931062528,107,10,13,3,6,1,2,5,3,GC3_SEP3,A6_C1_G2_T5_SEP3
28937597443,107,10,13,3,7,1,2,4,3,GC3_SEP3,A7_C1_G2_T4_SEP3
28980534269,107,10,13,3,0,4,1,9,5,GC5_SEP3,A0_C4_G1_T9_SEP3
29020374795,108,10,14,4,4,2,2,6,4,GC4_SEP4,A4_C2_G2_T6_SEP4
29055909932,108,10,14,4,7,1,2,4,3,GC3_SEP4,A7_C1_G2_T4_SEP4
29058460662,108,10,14,4,4,3,3,4,6,GC6_SEP4,A4_C3_G3_T4_SEP4
29104275839,108,10,14,4,6,3,1,4,4,GC4_SEP4,A6_C3_G1_T4_SEP4
29124902768,108,10,14,4,2,2,3,7,5,GC5_SEP4,A2_C2_G3_T7_SEP4
29135782077,108,10,14,4,6,1,4,3,5,GC5_SEP4,A6_C1_G4_T3_SEP4
29171353372,108,10,14,4,3,2,4,5,6,GC6_SEP4,A3_C2_G4_T5_SEP4
29181004768,108,10,14,4,4,2,4,4,6,GC6_SEP4,A4_C2_G4_T4_SEP4
29192027527,108,10,14,4,1,2,4,7,6,GC6_SEP4,A1_C2_G4_T7_SEP4
29194910784,108,10,14,4,6,2,2,4,4,GC4_SEP4,A6_C2_G2_T4_SEP4
29248980608,108,10,14,4,7,2,3,2,5,GC5_SEP4,A7_C2_G3_T2_SEP4
29256835070,108,10,14,4,0,3,1,10,4,GC4_SEP4,A0_C3_G1_T10_SEP4
29257759743,108,10,14,4,0,2,2,10,4,GC4_SEP4,A0_C2_G2_T10_SEP4
29310811639,109,10,15,5,3,3,0,8,3,GC3_SEP5,A3_C3_G0_T8_SEP5
29319229643,109,10,15,5,5,0,2,7,2,GC2_SEP5,A5_C0_G2_T7_SEP5
29460928178,109,10,15,5,6,2,4,2,6,GC6_SEP5,A6_C2_G4_T2_SEP5
29489696130,109,10,15,5,4,3,4,3,7,GC7_SEP5,A4_C3_G4_T3_SEP5
29516495997,109,10,15,5,2,5,0,7,5,GC5_SEP5,A2_C5_G0_T7_SEP5
29524033503,109,10,15,5,2,2,0,10,2,GC2_SEP5,A2_C2_G0_T10_SEP5
29525039100,109,10,15,5,2,5,0,7,5,GC5_SEP5,A2_C5_G0_T7_SEP5
29530045960,110,11,12,1,8,0,4,2,4,GC4_SEP1,A8_C0_G4_T2_SEP1
29530948291,110,11,12,1,7,0,4,3,4,GC4_SEP1,A7_C0_G4_T3_SEP1
29630797814,110,11,12,1,3,4,4,3,8,GC8_SEP1,A3_C4_G4_T3_SEP1
29671031304,110,11,12,1,9,0,5,0,5,GC5_SEP1,A9_C0_G5_T0_SEP1
29715596290,110,11,12,1,9,1,2,2,3,GC3_SEP1,A9_C1_G2_T2_SEP1
29729366048,110,11,12,1,10,0,3,1,3,GC3_SEP1,A10_C0_G3_T1_SEP1
29732290336,110,11,12,1,5,0,4,5,4,GC4_SEP1,A5_C0_G4_T5_SEP1
29783555279,110,11,12,1,4,0,0,10,0,GC0_SEP1,A4_C0_G0_T10_SEP1
29832887808,111,11,13,2,6,1,4,3,5,GC5_SEP2,A6_C1_G4_T3_SEP2
29843008522,111,11,13,2,7,0,5,2,5,GC5_SEP2,A7_C0_G5_T2_SEP2
29896941565,111,11,13,2,1,4,0,9,4,GC4_SEP2,A1_C4_G0_T9_SEP2
29914329084,111,11,13,2,4,2,2,6,4,GC4_SEP2,A4_C2_G2_T6_SEP2
29930520063,111,11,13,2,0,3,0,11,3,GC3_SEP2,A0_C3_G0_T11_SEP2
29936173238,111,11,13,2,4,5,3,2,8,GC8_SEP2,A4_C5_G3_T2_SEP2
30061043456,111,11,13,2,6,2,0,6,2,GC2_SEP2,A6_C2_G0_T6_SEP2
30066835650,112,11,14,3,8,1,2,3,3,GC3_SEP3,A8_C1_G2_T3_SEP3
30117233347,112,11,14,3,8,0,3,3,3,GC3_SEP3,A8_C0_G3_T3_SEP3
30136086561,112,11,14,3,9,3,1,1,4,GC4_SEP3,A9_C3_G1_T1_SEP3
30140260173,112,11,14,3,2,5,0,7,5,GC5_SEP3,A2_C5_G0_T7_SEP3
30224368664,112,11,14,3,6,4,3,1,7,GC7_SEP3,A6_C4_G3_T1_SEP3
30227311744,112,11,14,3,7,1,4,2,5,GC5_SEP3,A7_C1_G4_T2_SEP3
30265787136,112,11,14,3,6,1,2,5,3,GC3_SEP3,A6_C1_G2_T5_SEP3
30266813215,112,11,14,3,4,1,4,5,5,GC5_SEP3,A4_C1_G4_T5_SEP3
30333377535,113,11,15,4,5,1,3,5,4,GC4_SEP4,A5_C1_G3_T5_SEP4
30370397952,113,11,15,4,6,2,1,5,3,GC3_SEP4,A6_C2_G1_T5_SEP4
30386733476,113,11,15,4,7,2,2,3,4,GC4_SEP4,A7_C2_G2_T3_SEP4
30430007218,113,11,15,4,4,4,2,4,6,GC6_SEP4,A4_C4_G2_T4_SEP4
30534819636,113,11,15,4,6,4,0,4,4,GC4_SEP4,A6_C4_G0_T4_SEP4
30580655605,113,11,15,4,1,4,2,7,6,GC6_SEP4,A1_C4_G2_T7_SEP4
30599511519,113,11,15,4,0,4,0,10,4,GC4_SEP4,A0_C4_G0_T10_SEP4
30668234930,114,12,13,1,6,0,4,4,4,GC4_SEP1,A6_C0_G4_T4_SEP1
30720130441,114,12,13,1,3,3,2,6,5,GC5_SEP1,A3_C3_G2_T6_SEP1
30804751095,114,12,13,1,4,2,2,6,4,GC4_SEP1,A4_C2_G2_T6_SEP1
30870523132,115,12,14,2,7,1,1,5,2,GC2_SEP2,A7_C1_G1_T5_SEP2
30920470720,115,12,14,2,10,0,0,4,0,GC0_SEP2,A10_C0_G0_T4_SEP2
31003716607,115,12,14,2,1,2,2,9,4,GC4_SEP2,A1_C2_G2_T9_SEP2
31117213567,115,12,14,2,0,1,4,9,5,GC5_SEP2,A0_C1_G4_T9_SEP2
31137989432,115,12,14,2,6,0,2,6,2,GC2_SEP2,A6_C0_G2_T6_SEP2
31157375996,116,12,15,3,4,3,0,7,3,GC3_SEP3,A4_C3_G0_T7_SEP3
31180980746,116,12,15,3,8,0,6,0,6,GC6_SEP3,A8_C0_G6_T0_SEP3
31184617471,116,12,15,3,1,1,2,10,3,GC3_SEP3,A1_C1_G2_T10_SEP3
31185473520,116,12,15,3,6,0,2,6,2,GC2_SEP3,A6_C0_G2_T6_SEP3
31268741298,116,12,15,3,6,1,3,4,4,GC4_SEP3,A6_C1_G3_T4_SEP3
31272935936,116,12,15,3,10,0,3,1,3,GC3_SEP3,A10_C0_G3_T1_SEP3
31273288200,116,12,15,3,9,0,5,0,5,GC5_SEP3,A9_C0_G5_T0_SEP3
31335367470,116,12,15,3,3,0,5,6,5,GC5_SEP3,A3_C0_G5_T6_SEP3
31336434435,116,12,15,3,7,0,2,5,2,GC2_SEP3,A7_C0_G2_T5_SEP3
31394831792,116,12,15,3,4,4,1,5,5,GC5_SEP3,A4_C4_G1_T5_SEP3
31403307005,116,12,15,3,2,2,2,8,4,GC4_SEP3,A2_C2_G2_T8_SEP3
31404212220,116,12,15,3,2,2,1,9,3,GC3_SEP3,A2_C2_G1_T9_SEP3
31406928861,116,12,15,3,1,2,1,10,3,GC3_SEP3,A1_C2_G1_T10_SEP3
31453774559,117,13,14,1,4,1,5,4,6,GC6_SEP1,A4_C1_G5_T4_SEP1
31457288688,117,13,14,1,9,1,1,3,2,GC2_SEP1,A9_C1_G1_T3_SEP1
31611904015,117,13,14,1,6,2,1,5,3,GC3_SEP1,A6_C2_G1_T5_SEP1
31615613951,117,13,14,1,1,1,2,10,3,GC3_SEP1,A1_C1_G2_T10_SEP1
31616610301,117,13,14,1,2,2,1,9,3,GC3_SEP1,A2_C2_G1_T9_SEP1
31621058071,117,13,14,1,6,2,1,5,3,GC3_SEP1,A6_C2_G1_T5_SEP1
31640764595,117,13,14,1,4,1,2,7,3,GC3_SEP1,A4_C1_G2_T7_SEP1
31668076991,117,13,14,1,4,2,3,5,5,GC5_SEP1,A4_C2_G3_T5_SEP1
31674338035,117,13,14,1,5,0,2,7,2,GC2_SEP1,A5_C0_G2_T7_SEP1
31675710468,118,13,15,2,9,2,0,3,2,GC2_SEP2,A9_C2_G0_T3_SEP2
31709713351,118,13,15,2,5,2,2,5,4,GC4_SEP2,A5_C2_G2_T5_SEP2
31792771839,118,13,15,2,2,1,2,9,3,GC3_SEP2,A2_C1_G2_T9_SEP2
31808488067,118,13,15,2,5,1,3,5,4,GC4_SEP2,A5_C1_G3_T5_SEP2
31809068919,118,13,15,2,0,5,0,9,5,GC5_SEP2,A0_C5_G0_T9_SEP2
31809610249,118,13,15,2,9,1,4,0,5,GC5_SEP2,A9_C1_G4_T0_SEP2
31893011457,118,13,15,2,6,1,2,5,3,GC3_SEP2,A6_C1_G2_T5_SEP2
31904981505,118,13,15,2,4,3,4,3,7,GC7_SEP2,A4_C3_G4_T3_SEP2
31944859645,119,14,15,1,4,2,0,8,2,GC2_SEP1,A4_C2_G0_T8_SEP1
31961051388,119,14,15,1,6,2,1,5,3,GC3_SEP1,A6_C2_G1_T5_SEP1
31994004593,119,14,15,1,4,4,1,5,5,GC5_SEP1,A4_C4_G1_T5_SEP1
32026918783,119,14,15,1,2,2,0,10,2,GC2_SEP1,A2_C2_G0_T10_SEP1
32084366064,119,14,15,1,6,2,4,2,6,GC6_SEP1,A6_C2_G4_T2_SEP1
32145891466,119,14,15,1,6,1,5,2,6,GC6_SEP1,A6_C1_G5_T2_SEP1
32176602940,119,14,15,1,2,2,0,10,2,GC2_SEP1,A2_C2_G0_T10_SEP1
32178099775,119,14,15,1,1,4,2,7,6,GC6_SEP1,A1_C4_G2_T7_SEP1
32209538015,119,14,15,1,1,3,3,7,6,GC6_SEP1,A1_C3_G3_T7_SEP1
32212187150,119,14,15,1,3,0,3,8,3,GC3_SEP1,A3_C0_G3_T8_SEP1
