sample_index,token_id_uint64,mask_id,ECOLI_occurrences,PYRO_occurrences,YEAST_occurrences,all_three_present
1,6291630,0,1,1,1,1
2,17297444,0,1,1,1,1
3,29641930,0,1,1,1,1
4,69757063,0,3,1,1,1
5,70506359,0,1,1,1,1
6,88041475,0,1,1,1,1
7,97534079,0,1,1,1,1
8,120618484,0,1,1,1,1
9,130842567,0,1,1,1,1
10,131951055,0,1,1,1,1
11,234341936,0,1,1,1,1
12,241956994,0,1,1,3,1
13,264672105,0,1,1,1,1
14,268644556,1,1,1,3,1
15,302090371,1,1,1,1,1
16,318868486,1,1,1,1,1
17,336642824,1,1,1,1,1
18,367001121,1,1,1,1,1
19,469770370,1,1,1,4,1
20,571276302,2,1,1,1,1
21,666892255,2,1,1,1,1
22,668991167,2,1,1,1,1
23,724741631,2,1,1,1,1
24,770966180,2,1,1,1,1
25,788707313,2,1,1,1,1
26,791804943,2,1,1,1,1
27,792714367,2,1,1,1,1
28,805150901,2,1,1,1,1
29,806880819,3,1,1,1,1
30,807577604,3,1,1,1,1
31,809484796,3,1,1,2,1
32,810292352,3,1,1,1,1
33,818138172,3,1,1,3,1
34,825700079,3,1,1,1,1
35,907301336,3,1,2,1,1
36,936327116,3,1,1,1,1
37,937364831,3,1,1,1,1
38,946932736,3,1,1,1,1
39,1065356226,3,1,1,2,1
40,1085471730,4,2,1,1,1
41,1103168993,4,1,1,1,1
42,1107293377,4,2,1,1,1
43,1126608900,4,1,1,1,1
44,1144046323,4,1,1,1,1
45,1299922769,4,1,1,1,1
46,1357939723,5,1,1,1,1
47,1406185504,5,1,2,2,1
48,1478623361,5,1,1,1,1
49,1528866754,5,1,1,1,1
50,1547502540,5,1,1,1,1
51,1593567112,5,1,1,1,1
52,1610887171,6,1,1,1,1
53,1613887484,6,1,1,1,1
54,1613955020,6,1,1,1,1
55,1618050499,6,1,1,1,1
56,1623117836,6,1,1,1,1
57,1648304811,6,1,1,1,1
58,1649087548,6,1,1,1,1
59,1742700507,6,1,1,1,1
60,1751154849,6,1,1,2,1
61,1827765005,6,1,1,1,1
62,1844443103,6,1,1,2,1
63,1878690687,6,1,1,1,1
64,1880033320,7,1,2,1,1
65,1880093692,7,5,1,1,1
66,1912704047,7,1,2,1,1
67,1959758828,7,1,1,1,1
68,1976026623,7,1,1,2,1
69,2005241090,7,1,1,1,1
70,2078752524,7,1,1,1,1
71,2088574973,7,1,1,1,1
72,2113928191,7,1,1,1,1
73,2139617016,7,1,1,1,1
74,2149380099,8,1,1,1,1
75,2149583619,8,2,1,1,1
76,2149679872,8,1,1,1,1
77,2160123888,8,1,1,1,1
78,2167207344,8,1,1,1,1
79,2177124124,8,1,1,1,1
80,2181595691,8,1,1,1,1
81,2214272193,8,1,1,1,1
82,2222717634,8,1,1,1,1
83,2266959356,8,1,1,1,1
84,2277719108,8,1,1,1,1
85,2280726493,8,1,1,1,1
86,2285892927,8,1,1,1,1
87,2382361329,8,1,1,1,1
88,2398138369,8,1,1,1,1
89,2402419116,8,1,1,2,1
90,2406751740,8,1,1,1,1
91,2407497717,8,1,3,3,1
92,2411006764,8,8,2,1,1
93,2417696515,9,1,1,1,1
94,2550137000,9,1,1,2,1
95,2597298358,9,1,1,1,1
96,2667626467,9,1,1,1,1
97,2670706880,9,1,1,1,1
98,2683798198,9,1,1,1,1
99,2684523228,10,1,1,1,1
100,2717906812,10,1,1,2,1
101,2735718412,10,2,1,2,1
102,2748267633,10,1,1,2,1
103,2749507592,10,1,1,1,1
104,2752192139,10,1,1,1,1
105,2802847544,10,1,1,1,1
106,2821389312,10,1,2,1,1
107,2895230783,10,1,1,1,1
108,2936828175,10,1,1,1,1
109,2960932155,11,1,1,1,1
110,2961155071,11,1,1,1,1
111,2986999852,11,1,1,1,1
112,3166174244,11,1,1,1,1
113,3179280368,11,1,1,1,1
114,3227548671,12,2,1,1,1
115,3237084316,12,1,1,1,1
116,3237999103,12,1,1,4,1
117,3355203665,12,1,1,1,1
118,3434285088,12,1,1,2,1
119,3488817792,12,1,1,2,1
120,3492548624,13,2,1,3,1
121,3611522843,13,1,1,1,1
122,3623206407,13,1,1,1,1
123,3674390528,13,1,1,1,1
124,3690999615,13,2,1,5,1
125,3692428976,13,1,1,1,1
126,3743416536,13,1,1,1,1
127,3756847070,13,1,1,1,1
128,3787857889,14,1,1,1,1
129,3837793759,14,1,1,1,1
130,3854573565,14,1,1,1,1
131,3870170433,14,1,1,1,1
132,3892310715,14,1,1,1,1
133,4018094556,14,1,1,1,1
134,4022339695,14,1,1,1,1
135,4022870144,14,1,2,1,1
136,4025663468,14,1,1,1,1
137,4027367391,15,2,1,2,1
138,4056169567,15,1,1,1,1
139,4058002371,15,1,1,1,1
140,4060023944,15,1,1,1,1
141,4228411168,15,2,1,1,1
142,4257185270,15,1,1,2,1
143,4286612990,15,1,1,1,1
144,4293969869,15,1,1,1,1
145,4294768639,15,1,1,5,1
146,4320098300,16,1,1,1,1
147,4328456959,16,1,1,1,1
148,4395807778,16,1,1,1,1
149,4429414530,16,1,3,2,1
150,4464870026,16,1,1,3,1
151,4499633167,16,1,1,1,1
152,4504878556,16,1,1,1,1
153,4559341560,16,1,1,1,1
154,4562894935,16,1,1,1,1
155,4564123818,17,1,1,2,1
156,4570840412,17,1,1,1,1
157,4570859137,17,1,1,1,1
158,4571843068,17,1,1,1,1
159,4575118083,17,1,1,1,1
160,4609002664,17,1,1,1,1
161,4629385211,17,1,1,1,1
162,4736810049,17,1,1,1,1
163,4748091424,17,1,1,1,1
164,4778344896,17,2,1,2,1
165,4823899121,17,1,1,1,1
166,4831628286,17,1,1,1,1
167,4831934240,18,1,1,2,1
168,4840233586,18,1,1,1,1
169,4840359936,18,1,2,18,1
170,4881968896,18,1,1,1,1
171,4901043504,18,1,1,1,1
172,4947931129,18,1,1,1,1
173,5016662023,18,1,1,1,1
174,5087678213,18,1,1,2,1
175,5096480708,18,1,1,1,1
176,5122839489,19,1,1,1,1
177,5246863484,19,1,1,1,1
178,5300814723,19,1,1,1,1
179,5335283034,19,1,1,1,1
180,5368754368,20,1,1,2,1
181,5373231155,20,1,1,1,1
182,5376081945,20,1,1,1,1
183,5401591285,20,1,1,1,1
184,5469225085,20,1,2,1,1
185,5637187631,21,1,1,1,1
186,5666777923,21,1,1,1,1
187,5687493071,21,1,1,1,1
188,5702688832,21,1,1,1,1
189,5821825056,21,1,1,1,1
190,5901331680,21,1,1,1,1
191,5904381919,21,1,1,1,1
192,5906137146,22,1,1,1,1
193,5909217072,22,1,1,1,1
194,5990400900,22,1,1,1,1
195,6031286140,22,1,1,1,1
196,6037655007,22,1,1,2,1
197,6043913150,22,1,1,1,1
198,6157073663,22,1,1,2,1
199,6160334639,22,1,1,1,1
200,6165495735,22,2,1,1,1
201,6173361913,22,1,1,1,1
202,6186602739,23,1,1,1,1
203,6190219516,23,1,1,1,1
204,6350443635,23,1,1,1,1
205,6388741060,23,1,1,2,1
206,6392118291,23,1,1,1,1
207,6440890219,23,1,1,1,1
208,6451363872,24,1,2,2,1
209,6468095296,24,1,1,1,1
210,6493307092,24,1,1,1,1
211,6501171464,24,1,1,2,1
212,6543138825,24,1,1,1,1
213,6623210759,24,1,1,3,1
214,6643790339,24,1,1,3,1
215,6722552587,25,1,2,1,1
216,6811657731,25,1,2,1,1
217,6841631791,25,1,1,1,1
218,6848184864,25,1,1,1,1
219,6856409091,25,1,1,1,1
220,6916716016,25,1,1,1,1
221,6978788595,25,1,1,1,1
222,6979518334,26,1,1,1,1
223,6983254190,26,1,1,1,1
224,6996041724,26,1,1,2,1
225,7134119950,26,1,1,1,1
226,7278104498,27,1,1,1,1
227,7407409194,27,1,1,2,1
228,7499396479,27,1,1,1,1
229,7514496988,27,1,1,1,1
230,7564148782,28,1,1,1,1
231,7656543220,28,1,2,1,1
232,7725649919,28,1,1,2,1
233,7776240006,28,1,1,1,1
234,7780388863,28,1,1,5,1
235,7783317309,28,1,1,1,1
236,7784093695,28,1,1,12,1
237,7797211328,29,1,1,13,1
238,7835025422,29,1,1,1,1
239,7916704821,29,1,1,1,1
240,7918628851,29,1,1,2,1
241,7926211371,29,1,1,1,1
242,7950071309,29,1,1,1,1
243,7991918079,29,1,1,1,1
244,8002698591,29,1,1,1,1
245,8019568768,29,1,1,6,1
246,8044676016,29,1,1,2,1
247,8060202951,30,1,1,1,1
248,8066466913,30,1,1,1,1
249,8136785375,30,1,1,1,1
250,8195617328,30,1,1,1,1
251,8245991370,30,1,1,1,1
252,8260646668,30,1,1,1,1
253,8320710644,30,1,1,1,1
254,8320843583,30,1,1,3,1
255,8322154739,31,1,1,2,1
256,8337776655,31,1,1,2,1
257,8384665599,31,1,1,1,1
258,8439103584,31,1,1,1,1
259,8440413649,31,1,1,2,1
260,8443084784,31,1,1,1,1
261,8443127651,31,1,1,1,1
262,8538911239,31,1,1,1,1
263,8585838191,31,1,1,1,1
264,8598320981,32,1,1,1,1
265,8599025824,32,1,2,1,1
266,8657705464,32,1,1,1,1
267,8685820592,32,1,1,1,1
268,8707372031,32,1,1,2,1
269,8714827647,32,1,1,1,1
270,8724139089,32,1,1,1,1
271,8758452012,32,1,1,1,1
272,8794438719,32,1,1,2,1
273,8824849455,32,1,1,1,1
274,8861565456,33,1,1,1,1
275,8862442752,33,1,1,1,1
276,8869709935,33,1,1,1,1
277,8904998860,33,1,1,1,1
278,8908716288,33,1,1,4,1
279,8976921473,33,1,1,1,1
280,9062856700,33,1,1,1,1
281,9093123580,33,1,1,1,1
282,9122597883,33,1,1,1,1
283,9124573429,33,1,1,2,1
284,9127735412,34,1,1,1,1
285,9158248410,34,1,1,1,1
286,9177162033,34,1,1,1,1
287,9261265504,34,1,1,1,1
288,9328132160,34,1,1,7,1
289,9330983677,34,1,1,1,1
290,9333657084,34,1,1,1,1
291,9349493381,34,1,1,1,1
292,9389986042,34,1,1,1,1
293,9390735343,34,1,1,1,1
294,9397500914,35,1,1,1,1
295,9453040845,35,1,1,1,1
296,9462349823,35,1,1,71,1
297,9497411056,35,1,1,2,1
298,9512449360,35,1,1,1,1
299,9521141696,35,1,1,1,1
300,9600889317,35,1,1,1,1
301,9607249851,35,1,1,1,1
302,9648456458,35,2,1,1,1
303,9661577213,35,1,1,21,1
304,9670755168,36,1,1,1,1
305,9671262223,36,1,1,2,1
306,9743369472,36,1,1,1,1
307,9766439884,36,1,1,1,1
308,9797834103,36,1,1,1,1
309,9881699266,36,1,1,1,1
310,9925009424,36,1,1,1,1
311,9932934093,37,2,1,1,1
312,9951020259,37,1,1,1,1
313,10072022945,37,1,1,1,1
314,10183778314,37,1,1,2,1
315,10203479947,38,1,1,1,1
316,10251057104,38,1,1,1,1
317,10271668210,38,1,1,1,1
318,10297847932,38,1,1,1,1
319,10317956108,38,1,1,1,1
320,10370186560,38,1,1,1,1
321,10383752751,38,1,1,1,1
322,10404101146,38,1,1,1,1
323,10432416573,38,1,1,1,1
324,10468914172,38,1,1,1,1
325,10485235703,39,1,1,3,1
326,10503269515,39,2,1,2,1
327,10504638216,39,1,1,1,1
328,10584311699,39,1,1,1,1
329,10674637021,39,1,1,1,1
330,10703597563,39,1,1,2,1
331,10734182261,39,1,1,2,1
332,10767788007,40,1,1,1,1
333,10816457218,40,1,1,1,1
334,10821111768,40,1,1,1,1
335,10854892064,40,1,1,1,1
336,10871883659,40,1,1,2,1
337,10921695691,40,1,1,1,1
338,10922688764,40,1,1,1,1
339,11006246912,41,1,1,6,1
340,11014110245,41,1,1,1,1
341,11021973494,41,1,1,1,1
342,11116724650,41,1,1,1,1
343,11138104602,41,1,1,1,1
344,11148488704,41,1,1,2,1
345,11208143312,41,1,1,1,1
346,11209010595,41,1,1,1,1
347,11209440736,41,1,1,1,1
348,11219368059,41,1,1,1,1
349,11271631095,41,1,1,2,1
350,11274993680,42,1,1,1,1
351,11319243808,42,1,2,1,1
352,11341564929,42,1,1,1,1
353,11416929730,42,1,1,1,1
354,11442782210,42,1,1,2,1
355,11458802444,42,1,1,1,1
356,11487346667,42,1,1,1,1
357,11508695091,42,1,1,1,1
358,11534334276,42,1,1,1,1
359,11540590079,42,1,1,1,1
360,11541687712,42,1,1,1,1
361,11541925884,42,1,1,6,1
362,11604336863,43,1,1,1,1
363,11643376127,43,1,1,2,1
364,11666440183,43,1,1,1,1
365,11752505280,43,1,1,2,1
366,11797797630,43,1,1,1,1
367,11810353392,43,1,1,1,1
368,11812146176,44,1,1,4,1
369,11812168112,44,1,1,1,1
370,11841035679,44,1,1,2,1
371,11878451391,44,1,1,1,1
372,11884101553,44,1,1,1,1
373,11943024637,44,1,1,1,1
374,11948294144,44,1,1,1,1
375,11992083456,44,1,1,2,1
376,12045262642,44,1,1,2,1
377,12062867699,44,1,1,2,1
378,12075448304,44,1,1,1,1
379,12079199036,44,1,1,1,1
380,12180722930,45,1,1,1,1
381,12199807025,45,1,1,1,1
382,12213804736,45,1,1,2,1
383,12300896288,45,1,1,1,1
384,12382883632,46,1,1,1,1
385,12412269530,46,1,1,1,1
386,12414107393,46,1,1,1,1
387,12465209321,46,1,1,2,1
388,12479922037,46,1,1,1,1
389,12582666305,46,1,1,1,1
390,12583695168,46,1,1,3,1
391,12603803407,46,1,1,1,1
392,12614355967,46,2,2,3,1
393,12617015432,47,1,1,1,1
394,12650698751,47,1,2,1,1
395,12723155169,47,2,1,1,1
396,12748398463,47,1,1,1,1
397,12817235743,47,1,1,2,1
398,12820972034,47,1,2,2,1
399,12873048044,47,1,1,3,1
400,12881686676,47,1,1,1,1
401,12886147585,48,1,1,3,1
402,12930199480,48,1,1,1,1
403,12933132748,48,1,1,1,1
404,12942311468,48,1,1,1,1
405,12964847680,48,1,1,1,1
406,13003259681,48,1,1,2,1
407,13021213055,48,1,1,1,1
408,13067353855,48,1,1,1,1
409,13087170900,48,1,1,1,1
410,13118912471,48,1,1,1,1
411,13152295616,48,1,1,1,1
412,13153140787,48,1,1,1,1
413,13153333239,48,1,1,3,1
414,13153869987,49,1,1,1,1
415,13154320383,49,1,1,1,1
416,13155629070,49,1,1,1,1
417,13165655240,49,1,1,1,1
418,13179543392,49,1,1,1,1
419,13186093054,49,1,1,1,1
420,13186235623,49,1,1,1,1
421,13218394161,49,1,1,1,1
422,13241933687,49,1,1,1,1
423,13342084139,49,1,1,1,1
424,13417589814,49,1,1,1,1
425,13426434603,50,1,1,1,1
426,13457096669,50,1,1,1,1
427,13548290575,50,1,1,1,1
428,13637110784,50,1,1,1,1
429,13658799616,50,1,2,1,1
430,13686062528,50,1,1,3,1
431,13693330144,51,1,1,1,1
432,13694142656,51,1,1,2,1
433,13702791232,51,2,1,5,1
434,13706248391,51,1,1,1,1
435,13706452214,51,1,1,1,1
436,13723749244,51,1,1,2,1
437,13819313132,51,1,1,1,1
438,13872739299,51,1,1,1,1
439,13890735059,51,1,1,1,1
440,13904904136,51,1,1,1,1
441,13948870519,51,1,1,1,1
442,14021804287,52,2,1,2,1
443,14041604088,52,1,1,1,1
444,14092308735,52,1,1,2,1
445,14094761947,52,2,1,1,1
446,14118552462,52,1,1,1,1
447,14167048185,52,1,1,1,1
448,14195593340,52,1,1,1,1
449,14340291333,53,1,1,1,1
450,14363406338,53,1,1,2,1
451,14443618495,53,1,1,1,1
452,14453009463,53,1,1,1,1
453,14478941567,53,1,1,1,1
454,14496432130,54,1,1,7,1
455,14562490367,54,1,2,1,1
456,14579809983,54,1,1,1,1
457,14663283187,54,1,1,1,1
458,14692856752,54,1,1,1,1
459,14725430794,54,1,1,1,1
460,14730928256,54,1,1,2,1
461,14747201539,54,1,2,1,1
462,14763818353,54,1,1,2,1
463,14814257919,55,1,1,1,1
464,15031827711,55,1,1,1,1
465,15035564039,56,1,1,1,1
466,15048117132,56,1,1,1,1
467,15063830591,56,1,1,3,1
468,15179149826,56,1,1,1,1
469,15231658047,56,1,1,1,1
470,15234530081,56,1,1,1,1
471,15242177776,56,1,1,2,1
472,15250518300,56,1,1,1,1
473,15301543984,57,1,1,1,1
474,15313764352,57,1,1,1,1
475,15354299343,57,1,1,4,1
476,15409872651,57,1,1,2,1
477,15450779820,57,1,2,2,1
478,15468638208,57,1,1,2,1
479,15503393804,57,1,1,1,1
480,15506277119,57,1,1,1,1
481,15511075872,57,1,1,1,1
482,15514685693,57,2,1,1,1
483,15555690368,57,1,1,1,1
484,15567123711,57,1,2,1,1
485,15571419328,58,1,1,2,1
486,15577825284,58,1,1,1,1
487,15594287243,58,1,1,2,1
488,15672016272,58,1,1,1,1
489,15689990151,58,1,1,1,1
490,15701192703,58,1,1,1,1
491,15715058635,58,1,1,1,1
492,15770716104,58,1,1,1,1
493,15850104771,59,2,1,1,1
494,15854207217,59,1,1,1,1
495,15854649356,59,1,1,1,1
496,15938232347,59,1,1,2,1
497,15974138629,59,1,1,1,1
498,15974193152,59,1,1,1,1
499,15980855424,59,1,1,1,1
500,16041119776,59,1,1,1,1
501,16120074247,60,1,1,1,1
502,16172709320,60,1,1,1,1
503,16223502348,60,1,1,1,1
504,16288505857,60,1,1,1,1
505,16307408831,60,1,1,1,1
506,16331841008,60,1,1,1,1
507,16341028224,60,1,1,1,1
508,16441684316,61,1,1,1,1
509,16559145003,61,1,1,2,1
510,16630449868,61,1,1,1,1
511,16643752128,62,1,1,1,1
512,16655452346,62,2,1,1,1
513,16693117950,62,2,1,2,1
514,16703845339,62,1,1,1,1
515,16723471544,62,1,1,1,1
516,16843784748,62,1,1,1,1
517,16897802235,62,1,1,1,1
518,16914609136,63,1,1,2,1
519,16922960061,63,1,1,1,1
520,16944448511,63,1,1,2,1
521,16956260416,63,1,1,1,1
522,16980049696,63,1,1,1,1
523,16980671776,63,1,1,2,1
524,17062419679,63,1,1,1,1
525,17118698543,63,1,2,1,1
526,17120217678,63,1,1,1,1
527,17180000811,64,1,1,1,1
528,17182753472,64,1,1,2,1
529,17213165814,64,1,1,1,1
530,17385517043,64,1,1,2,1
531,17390159808,64,1,1,1,1
532,17394695176,64,1,1,1,1
533,17416269824,64,1,1,2,1
534,17423124349,64,1,1,3,1
535,17431027702,64,1,1,2,1
536,17434804400,64,1,1,1,1
537,17439266678,64,2,1,2,1
538,17449320470,65,2,1,1,1
539,17460048008,65,1,1,1,1
540,17464036352,65,1,1,5,1
541,17493668319,65,1,1,1,1
542,17511350783,65,1,1,2,1
543,17649487665,65,1,1,1,1
544,17706252247,65,1,1,1,1
545,17711564744,65,1,1,1,1
546,17717723134,66,1,1,1,1
547,17720933599,66,1,1,2,1
548,17721068648,66,1,1,1,1
549,17733791756,66,1,1,1,1
550,17749246080,66,1,1,1,1
551,17784927174,66,1,1,1,1
552,17787112899,66,1,1,2,1
553,17836033600,66,1,1,1,1
554,17850174462,66,1,1,1,1
555,17903399694,66,1,1,2,1
556,17949897714,66,1,1,1,1
557,17951643584,66,1,1,2,1
558,17976652799,66,1,2,8,1
559,17988321407,67,1,1,2,1
560,17988453363,67,1,1,1,1
561,18000642816,67,1,1,1,1
562,18019135360,67,1,1,1,1
563,18052334300,67,1,1,1,1
564,18080791817,67,1,1,1,1
565,18111016576,67,1,2,2,1
566,18119259103,67,1,1,1,1
567,18119377663,67,1,2,3,1
568,18187350269,67,1,1,1,1
569,18189910475,67,1,1,1,1
570,18199884231,67,1,1,1,1
571,18245250090,67,1,1,1,1
572,18253468668,67,1,1,3,1
573,18266196988,68,1,1,2,1
574,18299813921,68,1,1,1,1
575,18316793848,68,1,1,2,1
576,18455232512,68,1,1,3,1
577,18455470963,68,1,1,1,1
578,18470698159,68,1,1,2,1
579,18509428912,68,1,1,1,1
580,18530576386,69,1,1,1,1
581,18578703067,69,1,1,1,1
582,18580826683,69,1,1,2,1
583,18588419070,69,1,1,1,1
584,18642764784,69,1,1,1,1
585,18656251005,69,1,1,5,1
586,18694969782,69,1,1,1,1
587,18756919239,69,1,1,1,1
588,18790479555,69,3,1,1,1
589,18792514311,70,1,1,1,1
590,18801500795,70,1,1,1,1
591,18808228274,70,1,1,1,1
592,18812304704,70,1,1,1,1
593,18890096750,70,1,1,1,1
594,18924041727,70,1,1,1,1
595,19002687517,70,1,2,1,1
596,19058128883,70,1,1,6,1
597,19062079247,71,1,1,1,1
598,19113168835,71,1,1,1,1
599,19127602695,71,1,1,1,1
600,19159711171,71,1,1,1,1
601,19210857602,71,1,1,1,1
602,19268730571,71,1,1,3,1
603,19314768894,71,1,2,2,1
604,19338731528,72,1,1,1,1
605,19346227715,72,1,1,1,1
606,19377733762,72,1,1,2,1
607,19380880072,72,1,1,1,1
608,19457583832,72,1,1,1,1
609,19461358667,72,1,1,1,1
610,19542335487,72,1,1,1,1
611,19583213615,72,1,1,1,1
612,19592557567,72,1,2,1,1
613,19597688819,73,1,1,2,1
614,19608929283,73,1,1,1,1
615,19615467980,73,1,1,1,1
616,19797172835,73,1,1,1,1
617,19798965600,73,1,1,1,1
618,19854905341,73,1,1,2,1
619,19864301584,74,1,1,2,1
620,19906035507,74,1,1,3,1
621,19998428851,74,1,1,1,1
622,20065601532,74,1,1,1,1
623,20066296832,74,1,1,2,1
624,20102259455,74,1,1,1,1
625,20127882748,74,1,1,1,1
626,20129197373,74,1,1,1,1
627,20132888625,75,1,1,1,1
628,20134792577,75,1,1,1,1
629,20166938656,75,1,3,2,1
630,20231175553,75,1,1,1,1
631,20233265147,75,1,1,1,1
632,20262646273,75,1,1,1,1
633,20264746878,75,1,1,10,1
634,20266073989,75,1,1,1,1
635,20319268864,75,1,1,1,1
636,20355421983,75,1,1,3,1
637,20367532017,75,1,1,3,1
638,20384837940,75,1,1,2,1
639,20392574300,75,1,1,1,1
640,20400558047,75,1,2,1,1
641,20412700682,76,1,1,1,1
642,20412747776,76,1,1,2,1
643,20452945916,76,1,1,1,1
644,20599259319,76,1,1,1,1
645,20665537260,76,1,1,1,1
646,20669591164,77,1,1,1,1
647,20682162944,77,1,1,5,1
648,20769636221,77,1,1,1,1
649,20849888083,77,1,1,1,1
650,20858278919,77,1,1,1,1
651,20921198128,77,1,1,2,1
652,20935823359,77,1,1,5,1
653,20963600920,78,1,1,1,1
654,21069822205,78,1,1,1,1
655,21118353854,78,1,1,1,1
656,21140911447,78,1,1,1,1
657,21151789296,78,1,1,1,1
658,21206465567,79,1,1,5,1
659,21420801823,79,1,1,1,1
660,21429534780,79,1,1,1,1
661,21458108431,79,1,1,2,1
662,21472211084,79,1,1,1,1
663,21474835455,79,1,1,33,1
664,21592378615,80,1,1,1,1
665,21611282622,80,2,1,1,1
666,21625175103,80,1,1,1,1
667,21657288664,80,1,1,1,1
668,21743263807,80,1,1,1,1
669,21751923695,81,1,1,1,1
670,21757951455,81,1,1,1,1
671,21776828896,81,1,1,1,1
672,21802573978,81,1,1,1,1
673,21810331135,81,1,3,2,1
674,21861760895,81,1,1,1,1
675,21976020268,81,1,1,1,1
676,22010928495,81,1,1,1,1
677,22012241964,82,1,1,1,1
678,22056534018,82,1,1,1,1
679,22063055044,82,1,1,1,1
680,22064136303,82,1,1,1,1
681,22124438198,82,2,1,1,1
682,22145859711,82,1,1,3,1
683,22174625148,82,1,1,1,1
684,22225485627,82,1,1,1,1
685,22246596616,82,1,1,5,1
686,22279582151,82,1,1,1,1
687,22280684323,83,1,1,1,1
688,22292525184,83,1,1,1,1
689,22313720839,83,1,1,1,1
690,22327099327,83,1,1,1,1
691,22365076246,83,1,1,1,1
692,22394565744,83,1,1,1,1
693,22417475631,83,1,1,2,1
694,22481324031,83,1,1,1,1
695,22483566280,83,1,1,1,1
696,22506492691,83,1,1,1,1
697,22548407387,83,1,1,1,1
698,22549311884,84,1,1,1,1
699,22549577600,84,1,1,3,1
700,22582177024,84,1,1,1,1
701,22594718384,84,1,1,1,1
702,22598874111,84,1,1,2,1
703,22681942026,84,1,1,1,1
704,22682804354,84,1,2,4,1
705,22804389835,84,1,1,1,1
706,22813622079,84,1,1,4,1
707,22813881344,84,1,1,1,1
708,22817541760,85,1,1,2,1
709,22820220880,85,1,1,3,1
710,22833127359,85,1,1,1,1
711,22850711562,85,1,1,1,1
712,22883997744,85,1,1,1,1
713,23070411552,85,1,1,1,1
714,23072014351,85,1,1,2,1
715,23085980674,86,1,1,1,1
716,23086444031,86,2,1,1,1
717,23087542273,86,1,1,2,1
718,23186108511,86,1,1,1,1
719,23217340279,86,2,1,1,1
720,23217512446,86,1,1,1,1
721,23219945470,86,1,1,1,1
722,23292575776,86,1,1,1,1
723,23318222463,86,1,1,1,1
724,23333472126,86,1,1,1,1
725,23347281917,86,1,1,1,1
726,23351183099,86,1,1,1,1
727,23351656320,86,1,1,1,1
728,23353218909,86,1,1,1,1
729,23354147010,87,2,1,1,1
730,23358013487,87,1,1,3,1
731,23370629118,87,1,1,1,1
732,23403989039,87,1,1,2,1
733,23454794508,87,1,1,1,1
734,23553168700,87,1,1,1,1
735,23609425088,87,1,1,2,1
736,23609731709,87,1,1,1,1
737,23616107201,87,1,1,1,1
738,23642425404,88,1,1,1,1
739,23874191343,88,1,1,1,1
740,23890870283,89,1,1,2,1
741,23893392904,89,1,1,2,1
742,23894935356,89,1,2,1,1
743,23908764300,89,1,1,1,1
744,23927394292,89,5,1,1,1
745,24037558283,89,1,2,1,1
746,24092790720,89,1,1,1,1
747,24143458293,89,1,1,1,1
748,24150614000,89,1,1,1,1
749,24159289864,90,1,1,1,1
750,24159596523,90,1,1,1,1
751,24161044475,90,1,1,1,1
752,24161287687,90,1,1,1,1
753,24189108264,90,1,1,1,1
754,24211929283,90,1,1,1,1
755,24260593091,90,1,1,1,1
756,24297209661,90,1,1,1,1
757,24388764396,90,1,1,1,1
758,24410882240,90,1,1,1,1
759,24478154819,91,1,1,1,1
760,24541146559,91,1,1,1,1
761,24558499837,91,1,1,3,1
762,24602679915,91,1,1,1,1
763,24617156800,91,1,1,1,1
764,24628693999,91,1,1,1,1
765,24634173519,91,1,1,1,1
766,24658592527,91,1,1,1,1
767,24681247693,91,1,1,1,1
768,24696097199,92,1,1,1,1
769,24698932076,92,1,1,1,1
770,24720246039,92,1,1,2,1
771,24890098017,92,1,1,1,1
772,24950878184,92,1,1,1,1
773,24956105601,92,1,1,1,1
774,24966578017,93,1,1,1,1
775,24967383808,93,1,1,3,1
776,24967643963,93,1,1,2,1
777,24972840951,93,1,1,3,1
778,24977060363,93,1,1,1,1
779,25166481581,93,1,1,2,1
780,25188750327,93,1,1,1,1
781,25202703808,93,1,1,1,1
782,25228945538,93,1,1,1,1
783,25229460227,93,1,1,1,1
784,25229775871,93,2,1,1,1
785,25238961393,94,1,1,1,1
786,25241014143,94,1,1,1,1
787,25250532059,94,1,1,1,1
788,25258098096,94,1,1,1,1
789,25369379006,94,2,1,1,1
790,25438444543,94,1,1,2,1
791,25440501999,94,1,1,1,1
792,25441562032,94,2,1,1,1
793,25468600363,94,1,1,1,1
794,25497493501,94,1,1,1,1
795,25498025495,94,1,1,1,1
796,25502089230,95,1,1,2,1
797,25503474208,95,1,1,2,1
798,25567493887,95,1,1,3,1
799,25624951903,95,1,1,1,1
800,25677467536,95,1,1,1,1
801,25756807872,95,1,1,1,1
802,25769814912,96,1,1,2,1
803,25794486784,96,1,1,1,1
804,25858932931,96,1,1,1,1
805,25862171656,96,1,1,1,1
806,25967189763,96,1,1,1,1
807,26021573371,96,1,1,2,1
808,26036928495,96,1,1,1,1
809,26038227122,96,1,1,1,1
810,26058885665,97,1,1,1,1
811,26163935087,97,1,1,1,1
812,26168373631,97,1,1,1,1
813,26238516687,97,1,1,2,1
814,26239688659,97,1,1,2,1
815,26273112062,97,2,1,1,1
816,26279410639,97,1,1,2,1
817,26286261472,97,1,1,1,1
818,26307524786,98,1,1,1,1
819,26363085180,98,1,1,2,1
820,26438406156,98,1,1,1,1
821,26525593407,98,1,1,1,1
822,26541555111,98,2,1,1,1
823,26575335935,99,1,1,1,1
824,26577404464,99,1,1,2,1
825,26587889698,99,1,1,1,1
826,26610893344,99,1,1,2,1
827,26642022335,99,1,1,1,1
828,26711627912,99,1,1,1,1
829,26789022419,99,1,1,1,1
830,26835107872,99,1,1,1,1
831,26841447472,99,2,2,2,1
832,26845929986,100,1,1,1,1
833,26893715456,100,1,2,1,1
834,26894966784,100,1,1,2,1
835,26926969217,100,1,1,1,1
836,26946314242,100,1,2,2,1
837,26975657855,100,2,1,15,1
838,27044859703,100,1,1,1,1
839,27102806527,100,1,1,1,1
840,27113028860,101,1,1,2,1
841,27115244848,101,1,1,1,1
842,27116045216,101,1,1,2,1
843,27119081988,101,1,1,1,1
844,27233689469,101,1,1,1,1
845,27245420543,101,1,1,1,1
846,27249734662,101,1,1,1,1
847,27254538111,101,1,1,1,1
848,27262967974,101,1,1,1,1
849,27360775671,101,1,1,1,1
850,27447520572,102,1,1,1,1
851,27460944846,102,1,1,1,1
852,27572355394,102,1,1,1,1
853,27598717986,102,1,1,1,1
854,27648327419,102,1,2,1,1
855,27661435552,103,1,1,1,1
856,27684241359,103,1,1,1,1
857,27702000579,103,1,1,1,1
858,27716718541,103,1,1,1,1
859,27808170035,103,1,2,1,1
860,27868182495,103,1,1,1,1
861,27883598598,103,1,1,1,1
862,27914144768,103,1,1,1,1
863,27917417644,104,1,1,2,1
864,27925923970,104,2,1,1,1
865,27934615687,104,3,1,1,1
866,27938504959,104,1,1,1,1
867,28044378108,104,1,1,1,1
868,28100443257,104,1,1,1,1
869,28118843383,104,1,1,1,1
870,28143530999,104,1,1,1,1
871,28185854915,105,1,2,1,1
872,28201648967,105,1,1,1,1
873,28354556864,105,1,1,2,1
874,28371045633,105,1,1,1,1
875,28416311988,105,1,1,1,1
876,28440542194,105,1,1,1,1
877,28443150032,105,1,1,1,1
878,28453646335,105,1,2,1,1
879,28454155251,105,1,2,17,1
880,28454203634,106,1,1,2,1
881,28454291712,106,1,1,3,1
882,28462552816,106,1,1,1,1
883,28463460872,106,1,1,1,1
884,28486746140,106,1,1,1,1
885,28505489323,106,1,1,1,1
886,28523102980,106,1,1,1,1
887,28523631808,106,1,1,1,1
888,28592603144,106,1,1,2,1
889,28658458593,106,1,1,1,1
890,28663090239,106,1,1,1,1
891,28664131592,106,1,1,2,1
892,28668231616,106,2,1,2,1
893,28714778448,106,1,1,1,1
894,28723692048,107,1,1,2,1
895,28728225825,107,1,1,1,1
896,28763290635,107,1,2,1,1
897,28782103614,107,1,1,1,1
898,28891379196,107,1,1,1,1
899,28912364606,107,1,1,1,1
900,28931062528,107,1,1,1,1
901,28937597443,107,1,1,1,1
902,28980534269,107,1,1,1,1
903,29020374795,108,1,1,1,1
904,29055909932,108,1,1,1,1
905,29058460662,108,1,1,1,1
906,29104275839,108,1,1,3,1
907,29124902768,108,1,1,2,1
908,29135782077,108,1,1,1,1
909,29171353372,108,1,1,1,1
910,29181004768,108,1,1,1,1
911,29192027527,108,1,1,1,1
912,29194910784,108,1,1,1,1
913,29248980608,108,1,1,1,1
914,29256835070,108,1,1,2,1
915,29257759743,108,1,1,1,1
916,29310811639,109,1,1,1,1
917,29319229643,109,1,1,1,1
918,29460928178,109,1,1,1,1
919,29489696130,109,1,1,1,1
920,29516495997,109,1,1,1,1
921,29524033503,109,1,2,1,1
922,29525039100,109,1,1,1,1
923,29530045960,110,1,2,3,1
924,29530948291,110,1,1,1,1
925,29630797814,110,1,1,1,1
926,29671031304,110,1,2,1,1
927,29715596290,110,2,1,2,1
928,29729366048,110,1,2,2,1
929,29732290336,110,1,1,1,1
930,29783555279,110,1,1,4,1
931,29832887808,111,1,1,1,1
932,29843008522,111,1,1,1,1
933,29896941565,111,1,1,1,1
934,29914329084,111,1,1,1,1
935,29930520063,111,1,1,1,1
936,29936173238,111,1,1,1,1
937,30061043456,111,1,1,3,1
938,30066835650,112,1,1,1,1
939,30117233347,112,1,1,1,1
940,30136086561,112,1,1,1,1
941,30140260173,112,2,1,1,1
942,30224368664,112,1,1,1,1
943,30227311744,112,1,1,1,1
944,30265787136,112,1,1,1,1
945,30266813215,112,1,1,1,1
946,30333377535,113,2,1,1,1
947,30370397952,113,1,1,1,1
948,30386733476,113,1,1,1,1
949,30430007218,113,1,1,1,1
950,30534819636,113,1,1,1,1
951,30580655605,113,1,1,1,1
952,30599511519,113,1,1,5,1
953,30668234930,114,1,1,2,1
954,30720130441,114,1,1,1,1
955,30804751095,114,1,1,1,1
956,30870523132,115,1,1,1,1
957,30920470720,115,1,1,1,1
958,31003716607,115,1,1,1,1
959,31117213567,115,1,1,1,1
960,31137989432,115,1,1,1,1
961,31157375996,116,1,1,1,1
962,31180980746,116,1,1,1,1
963,31184617471,116,1,1,3,1
964,31185473520,116,1,1,1,1
965,31268741298,116,1,1,1,1
966,31272935936,116,1,1,1,1
967,31273288200,116,1,1,3,1
968,31335367470,116,1,1,1,1
969,31336434435,116,1,2,1,1
970,31394831792,116,1,1,1,1
971,31403307005,116,1,1,1,1
972,31404212220,116,1,2,1,1
973,31406928861,116,1,1,2,1
974,31453774559,117,1,1,1,1
975,31457288688,117,1,2,3,1
976,31611904015,117,1,2,1,1
977,31615613951,117,1,1,1,1
978,31616610301,117,1,1,1,1
979,31621058071,117,1,1,1,1
980,31640764595,117,1,1,1,1
981,31668076991,117,1,1,1,1
982,31674338035,117,1,1,1,1
983,31675710468,118,1,1,1,1
984,31709713351,118,1,1,1,1
985,31792771839,118,1,1,2,1
986,31808488067,118,1,1,1,1
987,31809068919,118,1,3,3,1
988,31809610249,118,1,1,1,1
989,31893011457,118,1,1,1,1
990,31904981505,118,1,1,1,1
991,31944859645,119,2,1,2,1
992,31961051388,119,1,1,1,1
993,31994004593,119,1,1,1,1
994,32026918783,119,1,1,1,1
995,32084366064,119,1,1,1,1
996,32145891466,119,1,1,1,1
997,32176602940,119,2,1,1,1
998,32178099775,119,1,1,1,1
999,32209538015,119,1,1,1,1
1000,32212187150,119,1,1,1,1
