sample_index,token_id_uint64,mask_id,SALMONELLA_occurrences,DEINOCOCCUS_occurrences,THERMOCOCCUS_occurrences,METHANOSARCINA_occurrences,KLUYVEROMYCES_occurrences,ARABIDOPSIS_occurrences,DROSOPHILA_occurrences,CBRIGGSAE_occurrences
1,6291630,0,0,0,0,1,0,0,2,0
2,17297444,0,0,0,0,0,1,0,2,1
3,29641930,0,1,0,0,0,0,1,0,0
4,69757063,0,0,0,0,0,0,1,1,0
5,70506359,0,0,0,0,0,0,1,0,1
6,88041475,0,0,0,0,0,1,0,0,2
7,97534079,0,0,0,0,0,0,0,1,1
8,120618484,0,1,0,0,0,0,2,1,0
9,130842567,0,1,0,0,0,0,8,6,8
10,131951055,0,0,0,1,0,0,0,0,0
11,234341936,0,0,0,0,0,1,6,0,0
12,241956994,0,0,0,0,0,0,2,0,0
13,264672105,0,0,0,0,0,0,0,0,0
14,268644556,1,0,0,0,0,1,22,33,5
15,302090371,1,0,0,0,0,0,3,0,2
16,318868486,1,0,0,0,0,1,1,3,0
17,336642824,1,0,0,0,1,0,7,1,0
18,367001121,1,0,0,0,0,0,0,2,0
19,469770370,1,0,0,0,0,2,14,2,20
20,571276302,2,0,0,0,0,0,2,4,0
21,666892255,2,0,0,0,0,0,9,4,11
22,668991167,2,0,0,0,17,1,12,8,15
23,724741631,2,1,0,0,0,0,0,3,2
24,770966180,2,0,0,0,0,2,1,2,0
25,788707313,2,0,0,0,0,1,4,9,15
26,791804943,2,1,0,0,0,0,13,13,26
27,792714367,2,1,0,0,0,1,13,4,2
28,805150901,2,0,0,0,0,0,1,0,0
29,806880819,3,0,0,0,0,0,6,4,1
30,807577604,3,0,0,0,0,1,1,2,0
31,809484796,3,0,0,0,0,0,11,19,21
32,810292352,3,0,0,1,0,1,2,3,2
33,818138172,3,0,0,0,1,0,19,33,2
34,825700079,3,0,0,0,1,0,1,0,1
35,907301336,3,0,1,0,1,1,3,5,1
36,936327116,3,0,0,0,0,1,3,1,1
37,937364831,3,0,0,0,0,0,3,0,0
38,946932736,3,0,0,0,0,0,1,10,1
39,1065356226,3,0,0,0,0,3,5,9,20
40,1085471730,4,0,0,0,0,1,5,2,3
41,1103168993,4,0,0,0,0,0,0,1,0
42,1107293377,4,0,0,0,0,0,5,0,7
43,1126608900,4,0,0,0,0,0,1,1,0
44,1144046323,4,1,0,0,0,0,5,1,1
45,1299922769,4,0,0,0,0,0,0,0,0
46,1357939723,5,0,0,0,0,0,2,0,0
47,1406185504,5,0,0,0,0,0,1,0,1
48,1478623361,5,0,0,0,0,0,13,1,5
49,1528866754,5,0,0,0,1,0,0,0,1
50,1547502540,5,0,0,0,1,1,11,7,0
51,1593567112,5,0,0,0,0,1,3,0,1
52,1610887171,6,0,0,0,1,0,44,24,26
53,1613887484,6,0,0,0,0,0,8,13,5
54,1613955020,6,0,0,0,1,1,14,27,14
55,1618050499,6,0,0,0,0,0,3,0,0
56,1623117836,6,0,0,0,0,0,3,3,1
57,1648304811,6,0,0,0,0,0,2,0,0
58,1649087548,6,0,0,0,0,0,0,0,0
59,1742700507,6,0,0,0,1,0,25,5,16
60,1751154849,6,0,0,0,3,1,1,3,2
61,1827765005,6,0,0,0,0,0,0,0,0
62,1844443103,6,0,0,0,1,0,9,5,12
63,1878690687,6,0,0,0,1,0,5,4,2
64,1880033320,7,0,0,0,0,0,7,5,3
65,1880093692,7,0,0,0,0,0,60,42,26
66,1912704047,7,0,0,1,0,0,5,1,0
67,1959758828,7,0,0,0,0,0,1,0,0
68,1976026623,7,2,0,0,1,1,2,2,9
69,2005241090,7,0,0,0,0,0,0,0,0
70,2078752524,7,0,0,0,0,0,2,0,0
71,2088574973,7,2,0,0,0,0,5,6,5
72,2113928191,7,1,0,0,1,0,101,50,85
73,2139617016,7,0,0,0,0,0,0,1,3
74,2149380099,8,0,0,0,0,0,20,13,10
75,2149583619,8,0,0,0,0,0,20,26,5
76,2149679872,8,0,0,0,0,0,5,4,11
77,2160123888,8,0,0,0,2,0,13,9,24
78,2167207344,8,0,0,0,0,0,2,3,0
79,2177124124,8,0,0,0,0,0,1,2,0
80,2181595691,8,0,0,0,0,3,84,5,100
81,2214272193,8,0,0,0,0,0,3,2,1
82,2222717634,8,0,0,0,0,0,0,0,0
83,2266959356,8,0,0,0,0,1,4,3,6
84,2277719108,8,0,0,0,0,0,2,1,0
85,2280726493,8,0,0,0,1,0,4,2,5
86,2285892927,8,0,0,0,0,0,2,0,0
87,2382361329,8,1,0,0,0,0,4,2,4
88,2398138369,8,0,0,0,0,1,3,2,10
89,2402419116,8,0,0,0,0,0,3,0,0
90,2406751740,8,0,0,0,2,0,2,3,3
91,2407497717,8,1,0,2,2,1,20,8,18
92,2411006764,8,0,0,0,1,0,4,1,0
93,2417696515,9,0,0,0,0,2,0,6,0
94,2550137000,9,0,0,0,0,1,18,6,8
95,2597298358,9,0,0,0,0,0,0,1,0
96,2667626467,9,0,0,0,0,2,7,4,14
97,2670706880,9,0,0,0,1,1,16,7,7
98,2683798198,9,0,0,0,0,0,1,0,0
99,2684523228,10,0,0,0,0,0,0,0,1
100,2717906812,10,0,0,0,0,0,3,0,11
101,2735718412,10,0,0,0,0,1,14,23,21
102,2748267633,10,1,0,0,0,0,9,2,0
103,2749507592,10,0,0,0,0,0,3,0,2
104,2752192139,10,0,0,0,0,0,1,0,0
105,2802847544,10,0,0,0,0,1,0,1,2
106,2821389312,10,0,0,0,0,0,2,14,4
107,2895230783,10,0,0,0,0,0,0,1,1
108,2936828175,10,0,0,0,0,0,6,6,0
109,2960932155,11,0,0,0,0,0,1,0,0
110,2961155071,11,0,0,0,0,0,20,2,10
111,2986999852,11,0,0,0,0,2,9,3,8
112,3166174244,11,0,0,0,0,0,4,1,0
113,3179280368,11,0,0,0,0,1,6,3,11
114,3227548671,12,0,0,0,0,0,2,1,1
115,3237084316,12,0,0,0,1,2,3,7,1
116,3237999103,12,1,0,0,2,2,44,19,131
117,3355203665,12,0,0,0,0,0,1,0,1
118,3434285088,12,0,0,0,1,0,10,3,1
119,3488817792,12,0,0,0,1,0,5,1,6
120,3492548624,13,0,0,0,1,1,12,7,4
121,3611522843,13,0,0,0,0,0,2,1,1
122,3623206407,13,0,0,0,0,1,0,2,0
123,3674390528,13,0,0,0,0,1,16,15,45
124,3690999615,13,0,0,0,3,0,17,8,40
125,3692428976,13,0,0,0,0,0,0,0,1
126,3743416536,13,0,0,0,0,0,0,6,0
127,3756847070,13,0,0,0,0,0,5,2,3
128,3787857889,14,0,0,0,0,0,2,3,2
129,3837793759,14,0,0,0,0,0,0,3,0
130,3854573565,14,0,0,0,1,0,8,0,5
131,3870170433,14,1,0,0,0,0,0,0,0
132,3892310715,14,1,0,0,1,0,5,6,4
133,4018094556,14,0,0,0,0,0,7,2,1
134,4022339695,14,0,0,0,0,0,3,3,8
135,4022870144,14,0,0,0,0,1,28,2,6
136,4025663468,14,0,0,0,0,1,14,5,15
137,4027367391,15,0,0,0,0,0,10,1,5
138,4056169567,15,0,0,0,0,0,0,0,1
139,4058002371,15,0,0,0,0,0,3,1,0
140,4060023944,15,2,0,0,1,0,2,1,4
141,4228411168,15,0,0,0,0,0,4,0,0
142,4257185270,15,0,0,0,0,0,0,1,2
143,4286612990,15,0,0,0,0,0,1,0,10
144,4293969869,15,0,0,0,0,0,5,6,4
145,4294768639,15,0,0,0,4,2,81,76,94
146,4320098300,16,0,0,0,0,0,2,1,10
147,4328456959,16,0,0,0,2,1,13,6,256
148,4395807778,16,0,0,0,0,0,1,0,0
149,4429414530,16,0,0,0,0,0,11,4,0
150,4464870026,16,0,0,0,2,3,16,10,12
151,4499633167,16,0,0,0,0,0,5,1,5
152,4504878556,16,1,0,0,0,0,3,1,0
153,4559341560,16,0,0,1,0,2,7,8,5
154,4562894935,16,0,0,0,0,0,2,0,1
155,4564123818,17,0,0,0,0,0,6,8,8
156,4570840412,17,0,0,0,0,0,1,1,1
157,4570859137,17,0,0,0,1,0,2,2,1
158,4571843068,17,0,0,0,0,1,2,3,2
159,4575118083,17,0,0,0,0,0,4,2,7
160,4609002664,17,1,0,0,0,0,0,1,0
161,4629385211,17,0,0,0,0,0,5,6,2
162,4736810049,17,0,0,0,0,0,0,0,0
163,4748091424,17,0,0,0,0,0,11,4,10
164,4778344896,17,0,0,0,0,1,10,11,4
165,4823899121,17,0,0,0,0,1,1,3,0
166,4831628286,17,0,0,0,0,1,10,7,51
167,4831934240,18,0,0,0,1,0,2,0,8
168,4840233586,18,0,0,0,0,0,2,1,1
169,4840359936,18,0,0,0,4,9,289,47,425
170,4881968896,18,0,0,0,0,0,7,7,12
171,4901043504,18,0,0,0,0,1,7,4,2
172,4947931129,18,0,0,0,0,0,0,4,0
173,5016662023,18,0,0,0,0,0,8,3,1
174,5087678213,18,0,0,0,0,0,6,7,3
175,5096480708,18,1,0,0,0,0,2,5,13
176,5122839489,19,0,0,0,0,0,0,0,1
177,5246863484,19,0,0,0,0,0,4,1,0
178,5300814723,19,0,0,0,1,0,5,3,5
179,5335283034,19,0,0,0,0,0,0,1,1
180,5368754368,20,0,0,0,3,5,31,61,55
181,5373231155,20,0,0,0,0,0,2,1,0
182,5376081945,20,0,0,0,0,0,5,2,2
183,5401591285,20,0,0,0,1,0,6,0,4
184,5469225085,20,0,0,0,0,0,5,1,1
185,5637187631,21,1,0,0,0,0,6,1,11
186,5666777923,21,0,0,0,0,0,1,0,0
187,5687493071,21,0,0,0,0,3,16,2,0
188,5702688832,21,0,0,0,0,0,2,0,1
189,5821825056,21,0,0,0,0,3,18,7,25
190,5901331680,21,0,0,0,0,0,1,2,1
191,5904381919,21,0,0,0,0,0,1,4,0
192,5906137146,22,1,0,0,0,0,3,2,2
193,5909217072,22,0,0,0,0,0,6,3,5
194,5990400900,22,0,0,0,0,0,0,1,0
195,6031286140,22,0,0,0,2,0,3,2,1
196,6037655007,22,1,0,0,0,0,2,0,3
197,6043913150,22,0,0,0,0,0,0,0,0
198,6157073663,22,0,0,0,0,0,6,4,4
199,6160334639,22,0,0,0,0,1,4,8,7
200,6165495735,22,0,0,0,4,1,14,8,7
201,6173361913,22,0,0,0,0,0,0,1,0
202,6186602739,23,0,0,0,0,1,17,13,2
203,6190219516,23,0,0,0,0,0,4,3,3
204,6350443635,23,0,0,0,0,0,0,1,0
205,6388741060,23,0,0,0,0,1,1,2,1
206,6392118291,23,1,0,0,0,1,12,11,11
207,6440890219,23,1,0,0,0,0,5,1,1
208,6451363872,24,0,0,0,0,2,56,12,87
209,6468095296,24,0,0,0,0,0,0,0,0
210,6493307092,24,0,0,0,0,0,3,2,1
211,6501171464,24,0,0,0,1,0,6,2,5
212,6543138825,24,1,1,0,0,0,1,2,0
213,6623210759,24,0,0,0,0,0,0,0,2
214,6643790339,24,0,0,0,0,1,11,10,3
215,6722552587,25,0,0,0,0,0,4,1,4
216,6811657731,25,1,0,0,0,0,0,4,2
217,6841631791,25,1,0,1,0,0,1,2,2
218,6848184864,25,0,0,0,0,0,10,4,6
219,6856409091,25,0,0,0,0,1,3,1,0
220,6916716016,25,0,0,0,0,0,0,0,5
221,6978788595,25,0,0,0,0,3,20,6,8
222,6979518334,26,0,0,0,0,1,7,6,7
223,6983254190,26,1,0,0,0,0,5,6,3
224,6996041724,26,0,0,0,0,2,24,46,68
225,7134119950,26,0,0,0,0,0,4,0,0
226,7278104498,27,0,0,0,0,0,1,0,0
227,7407409194,27,0,0,0,0,0,2,3,0
228,7499396479,27,0,0,1,0,1,3,2,0
229,7514496988,27,0,0,0,0,0,1,1,1
230,7564148782,28,0,0,0,0,0,0,2,16
231,7656543220,28,1,0,0,0,0,0,0,0
232,7725649919,28,0,0,0,0,1,9,24,14
233,7776240006,28,0,0,0,0,0,0,6,4
234,7780388863,28,1,0,0,1,2,36,2,14
235,7783317309,28,0,0,0,0,0,10,11,6
236,7784093695,28,0,0,1,1,4,50,24,90
237,7797211328,29,0,0,0,3,12,124,127,41
238,7835025422,29,0,0,0,0,0,11,3,0
239,7916704821,29,0,0,0,0,0,1,0,1
240,7918628851,29,0,0,0,0,1,7,6,44
241,7926211371,29,0,0,0,0,0,0,1,2
242,7950071309,29,0,0,0,0,0,0,2,0
243,7991918079,29,1,0,0,0,0,0,3,4
244,8002698591,29,0,0,0,1,0,3,3,0
245,8019568768,29,0,0,0,0,0,4,1,1
246,8044676016,29,1,0,0,0,0,8,2,22
247,8060202951,30,0,0,0,0,0,3,5,2
248,8066466913,30,1,0,0,0,0,0,0,0
249,8136785375,30,0,0,0,0,0,3,1,3
250,8195617328,30,1,0,0,1,1,1,8,7
251,8245991370,30,0,0,0,0,0,2,1,2
252,8260646668,30,0,0,0,0,0,1,0,2
253,8320710644,30,0,0,0,2,0,16,4,33
254,8320843583,30,0,0,0,1,1,42,32,38
255,8322154739,31,0,0,0,0,2,16,7,4
256,8337776655,31,0,0,0,0,1,3,2,6
257,8384665599,31,0,0,0,0,0,17,4,1
258,8439103584,31,0,0,0,0,0,3,6,1
259,8440413649,31,1,1,1,0,1,0,6,0
260,8443084784,31,0,0,0,0,0,13,16,3
261,8443127651,31,0,0,0,0,0,1,1,0
262,8538911239,31,0,0,0,0,0,0,0,1
263,8585838191,31,0,0,0,0,0,0,1,1
264,8598320981,32,0,0,0,0,0,0,1,2
265,8599025824,32,0,0,0,0,0,1,3,4
266,8657705464,32,0,0,0,0,0,0,0,1
267,8685820592,32,0,0,0,0,0,0,0,1
268,8707372031,32,0,0,0,1,0,23,42,45
269,8714827647,32,0,0,0,0,0,3,0,3
270,8724139089,32,0,0,0,1,0,2,1,3
271,8758452012,32,0,0,0,2,0,0,0,0
272,8794438719,32,1,0,0,1,0,5,7,2
273,8824849455,32,0,0,0,0,0,2,3,7
274,8861565456,33,0,0,0,0,1,5,7,7
275,8862442752,33,0,0,0,0,0,0,0,2
276,8869709935,33,1,0,0,0,0,2,2,2
277,8904998860,33,0,0,0,0,0,3,0,1
278,8908716288,33,0,0,0,0,0,5,11,5
279,8976921473,33,0,0,0,0,0,2,0,0
280,9062856700,33,0,0,0,0,1,15,4,2
281,9093123580,33,0,0,0,0,0,7,1,4
282,9122597883,33,0,0,0,0,0,24,13,8
283,9124573429,33,0,0,1,1,0,4,1,2
284,9127735412,34,0,0,0,0,0,2,0,1
285,9158248410,34,0,0,0,0,0,0,1,0
286,9177162033,34,0,0,0,0,0,1,0,0
287,9261265504,34,0,0,0,0,0,1,0,0
288,9328132160,34,1,0,0,0,1,130,178,116
289,9330983677,34,0,0,0,0,0,3,1,3
290,9333657084,34,0,0,0,0,0,1,0,0
291,9349493381,34,1,0,0,0,0,1,0,0
292,9389986042,34,0,0,0,0,0,2,2,1
293,9390735343,34,0,0,0,0,0,8,6,4
294,9397500914,35,1,0,0,0,0,3,0,3
295,9453040845,35,0,0,0,0,0,1,0,1
296,9462349823,35,1,0,0,1,37,978,1268,160
297,9497411056,35,0,0,0,0,1,3,2,0
298,9512449360,35,0,0,0,0,0,0,1,0
299,9521141696,35,0,0,0,0,1,0,0,1
300,9600889317,35,0,0,0,0,0,0,0,0
301,9607249851,35,0,0,0,0,0,2,0,2
302,9648456458,35,0,0,0,1,0,0,0,0
303,9661577213,35,1,0,0,5,7,120,29,118
304,9670755168,36,0,0,0,0,0,2,1,4
305,9671262223,36,0,0,0,0,6,12,12,22
306,9743369472,36,0,0,0,0,2,7,4,7
307,9766439884,36,1,0,0,0,0,3,0,1
308,9797834103,36,0,0,0,0,0,4,0,6
309,9881699266,36,0,0,0,0,0,2,1,2
310,9925009424,36,0,0,0,0,0,2,1,0
311,9932934093,37,0,0,0,0,0,4,1,1
312,9951020259,37,0,0,0,0,0,1,0,0
313,10072022945,37,0,0,0,0,2,0,1,0
314,10183778314,37,0,0,0,1,0,7,6,7
315,10203479947,38,0,0,0,0,0,2,1,2
316,10251057104,38,0,0,0,0,0,4,2,2
317,10271668210,38,0,0,0,0,0,2,1,2
318,10297847932,38,0,0,0,0,0,0,0,0
319,10317956108,38,0,0,0,0,0,3,1,2
320,10370186560,38,0,0,0,0,0,0,0,0
321,10383752751,38,0,0,0,0,0,0,1,1
322,10404101146,38,0,0,0,0,0,0,1,3
323,10432416573,38,1,0,0,1,0,1,0,1
324,10468914172,38,1,0,0,0,0,24,33,24
325,10485235703,39,0,0,0,1,2,27,6,38
326,10503269515,39,0,0,0,0,1,8,4,4
327,10504638216,39,1,0,0,0,0,6,2,0
328,10584311699,39,0,0,0,0,2,0,0,0
329,10674637021,39,0,0,0,0,0,0,0,1
330,10703597563,39,0,0,0,0,0,18,51,10
331,10734182261,39,0,0,0,0,0,1,2,0
332,10767788007,40,0,0,0,0,0,0,0,0
333,10816457218,40,0,0,0,0,1,5,0,0
334,10821111768,40,0,0,0,0,0,3,2,0
335,10854892064,40,0,0,1,0,0,4,5,3
336,10871883659,40,0,0,0,0,0,0,1,1
337,10921695691,40,1,0,0,0,0,0,0,0
338,10922688764,40,0,0,0,0,0,6,10,3
339,11006246912,41,0,0,0,1,2,57,71,75
340,11014110245,41,1,0,0,0,1,1,1,2
341,11021973494,41,0,0,0,0,1,0,0,0
342,11116724650,41,0,0,0,0,0,0,0,0
343,11138104602,41,0,0,0,0,1,0,3,0
344,11148488704,41,0,0,1,0,0,30,5,7
345,11208143312,41,0,0,0,0,0,0,1,0
346,11209010595,41,0,0,0,0,0,1,0,0
347,11209440736,41,0,0,1,0,0,0,0,5
348,11219368059,41,1,0,0,0,0,0,0,2
349,11271631095,41,1,0,0,1,0,3,2,1
350,11274993680,42,0,0,0,0,2,19,28,22
351,11319243808,42,0,0,0,0,0,1,1,1
352,11341564929,42,0,0,0,0,0,1,2,2
353,11416929730,42,0,0,1,2,0,0,0,4
354,11442782210,42,0,0,0,0,0,2,3,22
355,11458802444,42,0,0,0,0,0,7,0,0
356,11487346667,42,0,0,0,0,0,1,3,7
357,11508695091,42,0,0,0,0,1,3,2,6
358,11534334276,42,0,0,0,0,0,1,1,1
359,11540590079,42,0,0,0,0,3,15,16,14
360,11541687712,42,0,0,0,0,0,3,1,10
361,11541925884,42,0,0,0,1,2,77,77,29
362,11604336863,43,0,0,0,0,1,2,0,0
363,11643376127,43,1,0,0,1,0,6,12,17
364,11666440183,43,0,0,0,0,0,7,1,4
365,11752505280,43,0,0,0,0,0,22,8,16
366,11797797630,43,0,0,0,0,0,0,0,1
367,11810353392,43,1,0,1,0,0,7,12,13
368,11812146176,44,1,0,0,0,1,75,85,59
369,11812168112,44,0,0,0,0,0,0,1,0
370,11841035679,44,0,0,1,2,1,10,5,5
371,11878451391,44,0,0,0,0,0,3,1,2
372,11884101553,44,0,0,0,0,0,1,0,0
373,11943024637,44,0,0,0,0,0,4,0,2
374,11948294144,44,0,0,1,0,2,50,8,26
375,11992083456,44,0,0,0,0,0,7,2,9
376,12045262642,44,0,0,0,0,1,1,0,4
377,12062867699,44,0,0,0,0,1,37,19,19
378,12075448304,44,0,0,0,1,0,9,11,94
379,12079199036,44,1,0,0,1,0,5,5,3
380,12180722930,45,0,0,0,0,0,0,0,0
381,12199807025,45,0,0,0,0,0,0,0,0
382,12213804736,45,1,0,0,0,1,6,7,16
383,12300896288,45,0,0,0,1,0,4,0,0
384,12382883632,46,0,0,0,0,0,2,6,2
385,12412269530,46,0,0,0,0,0,0,0,0
386,12414107393,46,0,0,0,0,0,16,20,35
387,12465209321,46,0,0,0,0,0,1,11,2
388,12479922037,46,0,0,0,0,0,2,1,3
389,12582666305,46,0,0,0,0,0,1,2,2
390,12583695168,46,0,0,0,0,0,0,4,4
391,12603803407,46,0,0,0,0,0,3,5,0
392,12614355967,46,0,0,0,0,1,19,22,49
393,12617015432,47,0,0,0,0,0,5,1,13
394,12650698751,47,0,0,0,1,0,2,0,3
395,12723155169,47,0,0,0,0,0,1,0,0
396,12748398463,47,0,0,1,0,0,10,5,6
397,12817235743,47,1,0,1,0,0,13,13,5
398,12820972034,47,0,0,0,1,0,8,2,5
399,12873048044,47,0,0,0,0,0,2,0,0
400,12881686676,47,0,0,0,0,0,1,0,1
401,12886147585,48,0,0,0,0,0,12,16,8
402,12930199480,48,0,0,0,0,0,2,1,3
403,12933132748,48,0,0,0,0,0,8,2,8
404,12942311468,48,0,0,0,0,0,4,3,2
405,12964847680,48,0,0,0,0,0,1,3,2
406,13003259681,48,0,0,0,0,0,0,5,1
407,13021213055,48,0,0,0,0,1,4,7,7
408,13067353855,48,1,0,0,0,0,4,6,10
409,13087170900,48,0,0,0,0,0,0,0,0
410,13118912471,48,0,0,0,0,0,2,1,2
411,13152295616,48,0,0,0,0,0,2,8,19
412,13153140787,48,0,0,0,0,0,11,11,43
413,13153333239,48,0,0,0,1,4,53,78,59
414,13153869987,49,0,0,0,1,0,7,2,10
415,13154320383,49,0,0,0,1,2,224,38,87
416,13155629070,49,0,0,0,0,0,4,0,5
417,13165655240,49,0,0,0,0,0,5,1,4
418,13179543392,49,0,0,0,0,0,3,0,0
419,13186093054,49,0,0,0,1,0,4,3,2
420,13186235623,49,0,0,0,0,0,1,0,1
421,13218394161,49,0,0,0,0,0,4,3,0
422,13241933687,49,2,0,0,0,1,4,2,9
423,13342084139,49,0,0,0,0,0,1,1,1
424,13417589814,49,0,0,0,0,1,3,4,2
425,13426434603,50,1,0,0,0,0,1,1,1
426,13457096669,50,0,0,0,0,0,0,2,0
427,13548290575,50,0,0,0,0,0,1,0,0
428,13637110784,50,0,0,0,1,0,3,0,0
429,13658799616,50,0,0,0,0,1,4,1,2
430,13686062528,50,0,0,0,0,0,14,8,69
431,13693330144,51,0,0,0,0,0,1,2,0
432,13694142656,51,0,0,0,0,0,21,14,28
433,13702791232,51,0,0,0,2,4,68,110,67
434,13706248391,51,0,0,0,0,0,4,5,2
435,13706452214,51,0,0,0,2,0,1,1,0
436,13723749244,51,0,0,0,2,1,2,1,18
437,13819313132,51,0,0,0,0,0,3,0,2
438,13872739299,51,0,0,0,0,0,0,1,0
439,13890735059,51,0,0,0,0,0,3,1,0
440,13904904136,51,1,0,0,1,0,10,0,12
441,13948870519,51,0,0,0,0,0,3,2,0
442,14021804287,52,0,0,0,0,0,32,34,15
443,14041604088,52,0,0,0,0,0,2,0,2
444,14092308735,52,0,0,1,0,0,1,0,0
445,14094761947,52,0,0,0,10,0,0,1,0
446,14118552462,52,0,0,0,0,0,0,0,0
447,14167048185,52,0,0,0,0,0,1,3,5
448,14195593340,52,0,0,0,0,0,0,0,0
449,14340291333,53,0,0,0,0,0,0,0,1
450,14363406338,53,0,0,0,2,1,11,4,5
451,14443618495,53,0,0,0,0,1,2,0,3
452,14453009463,53,0,0,0,0,0,0,0,1
453,14478941567,53,0,0,0,1,0,3,2,2
454,14496432130,54,1,0,0,1,3,63,35,19
455,14562490367,54,0,0,0,2,2,55,10,21
456,14579809983,54,0,0,0,0,0,1,1,1
457,14663283187,54,0,0,0,1,0,2,9,7
458,14692856752,54,0,0,0,0,0,6,3,2
459,14725430794,54,0,0,0,0,0,0,0,0
460,14730928256,54,0,0,0,0,2,18,6,11
461,14747201539,54,0,0,0,0,0,13,12,17
462,14763818353,54,0,0,0,1,2,8,3,10
463,14814257919,55,0,0,0,0,1,0,1,10
464,15031827711,55,0,0,2,0,2,24,14,27
465,15035564039,56,0,0,1,2,0,9,3,8
466,15048117132,56,0,0,0,0,0,5,6,8
467,15063830591,56,0,0,0,0,0,8,5,7
468,15179149826,56,0,0,0,0,0,3,1,0
469,15231658047,56,0,0,0,0,0,1,0,0
470,15234530081,56,0,0,0,0,0,1,2,0
471,15242177776,56,0,0,0,0,0,4,0,0
472,15250518300,56,0,0,0,0,0,6,2,5
473,15301543984,57,0,0,0,0,1,11,7,5
474,15313764352,57,0,0,0,0,1,4,6,0
475,15354299343,57,0,0,0,0,1,23,34,9
476,15409872651,57,0,0,0,0,1,1,4,4
477,15450779820,57,1,0,0,0,0,2,2,1
478,15468638208,57,0,0,0,0,5,7,28,19
479,15503393804,57,0,0,0,0,0,6,15,1
480,15506277119,57,0,0,0,0,0,16,11,28
481,15511075872,57,0,0,0,0,1,9,0,3
482,15514685693,57,0,0,0,0,0,6,1,1
483,15555690368,57,0,0,0,0,0,11,17,6
484,15567123711,57,1,0,0,2,1,27,5,18
485,15571419328,58,0,0,0,0,1,30,24,15
486,15577825284,58,0,0,0,0,3,16,11,19
487,15594287243,58,0,0,0,0,0,4,0,6
488,15672016272,58,0,1,0,0,0,1,0,1
489,15689990151,58,1,0,0,0,0,2,1,0
490,15701192703,58,0,0,0,0,1,5,0,3
491,15715058635,58,0,0,0,0,0,2,0,0
492,15770716104,58,0,0,0,0,1,7,1,5
493,15850104771,59,0,0,0,0,0,1,1,0
494,15854207217,59,0,0,0,0,0,12,14,19
495,15854649356,59,0,0,0,1,0,6,12,5
496,15938232347,59,0,0,0,1,0,0,2,0
497,15974138629,59,0,0,0,0,0,1,3,0
498,15974193152,59,0,0,0,2,1,4,5,3
499,15980855424,59,0,0,0,0,0,10,6,16
500,16041119776,59,0,0,0,1,0,4,4,8
501,16120074247,60,0,0,0,1,0,4,1,6
502,16172709320,60,0,0,0,0,0,5,0,1
503,16223502348,60,0,0,0,0,1,1,6,7
504,16288505857,60,0,0,0,0,0,2,1,1
505,16307408831,60,0,0,0,0,2,11,8,6
506,16331841008,60,0,0,0,0,0,1,3,0
507,16341028224,60,0,0,0,1,0,0,3,5
508,16441684316,61,0,0,0,0,0,1,2,1
509,16559145003,61,1,0,0,0,1,9,2,16
510,16630449868,61,0,0,0,0,0,0,0,0
511,16643752128,62,0,0,0,0,1,21,14,27
512,16655452346,62,0,0,0,0,1,6,1,1
513,16693117950,62,0,0,0,0,0,8,8,14
514,16703845339,62,0,0,0,0,0,1,0,1
515,16723471544,62,0,0,0,0,0,1,2,1
516,16843784748,62,0,0,0,1,0,1,2,4
517,16897802235,62,0,0,0,0,2,14,9,49
518,16914609136,63,0,0,0,0,0,7,5,4
519,16922960061,63,0,0,0,0,0,3,1,2
520,16944448511,63,0,0,0,2,0,5,2,17
521,16956260416,63,0,0,0,0,0,5,7,12
522,16980049696,63,0,0,0,0,1,0,0,1
523,16980671776,63,0,0,0,0,0,5,2,5
524,17062419679,63,0,0,0,0,0,3,0,3
525,17118698543,63,0,0,0,0,0,0,0,0
526,17120217678,63,0,0,0,0,0,0,0,0
527,17180000811,64,0,0,1,0,4,15,3,9
528,17182753472,64,0,0,0,4,6,24,58,48
529,17213165814,64,0,0,0,0,0,2,4,1
530,17385517043,64,0,0,0,0,0,6,9,4
531,17390159808,64,0,0,0,0,0,2,0,1
532,17394695176,64,0,0,0,0,1,5,1,0
533,17416269824,64,0,0,0,0,1,3,2,3
534,17423124349,64,0,0,0,0,0,7,1,7
535,17431027702,64,0,0,1,0,0,0,3,3
536,17434804400,64,0,0,0,0,0,7,6,2
537,17439266678,64,2,0,0,0,0,1,5,0
538,17449320470,65,1,0,0,0,0,3,3,2
539,17460048008,65,0,0,0,0,0,7,1,1
540,17464036352,65,1,0,0,1,0,76,57,50
541,17493668319,65,0,0,0,0,1,0,1,3
542,17511350783,65,0,0,0,0,0,3,3,8
543,17649487665,65,0,0,0,0,0,3,0,0
544,17706252247,65,0,1,0,1,1,9,9,5
545,17711564744,65,0,0,0,0,0,0,0,0
546,17717723134,66,1,0,0,0,0,16,4,17
547,17720933599,66,0,0,0,0,1,15,6,23
548,17721068648,66,0,0,0,0,0,1,0,0
549,17733791756,66,0,0,0,0,1,8,12,2
550,17749246080,66,1,0,0,0,1,20,10,15
551,17784927174,66,0,0,0,0,0,2,4,0
552,17787112899,66,0,0,0,0,1,1,1,1
553,17836033600,66,0,0,0,0,0,0,1,0
554,17850174462,66,0,0,0,1,0,2,6,5
555,17903399694,66,0,0,0,0,0,0,2,3
556,17949897714,66,0,0,0,0,0,0,1,0
557,17951643584,66,0,0,0,0,0,2,4,1
558,17976652799,66,0,0,0,3,7,24,7,36
559,17988321407,67,0,0,0,0,0,26,25,29
560,17988453363,67,0,0,0,3,2,11,8,5
561,18000642816,67,0,0,0,0,0,19,17,8
562,18019135360,67,0,0,0,0,0,2,1,2
563,18052334300,67,0,0,0,0,0,4,3,6
564,18080791817,67,0,0,0,0,0,0,0,0
565,18111016576,67,0,0,1,0,0,1,1,2
566,18119259103,67,0,0,0,0,1,16,5,11
567,18119377663,67,0,0,0,1,1,11,21,121
568,18187350269,67,0,0,0,0,1,11,44,3
569,18189910475,67,0,0,0,0,0,2,1,2
570,18199884231,67,0,0,0,0,1,11,4,0
571,18245250090,67,0,0,0,0,1,0,0,0
572,18253468668,67,0,0,0,0,1,23,10,29
573,18266196988,68,0,0,0,0,4,17,15,41
574,18299813921,68,0,0,0,0,0,7,1,12
575,18316793848,68,2,0,0,0,0,0,2,0
576,18455232512,68,1,0,0,1,1,21,16,23
577,18455470963,68,0,0,0,0,1,3,0,2
578,18470698159,68,0,0,0,0,0,6,2,4
579,18509428912,68,0,0,0,0,0,0,1,1
580,18530576386,69,0,0,0,0,1,9,1,14
581,18578703067,69,0,0,0,0,0,2,0,0
582,18580826683,69,0,0,0,0,0,1,0,0
583,18588419070,69,0,0,0,1,0,3,5,2
584,18642764784,69,0,0,0,0,0,9,4,4
585,18656251005,69,1,0,0,3,0,12,5,7
586,18694969782,69,1,1,0,0,0,0,2,1
587,18756919239,69,0,0,0,0,0,19,4,25
588,18790479555,69,0,0,0,0,1,19,10,3
589,18792514311,70,0,0,0,0,1,7,8,7
590,18801500795,70,0,0,0,0,0,1,0,2
591,18808228274,70,0,0,0,0,0,0,2,1
592,18812304704,70,0,0,0,0,0,0,1,1
593,18890096750,70,0,0,0,0,0,0,2,1
594,18924041727,70,2,0,0,0,0,7,14,15
595,19002687517,70,0,0,0,0,0,1,1,1
596,19058128883,70,0,0,0,1,0,34,46,22
597,19062079247,71,1,0,0,0,0,24,27,5
598,19113168835,71,0,0,0,0,1,5,4,3
599,19127602695,71,0,0,0,0,0,2,0,0
600,19159711171,71,0,0,0,0,0,1,1,0
601,19210857602,71,1,0,0,0,0,0,1,0
602,19268730571,71,1,0,0,0,0,4,0,0
603,19314768894,71,0,0,0,1,3,33,42,23
604,19338731528,72,0,0,0,1,0,2,3,0
605,19346227715,72,0,0,0,0,0,3,4,6
606,19377733762,72,0,0,0,1,0,14,6,10
607,19380880072,72,0,0,0,1,0,3,3,0
608,19457583832,72,0,0,0,0,0,1,0,0
609,19461358667,72,0,0,0,0,0,1,2,4
610,19542335487,72,0,0,0,2,1,9,3,7
611,19583213615,72,0,0,0,0,0,3,6,16
612,19592557567,72,0,0,0,0,1,5,9,6
613,19597688819,73,1,0,0,0,1,21,33,4
614,19608929283,73,0,0,0,0,1,5,0,2
615,19615467980,73,1,0,0,0,0,0,0,0
616,19797172835,73,0,0,0,0,1,0,0,0
617,19798965600,73,0,0,0,0,0,1,3,0
618,19854905341,73,0,0,0,0,0,7,1,5
619,19864301584,74,0,0,0,0,0,15,27,11
620,19906035507,74,0,0,0,0,0,5,2,5
621,19998428851,74,0,0,0,0,0,8,4,0
622,20065601532,74,2,0,0,0,0,8,14,32
623,20066296832,74,0,0,0,0,0,1,2,33
624,20102259455,74,0,0,0,0,2,4,1,3
625,20127882748,74,0,0,0,0,0,2,0,0
626,20129197373,74,0,0,0,0,0,2,3,0
627,20132888625,75,0,0,0,1,0,4,4,4
628,20134792577,75,0,0,0,0,1,3,1,0
629,20166938656,75,0,0,0,0,0,9,11,2
630,20231175553,75,0,0,0,0,0,0,0,0
631,20233265147,75,0,0,0,0,1,7,13,7
632,20262646273,75,0,0,0,1,1,0,0,0
633,20264746878,75,0,0,0,1,5,121,19,109
634,20266073989,75,0,0,0,0,0,1,0,1
635,20319268864,75,0,0,0,0,0,4,2,5
636,20355421983,75,0,0,1,0,0,12,0,0
637,20367532017,75,0,0,0,0,3,17,5,21
638,20384837940,75,0,0,0,0,0,1,5,4
639,20392574300,75,0,0,0,0,0,6,1,8
640,20400558047,75,0,0,0,1,2,27,16,39
641,20412700682,76,0,0,0,0,0,0,2,0
642,20412747776,76,0,0,0,1,0,7,2,8
643,20452945916,76,0,0,0,0,0,3,1,4
644,20599259319,76,0,0,0,0,0,2,1,6
645,20665537260,76,0,0,0,0,1,0,0,3
646,20669591164,77,0,0,0,0,0,1,2,2
647,20682162944,77,0,0,0,1,1,57,139,14
648,20769636221,77,1,0,0,0,1,20,2,23
649,20849888083,77,0,0,0,0,2,1,2,2
650,20858278919,77,0,0,0,0,0,4,0,0
651,20921198128,77,1,0,1,0,0,2,3,7
652,20935823359,77,0,0,0,0,3,22,10,16
653,20963600920,78,1,1,0,0,0,2,3,0
654,21069822205,78,0,0,0,0,1,4,5,1
655,21118353854,78,0,0,0,0,0,1,1,1
656,21140911447,78,0,0,1,0,0,0,1,0
657,21151789296,78,1,0,0,0,0,4,1,1
658,21206465567,79,1,0,0,1,0,17,8,33
659,21420801823,79,0,0,0,1,0,3,1,3
660,21429534780,79,0,0,0,0,1,1,0,0
661,21458108431,79,0,0,0,2,0,49,46,30
662,21472211084,79,0,0,0,0,0,0,3,4
663,21474835455,79,0,0,0,1,10,481,958,538
664,21592378615,80,0,0,0,0,0,2,4,2
665,21611282622,80,0,0,0,0,0,7,2,2
666,21625175103,80,0,0,0,0,0,1,3,1
667,21657288664,80,0,0,0,0,0,0,2,3
668,21743263807,80,1,0,0,1,2,82,40,74
669,21751923695,81,1,0,0,0,0,8,1,0
670,21757951455,81,0,0,0,0,1,21,2,27
671,21776828896,81,0,0,0,0,1,2,3,5
672,21802573978,81,0,0,0,0,1,0,0,0
673,21810331135,81,0,0,0,1,0,42,25,47
674,21861760895,81,0,0,0,0,1,18,5,6
675,21976020268,81,0,0,0,1,0,0,2,5
676,22010928495,81,0,0,0,1,0,1,5,1
677,22012241964,82,0,0,0,1,1,5,2,8
678,22056534018,82,0,0,0,0,1,8,11,16
679,22063055044,82,0,0,0,0,0,3,2,1
680,22064136303,82,0,0,0,1,0,3,3,3
681,22124438198,82,2,0,0,0,0,1,3,1
682,22145859711,82,0,0,0,1,0,5,10,41
683,22174625148,82,0,0,0,0,0,0,2,0
684,22225485627,82,0,0,0,0,0,7,1,7
685,22246596616,82,0,0,0,1,1,32,7,28
686,22279582151,82,0,0,0,0,0,9,3,6
687,22280684323,83,0,0,0,0,0,2,3,6
688,22292525184,83,0,0,0,0,2,5,4,5
689,22313720839,83,0,0,0,0,0,4,1,5
690,22327099327,83,0,0,0,0,1,5,2,2
691,22365076246,83,0,0,0,0,0,0,0,0
692,22394565744,83,0,0,0,0,0,2,0,0
693,22417475631,83,0,0,0,0,1,15,4,8
694,22481324031,83,0,0,0,0,2,11,5,18
695,22483566280,83,0,0,0,2,0,1,1,2
696,22506492691,83,0,0,0,0,0,1,0,1
697,22548407387,83,0,0,0,0,0,0,3,0
698,22549311884,84,0,0,0,0,1,4,2,2
699,22549577600,84,1,0,0,0,0,8,12,21
700,22582177024,84,0,0,0,0,0,2,9,9
701,22594718384,84,0,0,0,0,0,3,5,13
702,22598874111,84,0,0,0,0,2,8,7,20
703,22681942026,84,0,0,0,0,0,1,1,4
704,22682804354,84,0,0,0,1,3,37,4,40
705,22804389835,84,0,0,0,0,1,4,3,2
706,22813622079,84,0,0,0,2,0,42,86,20
707,22813881344,84,0,0,0,1,1,33,6,37
708,22817541760,85,0,0,0,0,0,13,6,10
709,22820220880,85,0,0,0,0,0,7,5,5
710,22833127359,85,0,0,0,0,0,1,2,0
711,22850711562,85,1,0,0,0,1,3,5,9
712,22883997744,85,0,0,0,0,0,1,1,1
713,23070411552,85,0,0,0,1,0,0,0,0
714,23072014351,85,0,0,0,1,0,43,17,22
715,23085980674,86,0,0,1,0,0,14,34,34
716,23086444031,86,0,0,0,0,3,11,4,8
717,23087542273,86,0,0,0,0,1,13,4,42
718,23186108511,86,0,0,0,0,1,3,2,6
719,23217340279,86,1,0,0,0,0,2,0,11
720,23217512446,86,0,0,0,0,0,9,4,8
721,23219945470,86,0,0,0,0,2,9,6,9
722,23292575776,86,1,1,0,0,1,4,2,3
723,23318222463,86,0,0,0,0,0,6,4,4
724,23333472126,86,0,0,0,0,0,2,0,0
725,23347281917,86,0,0,0,0,0,0,2,1
726,23351183099,86,0,0,0,0,1,1,0,0
727,23351656320,86,0,0,0,0,0,12,8,5
728,23353218909,86,0,0,0,0,0,4,1,12
729,23354147010,87,0,0,0,1,0,9,14,11
730,23358013487,87,1,0,0,1,0,23,22,43
731,23370629118,87,0,0,0,0,0,13,15,5
732,23403989039,87,0,0,0,0,2,7,2,5
733,23454794508,87,0,0,0,1,0,4,4,2
734,23553168700,87,0,0,0,1,0,0,0,0
735,23609425088,87,0,0,0,1,0,14,7,77
736,23609731709,87,0,0,0,0,0,0,1,0
737,23616107201,87,0,0,0,0,0,0,0,1
738,23642425404,88,0,0,0,0,0,1,2,0
739,23874191343,88,1,0,0,2,0,20,15,8
740,23890870283,89,1,0,0,0,5,11,18,132
741,23893392904,89,0,1,0,0,0,9,5,4
742,23894935356,89,0,0,0,0,0,17,5,12
743,23908764300,89,0,0,1,0,0,9,0,0
744,23927394292,89,5,0,0,0,0,3,0,0
745,24037558283,89,1,0,0,0,0,4,3,6
746,24092790720,89,0,0,0,0,0,3,9,4
747,24143458293,89,0,0,0,0,0,8,2,3
748,24150614000,89,1,0,0,0,0,4,4,4
749,24159289864,90,0,0,0,0,0,17,5,7
750,24159596523,90,0,0,0,0,0,2,2,2
751,24161044475,90,0,0,0,0,1,9,1,2
752,24161287687,90,0,0,1,0,0,4,1,10
753,24189108264,90,0,0,0,0,0,3,0,6
754,24211929283,90,0,0,0,0,0,1,0,0
755,24260593091,90,0,0,0,0,0,1,0,1
756,24297209661,90,0,0,0,0,0,2,0,0
757,24388764396,90,0,0,0,0,0,0,1,2
758,24410882240,90,0,0,0,0,2,40,32,21
759,24478154819,91,0,0,0,0,1,28,14,4
760,24541146559,91,0,0,0,0,0,1,0,0
761,24558499837,91,0,0,0,0,0,9,5,2
762,24602679915,91,0,0,0,0,0,0,2,0
763,24617156800,91,0,0,0,0,0,7,6,3
764,24628693999,91,0,0,0,0,0,16,13,16
765,24634173519,91,1,0,0,0,0,0,1,0
766,24658592527,91,0,0,0,0,0,2,1,0
767,24681247693,91,0,0,0,0,0,5,0,2
768,24696097199,92,0,1,0,0,1,2,0,2
769,24698932076,92,0,1,0,0,0,3,1,4
770,24720246039,92,0,0,0,0,0,5,0,1
771,24890098017,92,0,0,0,0,0,0,0,0
772,24950878184,92,0,0,0,0,0,2,2,1
773,24956105601,92,0,0,0,0,0,2,5,1
774,24966578017,93,0,0,0,0,0,0,2,2
775,24967383808,93,0,0,0,0,4,22,33,45
776,24967643963,93,0,0,0,0,1,13,21,3
777,24972840951,93,0,0,0,1,0,3,4,3
778,24977060363,93,0,0,0,0,1,5,2,4
779,25166481581,93,0,0,0,0,0,3,0,1
780,25188750327,93,1,0,0,0,0,1,0,1
781,25202703808,93,0,0,0,0,0,2,0,2
782,25228945538,93,0,0,0,0,0,0,1,2
783,25229460227,93,0,0,0,0,0,12,19,6
784,25229775871,93,0,0,0,1,1,21,12,9
785,25238961393,94,0,0,0,0,0,6,9,1
786,25241014143,94,0,0,0,0,0,3,1,2
787,25250532059,94,0,0,0,0,0,0,0,0
788,25258098096,94,0,0,0,0,1,2,2,1
789,25369379006,94,0,0,0,0,1,4,2,12
790,25438444543,94,0,0,0,7,0,13,8,11
791,25440501999,94,0,0,0,1,1,3,2,1
792,25441562032,94,0,0,0,0,0,1,1,0
793,25468600363,94,0,0,0,0,0,4,4,6
794,25497493501,94,0,0,0,0,0,8,2,9
795,25498025495,94,0,0,0,0,0,4,3,4
796,25502089230,95,0,0,0,0,0,3,3,23
797,25503474208,95,0,0,0,0,0,24,2,13
798,25567493887,95,1,0,0,0,0,33,22,7
799,25624951903,95,0,0,0,0,0,0,0,3
800,25677467536,95,0,0,0,0,0,0,0,0
801,25756807872,95,0,0,0,0,0,1,0,1
802,25769814912,96,0,0,0,0,0,8,17,12
803,25794486784,96,0,0,0,0,1,0,0,1
804,25858932931,96,0,0,0,0,0,1,0,2
805,25862171656,96,0,0,0,0,0,0,1,0
806,25967189763,96,0,0,0,0,0,2,12,2
807,26021573371,96,0,0,0,0,0,3,3,1
808,26036928495,96,0,0,0,0,1,31,22,19
809,26038227122,96,0,0,0,0,0,5,0,5
810,26058885665,97,0,0,1,0,0,0,0,0
811,26163935087,97,0,0,0,0,1,6,1,4
812,26168373631,97,0,0,0,0,0,3,0,2
813,26238516687,97,0,0,0,0,0,4,1,2
814,26239688659,97,0,0,0,0,0,8,1,4
815,26273112062,97,0,0,0,1,0,40,24,28
816,26279410639,97,0,0,0,0,0,0,5,4
817,26286261472,97,0,0,0,0,0,2,0,2
818,26307524786,98,0,0,0,0,0,3,1,1
819,26363085180,98,0,0,0,0,0,1,0,1
820,26438406156,98,1,0,0,0,0,0,0,1
821,26525593407,98,0,0,0,0,0,2,2,0
822,26541555111,98,0,0,0,0,1,1,2,2
823,26575335935,99,1,0,0,0,1,11,7,44
824,26577404464,99,0,0,0,0,0,6,16,23
825,26587889698,99,0,0,0,0,0,16,13,13
826,26610893344,99,0,0,0,0,3,85,17,48
827,26642022335,99,1,0,0,0,0,63,41,24
828,26711627912,99,0,0,0,0,0,5,0,1
829,26789022419,99,0,0,0,2,0,4,0,1
830,26835107872,99,0,0,0,2,1,8,3,2
831,26841447472,99,0,0,0,0,1,19,16,11
832,26845929986,100,0,0,0,0,0,2,6,2
833,26893715456,100,0,0,0,1,0,1,0,7
834,26894966784,100,0,0,0,0,0,12,14,6
835,26926969217,100,0,0,0,0,0,0,1,0
836,26946314242,100,0,0,0,0,1,5,2,6
837,26975657855,100,2,0,0,3,10,363,23,318
838,27044859703,100,0,0,0,0,1,16,7,7
839,27102806527,100,0,0,0,0,3,5,2,14
840,27113028860,101,0,0,0,1,0,52,51,35
841,27115244848,101,0,0,0,0,0,12,3,1
842,27116045216,101,0,0,0,2,0,4,6,3
843,27119081988,101,0,0,0,0,0,0,1,0
844,27233689469,101,0,0,0,0,0,7,1,1
845,27245420543,101,0,0,0,0,0,0,9,29
846,27249734662,101,0,0,0,0,0,2,0,0
847,27254538111,101,0,0,0,1,2,3,7,8
848,27262967974,101,0,0,0,0,0,0,0,0
849,27360775671,101,0,0,0,0,0,2,0,0
850,27447520572,102,0,0,0,0,0,8,0,3
851,27460944846,102,0,0,0,0,0,2,2,0
852,27572355394,102,1,0,0,0,0,0,1,0
853,27598717986,102,0,0,0,0,0,2,2,1
854,27648327419,102,0,0,0,0,1,22,26,16
855,27661435552,103,0,0,0,0,0,6,7,8
856,27684241359,103,1,0,0,0,0,1,8,7
857,27702000579,103,1,0,0,0,0,0,1,0
858,27716718541,103,0,0,0,0,0,0,1,1
859,27808170035,103,0,0,0,0,0,0,2,3
860,27868182495,103,0,0,0,0,1,0,0,6
861,27883598598,103,0,0,0,0,0,3,0,3
862,27914144768,103,1,0,0,0,0,22,23,17
863,27917417644,104,0,0,0,0,0,6,0,4
864,27925923970,104,0,0,1,0,0,16,0,6
865,27934615687,104,0,0,0,0,0,2,1,0
866,27938504959,104,1,0,0,0,0,5,5,4
867,28044378108,104,0,0,0,0,0,1,4,0
868,28100443257,104,0,0,0,0,0,2,0,1
869,28118843383,104,1,0,0,1,1,10,9,28
870,28143530999,104,0,0,0,0,1,1,0,1
871,28185854915,105,0,0,0,1,1,19,8,8
872,28201648967,105,0,0,0,0,0,2,0,4
873,28354556864,105,0,0,0,0,0,0,1,0
874,28371045633,105,0,0,0,0,0,2,3,1
875,28416311988,105,0,0,0,0,0,0,0,0
876,28440542194,105,0,0,0,0,0,8,10,1
877,28443150032,105,0,0,0,0,0,1,1,1
878,28453646335,105,0,0,0,1,2,19,9,86
879,28454155251,105,0,0,0,0,1,165,330,56
880,28454203634,106,0,0,0,0,2,7,2,8
881,28454291712,106,0,0,0,0,2,17,28,29
882,28462552816,106,0,0,0,1,0,1,4,4
883,28463460872,106,0,0,0,0,0,8,1,5
884,28486746140,106,0,0,0,0,0,10,0,1
885,28505489323,106,0,0,0,0,1,1,0,0
886,28523102980,106,0,0,0,0,0,4,7,2
887,28523631808,106,0,0,0,0,0,0,1,1
888,28592603144,106,0,0,0,1,0,13,5,17
889,28658458593,106,0,0,0,0,0,0,0,0
890,28663090239,106,0,0,0,0,0,2,4,1
891,28664131592,106,0,0,0,1,0,4,1,9
892,28668231616,106,0,0,0,0,0,1,7,25
893,28714778448,106,0,0,0,0,0,1,2,2
894,28723692048,107,0,0,0,0,2,9,0,3
895,28728225825,107,0,0,0,0,0,1,0,3
896,28763290635,107,0,0,0,0,0,0,6,1
897,28782103614,107,0,0,0,0,0,2,14,0
898,28891379196,107,1,0,0,1,0,2,1,0
899,28912364606,107,0,0,0,0,0,0,1,0
900,28931062528,107,0,0,0,0,0,3,0,0
901,28937597443,107,1,0,0,0,0,1,2,0
902,28980534269,107,0,0,0,2,0,4,9,4
903,29020374795,108,1,0,0,0,0,0,3,0
904,29055909932,108,1,0,0,0,0,5,2,3
905,29058460662,108,0,0,0,0,0,1,0,0
906,29104275839,108,0,0,0,1,1,7,1,5
907,29124902768,108,0,0,0,0,1,3,1,2
908,29135782077,108,0,0,0,0,0,0,0,0
909,29171353372,108,0,0,0,0,0,1,0,0
910,29181004768,108,0,0,0,0,0,0,0,0
911,29192027527,108,1,0,0,0,1,3,9,0
912,29194910784,108,0,0,0,0,0,1,5,6
913,29248980608,108,0,0,0,0,0,1,3,2
914,29256835070,108,0,0,0,0,0,8,10,12
915,29257759743,108,0,0,0,0,0,2,7,8
916,29310811639,109,1,0,0,0,1,14,1,5
917,29319229643,109,0,0,0,0,0,2,1,4
918,29460928178,109,0,0,0,0,0,1,1,1
919,29489696130,109,0,0,0,0,0,1,0,0
920,29516495997,109,0,0,0,1,2,2,0,2
921,29524033503,109,0,0,0,0,1,16,5,7
922,29525039100,109,0,0,0,0,0,5,6,2
923,29530045960,110,0,0,0,0,0,10,7,9
924,29530948291,110,1,0,0,0,0,1,1,2
925,29630797814,110,0,0,0,1,0,0,0,0
926,29671031304,110,0,0,0,0,2,31,0,14
927,29715596290,110,0,0,0,0,0,9,8,9
928,29729366048,110,0,0,0,0,2,13,1,9
929,29732290336,110,0,0,0,0,0,2,0,5
930,29783555279,110,0,0,0,0,1,39,64,10
931,29832887808,111,0,0,0,0,0,0,1,1
932,29843008522,111,0,0,0,0,2,1,2,3
933,29896941565,111,0,0,0,0,0,5,3,6
934,29914329084,111,0,0,0,0,0,3,7,10
935,29930520063,111,0,0,0,1,2,61,19,105
936,29936173238,111,0,0,0,0,0,1,0,0
937,30061043456,111,0,0,0,0,0,10,8,25
938,30066835650,112,0,0,0,0,0,1,3,2
939,30117233347,112,1,0,0,0,2,4,0,4
940,30136086561,112,0,0,0,0,0,4,1,2
941,30140260173,112,2,0,0,0,0,3,1,2
942,30224368664,112,0,0,0,0,0,2,1,0
943,30227311744,112,0,0,0,0,0,0,1,0
944,30265787136,112,0,0,0,0,0,0,5,4
945,30266813215,112,0,0,0,0,0,0,0,1
946,30333377535,113,0,0,0,1,0,3,0,7
947,30370397952,113,0,0,0,0,1,3,0,0
948,30386733476,113,0,0,0,0,0,0,1,0
949,30430007218,113,0,0,0,0,1,0,0,0
950,30534819636,113,0,0,0,0,0,1,0,1
951,30580655605,113,0,0,0,0,0,1,0,3
952,30599511519,113,1,0,1,1,2,65,6,60
953,30668234930,114,0,0,0,0,0,5,1,2
954,30720130441,114,0,0,0,0,0,2,0,4
955,30804751095,114,0,0,0,0,0,0,0,0
956,30870523132,115,0,0,0,0,0,4,8,4
957,30920470720,115,1,0,0,1,0,46,44,18
958,31003716607,115,0,0,0,0,0,4,1,4
959,31117213567,115,0,0,0,0,0,7,1,2
960,31137989432,115,0,0,0,1,0,3,1,2
961,31157375996,116,0,0,0,0,0,5,1,0
962,31180980746,116,0,0,0,0,1,4,4,4
963,31184617471,116,0,0,0,0,1,21,7,11
964,31185473520,116,0,0,0,0,1,5,1,3
965,31268741298,116,1,0,0,0,0,2,0,1
966,31272935936,116,0,0,0,0,0,7,3,6
967,31273288200,116,0,0,0,2,3,51,23,41
968,31335367470,116,0,0,0,0,0,0,0,0
969,31336434435,116,0,0,0,1,0,6,6,3
970,31394831792,116,1,0,0,0,0,0,1,0
971,31403307005,116,0,0,0,0,0,3,3,5
972,31404212220,116,0,0,0,0,0,3,4,12
973,31406928861,116,0,0,0,0,1,7,0,3
974,31453774559,117,0,0,0,0,0,0,0,0
975,31457288688,117,0,0,0,0,0,9,3,97
976,31611904015,117,0,0,0,0,0,0,1,2
977,31615613951,117,0,0,0,0,0,31,24,11
978,31616610301,117,0,0,0,0,0,10,5,11
979,31621058071,117,0,0,0,0,0,2,0,0
980,31640764595,117,0,0,0,0,0,0,2,2
981,31668076991,117,0,0,0,0,0,0,0,1
982,31674338035,117,0,0,0,0,0,5,4,8
983,31675710468,118,0,0,0,0,1,6,13,4
984,31709713351,118,0,0,0,0,0,3,1,3
985,31792771839,118,0,0,0,0,1,7,12,12
986,31808488067,118,0,0,0,0,0,1,0,0
987,31809068919,118,1,0,0,1,1,17,3,21
988,31809610249,118,0,0,0,0,0,3,0,8
989,31893011457,118,0,0,0,0,0,1,2,1
990,31904981505,118,0,0,0,0,0,1,0,0
991,31944859645,119,1,0,0,1,0,9,6,12
992,31961051388,119,0,0,0,0,0,2,11,0
993,31994004593,119,1,0,0,0,0,2,0,0
994,32026918783,119,1,0,0,0,0,14,4,6
995,32084366064,119,0,0,0,0,0,0,0,4
996,32145891466,119,0,0,0,0,0,3,2,1
997,32176602940,119,1,0,0,0,0,9,10,16
998,32178099775,119,0,0,0,0,0,0,1,0
999,32209538015,119,0,0,0,0,0,1,1,0
1000,32212187150,119,0,0,0,0,0,5,1,2
