sample_index,token_id_uint64,mask_id,PSEUDOMONAS_occurrences,MYCOPLASMA_occurrences,METHANOCALDOCOCCUS_occurrences,HALOFERAX_occurrences,NEUROSPORA_occurrences,CELEGANS_occurrences
1,6291630,0,0,0,0,0,0,4
2,17297444,0,0,0,0,0,0,3
3,29641930,0,0,0,0,0,0,0
4,69757063,0,0,0,0,0,0,0
5,70506359,0,0,0,0,0,0,0
6,88041475,0,0,0,0,0,1,1
7,97534079,0,0,0,0,0,0,4
8,120618484,0,0,0,0,0,0,2
9,130842567,0,0,0,0,0,0,7
10,131951055,0,0,0,0,0,0,0
11,234341936,0,0,0,0,0,0,1
12,241956994,0,0,0,0,0,0,0
13,264672105,0,0,0,0,0,0,0
14,268644556,1,0,0,1,0,10,14
15,302090371,1,0,0,0,0,0,0
16,318868486,1,0,0,0,0,1,0
17,336642824,1,0,0,0,0,1,0
18,367001121,1,0,0,0,0,0,2
19,469770370,1,0,0,0,0,3,8
20,571276302,2,0,0,0,0,0,2
21,666892255,2,0,0,0,0,3,13
22,668991167,2,0,0,0,0,1,6
23,724741631,2,0,0,0,0,0,2
24,770966180,2,0,0,0,0,0,1
25,788707313,2,0,0,0,0,0,19
26,791804943,2,0,0,0,0,0,43
27,792714367,2,0,0,0,0,3,18
28,805150901,2,0,0,0,0,0,2
29,806880819,3,0,0,0,0,0,0
30,807577604,3,0,0,0,0,0,1
31,809484796,3,0,0,3,0,1,42
32,810292352,3,0,0,0,0,0,1
33,818138172,3,0,0,0,0,10,10
34,825700079,3,0,0,0,0,0,8
35,907301336,3,0,0,0,0,4,1
36,936327116,3,0,0,0,0,1,2
37,937364831,3,0,0,1,0,1,2
38,946932736,3,0,0,0,0,0,4
39,1065356226,3,0,0,2,0,3,22
40,1085471730,4,0,0,2,0,0,4
41,1103168993,4,0,0,0,0,0,0
42,1107293377,4,0,1,0,0,1,10
43,1126608900,4,0,0,0,0,0,0
44,1144046323,4,0,0,0,0,1,2
45,1299922769,4,0,0,0,0,0,1
46,1357939723,5,0,0,0,0,0,3
47,1406185504,5,0,0,0,0,0,2
48,1478623361,5,0,0,0,0,0,3
49,1528866754,5,0,0,0,0,1,0
50,1547502540,5,0,0,0,0,2,5
51,1593567112,5,0,0,0,0,0,0
52,1610887171,6,0,0,1,0,0,66
53,1613887484,6,0,0,0,0,1,8
54,1613955020,6,0,0,1,0,0,27
55,1618050499,6,0,0,1,0,0,0
56,1623117836,6,0,0,0,0,0,4
57,1648304811,6,0,0,0,0,0,0
58,1649087548,6,0,0,0,0,0,0
59,1742700507,6,0,0,1,0,2,13
60,1751154849,6,0,0,1,0,2,2
61,1827765005,6,0,0,0,0,0,0
62,1844443103,6,0,0,0,0,0,10
63,1878690687,6,0,0,0,0,1,1
64,1880033320,7,0,0,0,0,5,3
65,1880093692,7,0,0,1,0,6,111
66,1912704047,7,0,0,0,0,1,4
67,1959758828,7,0,0,0,0,1,0
68,1976026623,7,1,0,0,0,1,3
69,2005241090,7,0,0,0,0,0,0
70,2078752524,7,0,0,0,0,0,0
71,2088574973,7,0,0,0,0,1,3
72,2113928191,7,0,0,0,0,12,86
73,2139617016,7,0,0,0,0,1,1
74,2149380099,8,0,3,1,0,0,35
75,2149583619,8,0,0,0,0,1,7
76,2149679872,8,0,0,0,0,1,5
77,2160123888,8,0,0,0,0,2,25
78,2167207344,8,0,0,0,0,1,0
79,2177124124,8,0,0,0,0,2,3
80,2181595691,8,0,0,0,0,5,27
81,2214272193,8,0,0,0,0,0,1
82,2222717634,8,0,0,0,0,0,0
83,2266959356,8,0,0,2,0,0,2
84,2277719108,8,0,0,0,0,0,0
85,2280726493,8,0,0,0,0,0,3
86,2285892927,8,0,0,0,0,1,4
87,2382361329,8,0,0,0,0,1,7
88,2398138369,8,0,0,0,0,1,12
89,2402419116,8,0,0,0,0,0,0
90,2406751740,8,0,0,1,0,0,3
91,2407497717,8,0,0,0,0,17,13
92,2411006764,8,0,0,0,0,0,2
93,2417696515,9,0,0,0,0,0,2
94,2550137000,9,0,0,0,0,9,13
95,2597298358,9,0,0,0,0,0,0
96,2667626467,9,0,0,0,0,0,18
97,2670706880,9,0,1,0,0,0,18
98,2683798198,9,0,0,0,0,2,2
99,2684523228,10,0,0,0,0,1,0
100,2717906812,10,0,0,0,0,1,5
101,2735718412,10,0,1,0,0,2,35
102,2748267633,10,0,0,0,0,1,5
103,2749507592,10,0,0,0,0,0,0
104,2752192139,10,0,0,0,0,0,1
105,2802847544,10,0,0,0,0,0,3
106,2821389312,10,0,0,0,0,2,8
107,2895230783,10,0,0,0,0,0,0
108,2936828175,10,0,0,0,0,0,1
109,2960932155,11,0,0,0,0,0,1
110,2961155071,11,0,0,0,0,0,11
111,2986999852,11,0,0,0,0,0,7
112,3166174244,11,0,0,0,0,0,7
113,3179280368,11,0,0,0,0,0,2
114,3227548671,12,0,0,0,0,1,1
115,3237084316,12,0,0,0,0,0,2
116,3237999103,12,0,1,1,0,1,140
117,3355203665,12,1,0,0,0,0,0
118,3434285088,12,0,0,0,0,0,6
119,3488817792,12,0,0,2,0,0,1
120,3492548624,13,0,0,0,0,2,6
121,3611522843,13,0,0,0,0,0,0
122,3623206407,13,0,0,0,0,0,0
123,3674390528,13,0,0,1,0,2,46
124,3690999615,13,0,1,2,0,1,70
125,3692428976,13,0,0,0,0,0,1
126,3743416536,13,0,0,0,0,0,2
127,3756847070,13,0,0,0,0,0,0
128,3787857889,14,0,0,0,0,0,1
129,3837793759,14,0,0,0,0,0,1
130,3854573565,14,0,0,0,0,1,3
131,3870170433,14,0,0,0,0,0,0
132,3892310715,14,0,0,0,0,1,3
133,4018094556,14,0,0,1,0,0,2
134,4022339695,14,0,0,0,0,0,21
135,4022870144,14,0,0,1,0,4,7
136,4025663468,14,0,0,0,0,0,12
137,4027367391,15,0,0,0,0,0,14
138,4056169567,15,0,0,0,0,0,0
139,4058002371,15,0,0,0,0,0,3
140,4060023944,15,0,1,1,0,0,1
141,4228411168,15,0,0,0,0,0,3
142,4257185270,15,0,0,0,0,2,1
143,4286612990,15,0,0,0,0,0,6
144,4293969869,15,0,0,0,0,1,6
145,4294768639,15,0,1,3,0,6,93
146,4320098300,16,0,0,0,0,0,5
147,4328456959,16,0,0,0,0,0,98
148,4395807778,16,0,0,0,0,2,1
149,4429414530,16,0,0,0,0,1,1
150,4464870026,16,0,0,0,0,16,8
151,4499633167,16,0,0,0,0,1,7
152,4504878556,16,0,0,0,0,0,2
153,4559341560,16,0,0,0,0,1,10
154,4562894935,16,0,0,0,0,0,2
155,4564123818,17,0,0,0,0,0,8
156,4570840412,17,0,0,0,0,0,0
157,4570859137,17,0,0,0,0,0,0
158,4571843068,17,0,0,0,0,0,2
159,4575118083,17,0,0,0,0,0,5
160,4609002664,17,0,0,0,0,0,2
161,4629385211,17,0,0,0,0,0,1
162,4736810049,17,0,0,0,0,1,0
163,4748091424,17,0,0,0,0,2,3
164,4778344896,17,0,0,0,0,2,7
165,4823899121,17,0,0,0,0,1,1
166,4831628286,17,0,0,3,0,0,40
167,4831934240,18,0,0,0,0,1,2
168,4840233586,18,0,0,0,0,0,1
169,4840359936,18,0,0,1,0,58,139
170,4881968896,18,0,0,0,0,1,13
171,4901043504,18,0,0,0,0,0,6
172,4947931129,18,0,0,0,0,3,1
173,5016662023,18,0,0,0,0,0,5
174,5087678213,18,0,0,1,0,0,7
175,5096480708,18,0,0,0,0,0,6
176,5122839489,19,0,0,0,0,0,0
177,5246863484,19,0,0,0,0,0,1
178,5300814723,19,0,0,0,0,0,4
179,5335283034,19,0,0,0,0,0,0
180,5368754368,20,0,0,0,0,2,66
181,5373231155,20,0,0,0,0,0,1
182,5376081945,20,0,0,0,0,0,1
183,5401591285,20,0,0,0,0,0,2
184,5469225085,20,0,0,0,0,1,2
185,5637187631,21,0,0,0,0,2,4
186,5666777923,21,0,0,0,0,2,0
187,5687493071,21,0,0,0,0,0,4
188,5702688832,21,0,0,0,0,0,1
189,5821825056,21,0,0,1,0,4,16
190,5901331680,21,0,0,0,0,0,2
191,5904381919,21,0,0,0,0,1,4
192,5906137146,22,0,0,0,1,0,1
193,5909217072,22,0,0,0,0,2,4
194,5990400900,22,0,0,0,0,0,0
195,6031286140,22,0,0,0,0,0,2
196,6037655007,22,0,0,0,0,1,0
197,6043913150,22,0,0,0,0,0,0
198,6157073663,22,0,0,0,0,1,3
199,6160334639,22,0,1,0,0,0,10
200,6165495735,22,0,0,0,0,1,5
201,6173361913,22,0,0,0,0,0,0
202,6186602739,23,0,0,1,0,3,6
203,6190219516,23,0,0,0,0,5,2
204,6350443635,23,0,0,0,0,1,2
205,6388741060,23,0,0,0,0,1,2
206,6392118291,23,0,0,0,0,0,13
207,6440890219,23,0,0,0,0,2,1
208,6451363872,24,0,0,2,0,11,40
209,6468095296,24,0,1,0,0,0,0
210,6493307092,24,0,0,0,0,0,1
211,6501171464,24,0,0,0,0,0,4
212,6543138825,24,1,0,0,0,0,1
213,6623210759,24,0,0,0,0,0,0
214,6643790339,24,0,0,2,0,1,12
215,6722552587,25,0,0,0,0,1,2
216,6811657731,25,0,0,0,0,0,0
217,6841631791,25,0,0,0,0,0,4
218,6848184864,25,0,0,0,0,2,6
219,6856409091,25,0,0,0,0,0,3
220,6916716016,25,0,0,0,0,0,0
221,6978788595,25,0,0,0,0,0,6
222,6979518334,26,0,0,0,0,0,11
223,6983254190,26,0,0,1,0,0,10
224,6996041724,26,0,0,1,0,0,68
225,7134119950,26,0,0,0,0,0,0
226,7278104498,27,0,0,0,0,0,1
227,7407409194,27,0,0,0,0,1,0
228,7499396479,27,0,0,0,0,4,1
229,7514496988,27,0,0,0,0,0,2
230,7564148782,28,0,0,0,0,0,8
231,7656543220,28,0,0,0,0,0,0
232,7725649919,28,0,0,2,0,0,39
233,7776240006,28,0,0,0,0,0,0
234,7780388863,28,0,0,0,0,1,10
235,7783317309,28,0,1,0,0,1,7
236,7784093695,28,0,0,0,0,25,34
237,7797211328,29,0,0,1,0,10,94
238,7835025422,29,0,0,0,0,0,6
239,7916704821,29,0,0,0,0,1,1
240,7918628851,29,0,0,0,0,0,14
241,7926211371,29,0,0,0,0,0,1
242,7950071309,29,0,0,0,1,0,1
243,7991918079,29,0,0,0,0,1,1
244,8002698591,29,0,0,1,0,0,0
245,8019568768,29,0,0,0,0,0,3
246,8044676016,29,0,1,0,0,0,20
247,8060202951,30,0,0,0,0,0,1
248,8066466913,30,0,0,0,0,0,0
249,8136785375,30,0,0,0,0,2,0
250,8195617328,30,0,0,0,0,0,8
251,8245991370,30,0,0,0,0,0,1
252,8260646668,30,0,0,0,0,0,2
253,8320710644,30,0,0,1,0,1,18
254,8320843583,30,0,0,1,0,5,30
255,8322154739,31,0,0,0,0,0,8
256,8337776655,31,0,0,0,0,0,0
257,8384665599,31,0,0,0,0,1,1
258,8439103584,31,0,0,0,0,0,0
259,8440413649,31,0,0,1,0,4,2
260,8443084784,31,0,0,2,0,1,20
261,8443127651,31,0,0,0,0,0,0
262,8538911239,31,0,0,0,0,0,0
263,8585838191,31,0,0,0,0,0,1
264,8598320981,32,0,0,0,0,0,3
265,8599025824,32,0,0,0,0,0,0
266,8657705464,32,1,0,0,0,0,0
267,8685820592,32,0,0,0,0,0,0
268,8707372031,32,0,0,1,0,0,70
269,8714827647,32,0,0,0,0,1,1
270,8724139089,32,0,0,0,0,1,4
271,8758452012,32,0,0,0,0,0,1
272,8794438719,32,0,0,0,0,3,9
273,8824849455,32,0,0,0,0,0,4
274,8861565456,33,0,0,0,0,0,6
275,8862442752,33,0,0,0,0,0,2
276,8869709935,33,1,0,0,0,0,0
277,8904998860,33,0,0,1,0,0,2
278,8908716288,33,1,0,0,0,3,6
279,8976921473,33,0,0,0,0,0,1
280,9062856700,33,0,0,0,0,0,10
281,9093123580,33,0,0,0,0,1,6
282,9122597883,33,0,0,0,0,0,9
283,9124573429,33,0,0,0,0,0,1
284,9127735412,34,0,0,0,0,0,2
285,9158248410,34,0,0,0,0,1,1
286,9177162033,34,0,0,0,0,0,1
287,9261265504,34,0,0,0,0,1,0
288,9328132160,34,0,0,0,0,3,110
289,9330983677,34,0,0,0,0,1,1
290,9333657084,34,0,0,0,0,0,0
291,9349493381,34,0,0,0,0,0,0
292,9389986042,34,0,0,0,0,0,2
293,9390735343,34,0,0,0,0,1,2
294,9397500914,35,0,0,0,0,0,9
295,9453040845,35,0,0,0,0,0,1
296,9462349823,35,0,1,4,0,256,354
297,9497411056,35,0,0,0,0,1,1
298,9512449360,35,0,0,0,0,0,1
299,9521141696,35,0,0,0,0,1,0
300,9600889317,35,0,0,0,0,1,1
301,9607249851,35,0,0,0,0,0,2
302,9648456458,35,0,0,0,0,0,0
303,9661577213,35,0,0,3,0,56,49
304,9670755168,36,0,0,0,0,0,3
305,9671262223,36,0,3,3,0,0,44
306,9743369472,36,0,0,0,0,3,4
307,9766439884,36,0,0,0,0,0,2
308,9797834103,36,0,0,0,0,3,2
309,9881699266,36,0,0,0,0,0,3
310,9925009424,36,0,0,0,0,0,1
311,9932934093,37,0,0,0,0,0,1
312,9951020259,37,0,0,0,0,0,0
313,10072022945,37,0,0,0,0,0,0
314,10183778314,37,0,0,0,0,0,10
315,10203479947,38,0,0,1,0,2,3
316,10251057104,38,0,0,0,0,0,3
317,10271668210,38,0,0,0,0,0,3
318,10297847932,38,0,0,0,0,0,1
319,10317956108,38,0,1,0,0,0,3
320,10370186560,38,0,0,0,0,0,0
321,10383752751,38,0,0,0,0,1,0
322,10404101146,38,1,0,0,0,0,1
323,10432416573,38,0,0,0,0,0,0
324,10468914172,38,0,0,1,0,1,30
325,10485235703,39,0,0,1,0,2,42
326,10503269515,39,0,0,2,1,1,4
327,10504638216,39,0,0,2,0,2,1
328,10584311699,39,0,0,0,0,0,1
329,10674637021,39,0,0,0,0,0,0
330,10703597563,39,0,0,0,0,3,3
331,10734182261,39,0,0,0,0,0,0
332,10767788007,40,0,0,0,0,0,0
333,10816457218,40,0,0,0,0,1,0
334,10821111768,40,0,0,0,0,0,3
335,10854892064,40,1,0,0,0,1,10
336,10871883659,40,0,0,0,0,0,0
337,10921695691,40,0,0,0,0,1,0
338,10922688764,40,0,0,0,0,0,4
339,11006246912,41,0,1,3,0,11,96
340,11014110245,41,0,0,0,0,1,3
341,11021973494,41,0,0,0,0,0,0
342,11116724650,41,0,0,0,0,0,0
343,11138104602,41,0,0,0,0,0,0
344,11148488704,41,0,0,0,0,1,9
345,11208143312,41,0,0,0,0,0,0
346,11209010595,41,0,0,0,0,0,0
347,11209440736,41,0,0,0,0,1,3
348,11219368059,41,0,0,0,0,0,1
349,11271631095,41,0,0,0,0,1,2
350,11274993680,42,0,0,0,0,1,21
351,11319243808,42,0,0,0,0,0,0
352,11341564929,42,0,0,0,0,0,6
353,11416929730,42,0,0,0,0,0,0
354,11442782210,42,0,0,0,0,1,9
355,11458802444,42,0,0,0,0,0,2
356,11487346667,42,0,0,0,0,1,8
357,11508695091,42,0,0,0,0,0,7
358,11534334276,42,0,0,0,0,0,1
359,11540590079,42,0,0,0,0,2,4
360,11541687712,42,0,0,0,0,0,8
361,11541925884,42,0,0,6,0,11,71
362,11604336863,43,0,0,0,0,0,0
363,11643376127,43,0,0,0,0,1,25
364,11666440183,43,0,0,0,0,0,6
365,11752505280,43,0,0,1,0,2,33
366,11797797630,43,0,0,0,0,0,2
367,11810353392,43,0,0,0,0,1,15
368,11812146176,44,0,0,3,0,14,119
369,11812168112,44,0,0,0,0,0,0
370,11841035679,44,0,0,0,0,2,4
371,11878451391,44,0,0,0,0,0,3
372,11884101553,44,0,0,0,0,0,0
373,11943024637,44,0,0,0,0,0,42
374,11948294144,44,0,0,1,0,1,24
375,11992083456,44,0,0,0,0,1,1
376,12045262642,44,0,0,0,0,0,2
377,12062867699,44,0,0,0,0,7,16
378,12075448304,44,0,0,0,0,0,72
379,12079199036,44,0,0,0,0,3,2
380,12180722930,45,0,0,0,0,0,2
381,12199807025,45,0,0,0,0,0,0
382,12213804736,45,0,0,0,0,1,17
383,12300896288,45,0,0,1,0,1,1
384,12382883632,46,0,0,0,0,1,8
385,12412269530,46,0,0,0,0,1,0
386,12414107393,46,0,0,0,0,1,54
387,12465209321,46,0,0,0,0,0,2
388,12479922037,46,0,0,0,0,1,1
389,12582666305,46,0,0,0,0,0,2
390,12583695168,46,0,0,0,0,0,3
391,12603803407,46,0,0,0,0,0,0
392,12614355967,46,0,0,1,0,3,36
393,12617015432,47,0,0,1,0,1,3
394,12650698751,47,0,0,0,0,1,0
395,12723155169,47,0,0,0,0,0,0
396,12748398463,47,0,0,1,0,3,8
397,12817235743,47,0,0,0,0,1,9
398,12820972034,47,0,0,0,0,1,4
399,12873048044,47,0,0,0,0,0,1
400,12881686676,47,0,0,0,0,0,0
401,12886147585,48,0,0,0,0,1,14
402,12930199480,48,0,0,0,0,0,1
403,12933132748,48,0,0,0,0,0,3
404,12942311468,48,0,0,0,0,0,5
405,12964847680,48,0,0,0,0,0,0
406,13003259681,48,0,0,0,0,0,1
407,13021213055,48,0,0,0,0,0,10
408,13067353855,48,0,0,0,0,0,3
409,13087170900,48,0,0,0,0,0,0
410,13118912471,48,0,0,0,0,1,0
411,13152295616,48,0,0,0,0,0,42
412,13153140787,48,0,0,3,0,0,44
413,13153333239,48,0,0,1,0,5,27
414,13153869987,49,0,0,0,0,5,4
415,13154320383,49,0,0,0,0,2,231
416,13155629070,49,0,0,0,0,0,6
417,13165655240,49,0,0,0,0,0,0
418,13179543392,49,0,0,0,0,0,0
419,13186093054,49,0,0,0,0,0,7
420,13186235623,49,0,0,0,0,2,1
421,13218394161,49,0,0,0,0,0,1
422,13241933687,49,0,0,0,0,4,5
423,13342084139,49,0,0,0,0,0,1
424,13417589814,49,0,1,0,0,0,2
425,13426434603,50,0,0,0,0,1,2
426,13457096669,50,1,0,0,0,0,0
427,13548290575,50,0,0,0,0,0,1
428,13637110784,50,0,0,0,0,1,3
429,13658799616,50,0,0,0,0,0,9
430,13686062528,50,0,0,0,0,0,67
431,13693330144,51,0,0,0,0,0,2
432,13694142656,51,0,0,0,0,13,31
433,13702791232,51,0,3,2,0,4,107
434,13706248391,51,0,1,0,0,0,4
435,13706452214,51,0,0,0,0,1,2
436,13723749244,51,0,0,0,0,0,17
437,13819313132,51,0,0,0,0,1,0
438,13872739299,51,0,0,0,0,0,0
439,13890735059,51,0,0,1,0,1,4
440,13904904136,51,0,1,0,0,0,5
441,13948870519,51,1,0,0,0,0,2
442,14021804287,52,0,0,0,0,15,31
443,14041604088,52,0,0,0,0,1,0
444,14092308735,52,0,0,0,0,1,1
445,14094761947,52,0,0,0,0,0,2
446,14118552462,52,0,0,0,0,0,1
447,14167048185,52,0,0,0,0,0,4
448,14195593340,52,0,0,0,0,0,0
449,14340291333,53,0,0,0,0,0,0
450,14363406338,53,0,0,0,0,3,15
451,14443618495,53,0,0,0,0,0,1
452,14453009463,53,0,0,0,0,1,0
453,14478941567,53,0,0,0,0,0,5
454,14496432130,54,0,0,0,0,4,33
455,14562490367,54,0,0,0,0,4,19
456,14579809983,54,0,0,0,0,0,0
457,14663283187,54,0,0,0,0,0,4
458,14692856752,54,0,0,0,0,0,1
459,14725430794,54,0,0,0,0,0,0
460,14730928256,54,0,0,0,0,2,8
461,14747201539,54,0,0,1,0,2,31
462,14763818353,54,0,0,0,0,3,5
463,14814257919,55,0,0,0,0,2,12
464,15031827711,55,0,0,0,0,3,21
465,15035564039,56,0,0,0,0,2,7
466,15048117132,56,0,0,1,0,0,5
467,15063830591,56,0,0,0,0,0,2
468,15179149826,56,0,0,0,0,0,0
469,15231658047,56,0,0,0,0,0,1
470,15234530081,56,0,0,0,0,0,0
471,15242177776,56,0,0,0,0,1,4
472,15250518300,56,0,0,0,0,0,1
473,15301543984,57,0,0,1,0,0,14
474,15313764352,57,0,0,0,0,0,5
475,15354299343,57,0,0,0,0,9,17
476,15409872651,57,0,0,0,0,0,10
477,15450779820,57,0,0,0,0,0,5
478,15468638208,57,0,0,0,0,3,18
479,15503393804,57,0,0,0,0,0,4
480,15506277119,57,0,0,0,0,1,46
481,15511075872,57,0,0,4,0,0,5
482,15514685693,57,0,0,0,0,0,3
483,15555690368,57,0,0,0,0,8,8
484,15567123711,57,0,0,3,0,0,6
485,15571419328,58,0,0,0,0,2,14
486,15577825284,58,0,0,0,0,3,18
487,15594287243,58,0,0,1,0,0,5
488,15672016272,58,0,0,0,0,0,1
489,15689990151,58,0,0,0,0,0,3
490,15701192703,58,0,0,0,0,2,3
491,15715058635,58,0,0,0,0,1,2
492,15770716104,58,0,0,0,0,0,3
493,15850104771,59,0,0,0,0,0,1
494,15854207217,59,0,0,0,0,0,32
495,15854649356,59,0,1,0,0,0,11
496,15938232347,59,0,0,0,0,0,0
497,15974138629,59,0,0,0,0,0,1
498,15974193152,59,0,0,0,0,1,3
499,15980855424,59,0,0,0,0,7,5
500,16041119776,59,0,0,0,0,1,5
501,16120074247,60,0,0,0,0,0,0
502,16172709320,60,0,0,0,0,0,0
503,16223502348,60,0,0,1,0,1,2
504,16288505857,60,0,0,0,0,0,1
505,16307408831,60,0,0,0,0,0,8
506,16331841008,60,0,0,0,0,1,4
507,16341028224,60,0,0,0,0,0,1
508,16441684316,61,0,0,0,0,0,0
509,16559145003,61,0,0,1,0,0,4
510,16630449868,61,0,0,0,0,0,3
511,16643752128,62,0,0,0,0,2,17
512,16655452346,62,1,0,1,0,0,2
513,16693117950,62,0,0,0,0,3,3
514,16703845339,62,0,0,0,0,0,0
515,16723471544,62,0,0,0,0,0,2
516,16843784748,62,0,0,0,0,0,1
517,16897802235,62,0,0,0,0,1,60
518,16914609136,63,0,0,1,0,0,7
519,16922960061,63,0,0,0,0,0,1
520,16944448511,63,0,1,2,0,2,14
521,16956260416,63,0,0,0,0,0,6
522,16980049696,63,1,0,0,0,0,1
523,16980671776,63,0,0,0,0,0,4
524,17062419679,63,0,0,1,0,0,5
525,17118698543,63,0,0,0,0,0,0
526,17120217678,63,0,0,0,0,0,1
527,17180000811,64,0,0,0,0,4,16
528,17182753472,64,0,0,0,0,0,43
529,17213165814,64,0,0,1,0,0,5
530,17385517043,64,0,0,0,0,0,4
531,17390159808,64,0,0,0,0,0,1
532,17394695176,64,0,0,0,0,1,0
533,17416269824,64,0,0,0,0,0,0
534,17423124349,64,0,0,1,0,2,2
535,17431027702,64,0,0,0,0,0,0
536,17434804400,64,0,0,1,0,0,7
537,17439266678,64,0,0,0,0,2,1
538,17449320470,65,0,0,0,0,0,0
539,17460048008,65,0,0,0,0,0,3
540,17464036352,65,0,0,3,0,12,156
541,17493668319,65,0,0,0,0,0,2
542,17511350783,65,0,1,0,0,0,7
543,17649487665,65,0,0,0,0,0,2
544,17706252247,65,0,0,0,0,4,3
545,17711564744,65,0,0,0,0,1,4
546,17717723134,66,0,0,0,0,1,50
547,17720933599,66,0,0,1,0,4,48
548,17721068648,66,0,0,0,0,0,2
549,17733791756,66,0,0,0,0,0,1
550,17749246080,66,0,0,1,0,2,15
551,17784927174,66,0,0,0,0,0,1
552,17787112899,66,0,0,0,0,0,3
553,17836033600,66,0,0,0,0,0,2
554,17850174462,66,0,0,0,0,0,11
555,17903399694,66,0,0,1,0,0,0
556,17949897714,66,0,0,0,0,0,0
557,17951643584,66,0,0,0,0,0,9
558,17976652799,66,0,0,5,0,3,25
559,17988321407,67,0,0,0,0,1,55
560,17988453363,67,0,0,0,0,2,3
561,18000642816,67,0,0,0,0,0,14
562,18019135360,67,0,0,0,0,0,2
563,18052334300,67,0,0,0,0,0,12
564,18080791817,67,0,0,0,0,0,0
565,18111016576,67,0,0,0,0,2,2
566,18119259103,67,0,0,0,0,2,12
567,18119377663,67,0,0,0,0,1,244
568,18187350269,67,0,0,0,0,5,2
569,18189910475,67,0,1,0,0,0,1
570,18199884231,67,0,0,0,0,1,1
571,18245250090,67,0,0,0,0,1,6
572,18253468668,67,0,0,0,0,0,15
573,18266196988,68,0,0,1,0,0,67
574,18299813921,68,0,0,0,0,0,4
575,18316793848,68,0,0,0,0,0,1
576,18455232512,68,0,0,0,0,0,22
577,18455470963,68,0,0,0,0,0,0
578,18470698159,68,0,0,1,0,0,4
579,18509428912,68,0,0,0,0,0,1
580,18530576386,69,0,0,0,0,4,7
581,18578703067,69,0,0,0,0,0,0
582,18580826683,69,0,0,0,0,0,0
583,18588419070,69,0,0,1,0,2,6
584,18642764784,69,0,1,1,0,2,5
585,18656251005,69,0,0,0,0,1,8
586,18694969782,69,0,0,0,0,1,0
587,18756919239,69,0,0,0,0,3,13
588,18790479555,69,0,0,0,0,1,7
589,18792514311,70,0,0,0,0,1,24
590,18801500795,70,0,0,0,0,1,2
591,18808228274,70,0,0,0,0,0,0
592,18812304704,70,0,0,0,0,0,1
593,18890096750,70,0,0,0,0,0,3
594,18924041727,70,0,0,1,0,6,8
595,19002687517,70,0,0,0,0,0,0
596,19058128883,70,0,1,1,0,8,30
597,19062079247,71,0,0,2,0,8,35
598,19113168835,71,0,0,0,0,2,1
599,19127602695,71,0,0,0,0,1,0
600,19159711171,71,0,0,0,0,0,2
601,19210857602,71,0,0,0,0,0,0
602,19268730571,71,0,0,0,0,0,1
603,19314768894,71,0,0,1,0,1,34
604,19338731528,72,0,0,0,0,0,8
605,19346227715,72,0,0,0,0,0,2
606,19377733762,72,0,0,0,0,1,6
607,19380880072,72,0,0,0,0,0,3
608,19457583832,72,0,0,0,0,0,0
609,19461358667,72,0,0,0,0,0,1
610,19542335487,72,0,0,1,0,2,4
611,19583213615,72,0,0,0,0,0,9
612,19592557567,72,0,0,0,0,0,10
613,19597688819,73,0,1,1,0,0,14
614,19608929283,73,0,0,0,0,1,2
615,19615467980,73,0,0,0,0,0,0
616,19797172835,73,0,0,0,0,0,0
617,19798965600,73,0,0,0,0,0,1
618,19854905341,73,0,0,1,0,0,3
619,19864301584,74,0,0,0,0,1,23
620,19906035507,74,0,0,0,0,0,5
621,19998428851,74,0,0,0,0,0,2
622,20065601532,74,0,0,1,0,0,66
623,20066296832,74,0,0,0,0,0,23
624,20102259455,74,0,0,0,0,0,1
625,20127882748,74,0,0,1,0,0,2
626,20129197373,74,0,0,0,0,0,0
627,20132888625,75,0,0,0,0,0,3
628,20134792577,75,0,0,0,0,1,4
629,20166938656,75,0,0,0,0,1,5
630,20231175553,75,0,0,0,0,0,1
631,20233265147,75,0,0,0,0,1,16
632,20262646273,75,0,0,0,0,0,1
633,20264746878,75,1,0,0,0,14,36
634,20266073989,75,0,0,0,0,0,2
635,20319268864,75,0,0,0,0,0,7
636,20355421983,75,0,0,0,0,0,2
637,20367532017,75,0,0,0,0,1,24
638,20384837940,75,0,0,0,0,1,4
639,20392574300,75,1,0,0,0,1,2
640,20400558047,75,0,0,2,0,1,16
641,20412700682,76,0,0,0,0,1,0
642,20412747776,76,0,0,0,0,1,7
643,20452945916,76,0,0,0,0,0,0
644,20599259319,76,0,0,0,0,1,9
645,20665537260,76,0,0,0,0,0,4
646,20669591164,77,0,0,0,0,0,1
647,20682162944,77,0,0,3,0,17,54
648,20769636221,77,0,0,0,0,7,11
649,20849888083,77,0,0,0,0,0,1
650,20858278919,77,0,0,0,0,2,4
651,20921198128,77,0,0,0,0,0,7
652,20935823359,77,0,0,3,0,2,18
653,20963600920,78,0,0,0,0,0,0
654,21069822205,78,0,0,0,0,1,1
655,21118353854,78,0,0,0,0,1,0
656,21140911447,78,0,0,0,0,0,0
657,21151789296,78,0,0,0,0,0,1
658,21206465567,79,0,0,0,0,0,59
659,21420801823,79,0,0,0,0,0,3
660,21429534780,79,0,0,0,0,0,4
661,21458108431,79,0,0,2,0,0,69
662,21472211084,79,0,0,0,0,1,1
663,21474835455,79,0,2,1,0,63,749
664,21592378615,80,0,0,0,0,0,0
665,21611282622,80,0,0,1,0,1,9
666,21625175103,80,0,0,0,0,4,0
667,21657288664,80,0,0,0,0,0,0
668,21743263807,80,0,0,0,0,1,130
669,21751923695,81,0,0,0,0,0,3
670,21757951455,81,0,0,0,0,0,16
671,21776828896,81,0,0,0,0,2,6
672,21802573978,81,0,0,0,0,0,0
673,21810331135,81,0,0,3,0,9,43
674,21861760895,81,0,0,2,0,0,12
675,21976020268,81,0,0,0,0,0,1
676,22010928495,81,0,0,0,0,0,3
677,22012241964,82,0,0,0,0,5,11
678,22056534018,82,0,0,1,0,1,9
679,22063055044,82,0,0,0,0,0,1
680,22064136303,82,0,0,0,0,0,5
681,22124438198,82,1,0,0,0,0,0
682,22145859711,82,0,0,1,0,0,85
683,22174625148,82,1,0,0,0,0,0
684,22225485627,82,0,0,0,0,1,1
685,22246596616,82,0,0,0,0,3,24
686,22279582151,82,0,0,0,0,0,1
687,22280684323,83,0,0,0,0,0,1
688,22292525184,83,0,0,5,0,1,8
689,22313720839,83,0,0,0,0,0,2
690,22327099327,83,0,0,0,0,0,1
691,22365076246,83,0,0,0,0,0,0
692,22394565744,83,0,0,0,0,0,0
693,22417475631,83,0,0,0,0,2,5
694,22481324031,83,0,0,0,0,1,16
695,22483566280,83,0,0,0,0,0,2
696,22506492691,83,0,0,0,0,0,0
697,22548407387,83,0,0,0,0,0,1
698,22549311884,84,0,0,0,0,0,0
699,22549577600,84,0,0,1,0,0,26
700,22582177024,84,0,0,0,0,0,2
701,22594718384,84,0,0,0,0,0,1
702,22598874111,84,0,0,2,0,1,9
703,22681942026,84,0,0,0,0,1,0
704,22682804354,84,0,1,1,0,12,22
705,22804389835,84,0,0,0,0,0,3
706,22813622079,84,0,0,1,0,6,64
707,22813881344,84,0,0,1,0,0,63
708,22817541760,85,0,0,0,0,4,8
709,22820220880,85,0,0,0,0,0,1
710,22833127359,85,0,0,0,0,0,2
711,22850711562,85,0,0,0,0,1,2
712,22883997744,85,0,0,0,0,0,6
713,23070411552,85,0,0,0,0,2,1
714,23072014351,85,0,0,1,0,4,40
715,23085980674,86,0,0,0,0,1,23
716,23086444031,86,0,0,0,0,0,18
717,23087542273,86,0,0,1,0,0,60
718,23186108511,86,0,0,1,0,0,21
719,23217340279,86,0,0,0,0,1,3
720,23217512446,86,0,0,3,0,0,9
721,23219945470,86,0,0,0,0,1,7
722,23292575776,86,0,0,0,0,0,0
723,23318222463,86,0,0,0,0,0,5
724,23333472126,86,0,0,0,0,0,0
725,23347281917,86,0,0,0,0,0,0
726,23351183099,86,0,0,0,0,0,0
727,23351656320,86,1,0,0,0,0,6
728,23353218909,86,0,0,0,0,3,4
729,23354147010,87,0,0,1,0,0,17
730,23358013487,87,0,0,1,0,1,63
731,23370629118,87,0,0,0,0,1,20
732,23403989039,87,0,0,0,0,0,2
733,23454794508,87,0,0,0,0,2,5
734,23553168700,87,0,0,0,0,0,0
735,23609425088,87,0,0,0,0,1,8
736,23609731709,87,0,0,0,0,1,0
737,23616107201,87,0,0,0,0,0,0
738,23642425404,88,0,0,0,0,0,0
739,23874191343,88,0,1,1,0,0,22
740,23890870283,89,0,0,0,0,1,145
741,23893392904,89,0,0,1,0,3,3
742,23894935356,89,0,0,0,0,2,17
743,23908764300,89,0,0,0,0,0,1
744,23927394292,89,0,0,0,0,0,1
745,24037558283,89,0,0,0,0,0,2
746,24092790720,89,0,0,0,0,0,17
747,24143458293,89,0,0,0,0,0,4
748,24150614000,89,0,0,0,0,2,9
749,24159289864,90,0,0,1,0,3,5
750,24159596523,90,0,0,0,0,0,0
751,24161044475,90,0,0,0,0,0,5
752,24161287687,90,0,0,0,0,0,7
753,24189108264,90,0,0,0,0,0,5
754,24211929283,90,0,0,0,0,0,0
755,24260593091,90,0,0,0,0,0,0
756,24297209661,90,0,0,0,0,1,0
757,24388764396,90,0,0,0,0,1,3
758,24410882240,90,0,0,2,0,1,36
759,24478154819,91,0,0,0,0,1,6
760,24541146559,91,0,0,0,0,0,1
761,24558499837,91,0,0,0,0,1,2
762,24602679915,91,0,0,0,0,0,0
763,24617156800,91,0,0,0,0,0,6
764,24628693999,91,0,1,1,0,1,36
765,24634173519,91,0,0,0,0,0,0
766,24658592527,91,0,0,0,0,0,1
767,24681247693,91,0,0,0,0,1,2
768,24696097199,92,0,0,0,0,0,1
769,24698932076,92,0,0,0,0,0,0
770,24720246039,92,0,0,1,0,4,2
771,24890098017,92,0,0,0,0,0,0
772,24950878184,92,0,0,0,0,0,4
773,24956105601,92,0,0,0,0,0,3
774,24966578017,93,0,0,0,0,1,3
775,24967383808,93,0,0,0,0,2,47
776,24967643963,93,0,0,0,0,1,4
777,24972840951,93,0,0,2,0,0,2
778,24977060363,93,0,0,0,0,2,4
779,25166481581,93,0,0,0,0,0,0
780,25188750327,93,0,0,0,0,1,0
781,25202703808,93,0,0,0,0,0,1
782,25228945538,93,0,0,0,0,1,0
783,25229460227,93,0,1,1,0,2,22
784,25229775871,93,0,0,0,0,9,11
785,25238961393,94,0,0,0,0,0,1
786,25241014143,94,0,0,0,0,0,1
787,25250532059,94,0,0,0,0,0,1
788,25258098096,94,0,0,0,0,0,3
789,25369379006,94,0,0,0,0,1,5
790,25438444543,94,0,1,1,0,1,14
791,25440501999,94,0,0,0,0,0,1
792,25441562032,94,0,0,0,0,0,0
793,25468600363,94,0,0,0,0,0,9
794,25497493501,94,0,0,0,0,0,9
795,25498025495,94,0,0,0,0,0,6
796,25502089230,95,0,0,0,0,1,41
797,25503474208,95,0,0,0,0,3,10
798,25567493887,95,0,0,0,0,0,33
799,25624951903,95,0,0,1,0,0,0
800,25677467536,95,0,0,0,0,0,0
801,25756807872,95,0,0,0,0,0,2
802,25769814912,96,0,0,0,0,2,13
803,25794486784,96,0,0,0,0,0,0
804,25858932931,96,0,0,0,0,0,0
805,25862171656,96,0,0,0,0,1,0
806,25967189763,96,0,0,0,0,2,0
807,26021573371,96,0,1,0,0,0,1
808,26036928495,96,0,0,0,0,0,32
809,26038227122,96,0,0,0,0,0,3
810,26058885665,97,0,0,0,0,0,0
811,26163935087,97,0,0,1,0,1,2
812,26168373631,97,0,0,0,0,0,3
813,26238516687,97,0,0,0,0,1,3
814,26239688659,97,0,0,0,0,0,5
815,26273112062,97,0,0,0,0,3,30
816,26279410639,97,0,0,0,0,0,3
817,26286261472,97,0,0,0,1,0,0
818,26307524786,98,0,0,0,0,0,1
819,26363085180,98,0,0,0,0,0,2
820,26438406156,98,0,0,0,0,0,0
821,26525593407,98,0,0,0,0,1,1
822,26541555111,98,0,0,0,0,1,2
823,26575335935,99,0,0,1,0,0,41
824,26577404464,99,0,0,1,0,0,10
825,26587889698,99,0,0,1,0,1,31
826,26610893344,99,0,0,0,0,10,16
827,26642022335,99,0,0,1,0,0,40
828,26711627912,99,0,0,0,1,0,1
829,26789022419,99,0,0,0,0,1,2
830,26835107872,99,0,0,0,0,1,1
831,26841447472,99,0,0,0,0,2,16
832,26845929986,100,0,0,0,0,0,3
833,26893715456,100,0,0,0,0,0,5
834,26894966784,100,0,0,0,0,1,4
835,26926969217,100,0,0,0,0,1,0
836,26946314242,100,0,0,0,0,1,11
837,26975657855,100,0,1,3,0,70,84
838,27044859703,100,0,0,0,0,1,3
839,27102806527,100,0,0,1,0,0,15
840,27113028860,101,0,1,0,0,6,89
841,27115244848,101,0,0,0,0,0,1
842,27116045216,101,0,0,0,0,1,5
843,27119081988,101,0,0,0,0,1,0
844,27233689469,101,0,0,0,0,1,2
845,27245420543,101,0,0,3,0,1,42
846,27249734662,101,0,0,0,0,0,3
847,27254538111,101,0,0,0,0,1,9
848,27262967974,101,0,0,0,0,0,1
849,27360775671,101,0,0,0,0,0,1
850,27447520572,102,0,0,0,0,0,4
851,27460944846,102,0,0,0,0,3,2
852,27572355394,102,0,0,0,0,0,2
853,27598717986,102,0,0,0,0,0,1
854,27648327419,102,0,0,0,0,0,12
855,27661435552,103,0,0,0,0,2,3
856,27684241359,103,0,0,0,0,0,7
857,27702000579,103,0,0,0,0,0,1
858,27716718541,103,0,0,0,0,1,0
859,27808170035,103,0,0,0,0,0,0
860,27868182495,103,0,0,0,0,0,0
861,27883598598,103,0,0,0,0,0,2
862,27914144768,103,0,1,2,0,1,33
863,27917417644,104,1,0,0,0,0,10
864,27925923970,104,0,1,3,0,0,9
865,27934615687,104,0,0,0,0,0,0
866,27938504959,104,0,0,0,0,0,3
867,28044378108,104,0,0,0,0,0,0
868,28100443257,104,0,0,0,0,0,0
869,28118843383,104,0,0,0,0,2,23
870,28143530999,104,0,0,0,0,1,2
871,28185854915,105,0,0,0,0,1,8
872,28201648967,105,0,0,0,0,0,0
873,28354556864,105,0,0,0,0,0,4
874,28371045633,105,0,0,0,0,0,1
875,28416311988,105,0,0,0,0,0,0
876,28440542194,105,0,0,1,0,2,3
877,28443150032,105,0,0,0,0,0,1
878,28453646335,105,0,1,0,0,0,202
879,28454155251,105,0,0,2,0,16,195
880,28454203634,106,0,1,0,0,2,1
881,28454291712,106,0,0,0,0,2,20
882,28462552816,106,0,0,0,0,0,17
883,28463460872,106,0,0,0,0,2,4
884,28486746140,106,0,0,0,0,1,3
885,28505489323,106,0,0,0,0,0,5
886,28523102980,106,0,0,0,0,0,4
887,28523631808,106,0,0,0,0,2,1
888,28592603144,106,0,1,0,1,4,5
889,28658458593,106,0,0,0,0,0,1
890,28663090239,106,0,0,0,0,0,1
891,28664131592,106,0,0,0,0,1,7
892,28668231616,106,0,0,0,0,0,17
893,28714778448,106,0,0,0,0,0,0
894,28723692048,107,0,0,0,0,0,2
895,28728225825,107,0,0,0,0,1,1
896,28763290635,107,0,0,0,0,0,2
897,28782103614,107,0,0,0,0,1,2
898,28891379196,107,0,0,0,0,0,0
899,28912364606,107,0,0,0,0,0,0
900,28931062528,107,0,0,0,0,0,1
901,28937597443,107,0,1,0,0,1,2
902,28980534269,107,0,0,0,0,0,1
903,29020374795,108,0,0,0,0,0,2
904,29055909932,108,0,0,1,0,0,3
905,29058460662,108,0,0,0,0,0,0
906,29104275839,108,0,0,0,0,1,14
907,29124902768,108,0,0,0,0,0,0
908,29135782077,108,0,0,0,0,0,0
909,29171353372,108,0,0,0,0,1,0
910,29181004768,108,0,0,0,0,0,0
911,29192027527,108,0,0,0,0,1,1
912,29194910784,108,0,0,0,0,0,9
913,29248980608,108,0,0,0,0,1,0
914,29256835070,108,0,0,0,0,3,10
915,29257759743,108,0,0,0,0,2,15
916,29310811639,109,0,0,0,0,14,9
917,29319229643,109,0,1,1,0,0,1
918,29460928178,109,0,0,0,0,0,0
919,29489696130,109,0,0,0,0,0,0
920,29516495997,109,0,0,0,0,1,0
921,29524033503,109,0,0,0,0,2,13
922,29525039100,109,0,0,0,0,1,7
923,29530045960,110,0,0,2,0,0,7
924,29530948291,110,0,0,0,0,0,1
925,29630797814,110,0,0,0,0,0,0
926,29671031304,110,0,0,0,0,7,9
927,29715596290,110,0,0,0,0,0,10
928,29729366048,110,0,0,0,0,1,5
929,29732290336,110,0,0,0,0,0,3
930,29783555279,110,0,0,1,0,13,18
931,29832887808,111,0,0,0,0,0,2
932,29843008522,111,0,0,0,0,1,2
933,29896941565,111,0,0,1,0,2,4
934,29914329084,111,0,0,0,0,0,13
935,29930520063,111,0,0,1,0,23,75
936,29936173238,111,0,0,0,1,1,0
937,30061043456,111,0,0,0,0,0,20
938,30066835650,112,0,0,0,0,0,3
939,30117233347,112,0,0,0,0,1,3
940,30136086561,112,0,1,1,0,0,4
941,30140260173,112,0,0,1,0,0,1
942,30224368664,112,0,0,0,0,0,0
943,30227311744,112,0,0,0,0,0,0
944,30265787136,112,0,0,0,0,0,2
945,30266813215,112,0,0,0,0,0,0
946,30333377535,113,0,0,0,0,0,26
947,30370397952,113,0,0,0,0,0,5
948,30386733476,113,0,0,0,0,0,1
949,30430007218,113,0,0,0,0,0,0
950,30534819636,113,0,0,0,0,0,4
951,30580655605,113,0,0,0,0,0,0
952,30599511519,113,0,0,0,0,5,21
953,30668234930,114,0,0,1,0,0,5
954,30720130441,114,0,0,0,0,0,0
955,30804751095,114,0,0,0,0,0,2
956,30870523132,115,0,0,0,0,1,7
957,30920470720,115,1,0,0,0,7,65
958,31003716607,115,0,0,0,0,0,8
959,31117213567,115,0,0,0,0,0,2
960,31137989432,115,0,0,0,0,0,1
961,31157375996,116,0,0,0,0,0,4
962,31180980746,116,0,0,0,0,5,3
963,31184617471,116,0,0,0,0,0,13
964,31185473520,116,0,0,0,0,0,1
965,31268741298,116,0,0,0,0,1,0
966,31272935936,116,0,0,0,0,2,5
967,31273288200,116,0,0,0,1,4,13
968,31335367470,116,0,0,0,0,1,0
969,31336434435,116,0,0,0,0,1,7
970,31394831792,116,0,0,0,0,0,1
971,31403307005,116,0,0,1,0,0,7
972,31404212220,116,0,0,2,0,0,6
973,31406928861,116,0,0,0,0,1,0
974,31453774559,117,0,0,0,0,1,0
975,31457288688,117,0,0,0,0,0,73
976,31611904015,117,0,0,1,0,0,4
977,31615613951,117,0,0,0,0,0,15
978,31616610301,117,0,1,0,0,1,10
979,31621058071,117,0,0,0,0,2,0
980,31640764595,117,0,0,0,0,0,6
981,31668076991,117,0,0,0,0,0,1
982,31674338035,117,0,0,0,0,1,13
983,31675710468,118,0,0,0,0,0,8
984,31709713351,118,0,0,0,0,0,0
985,31792771839,118,0,0,0,0,0,11
986,31808488067,118,0,0,0,0,0,1
987,31809068919,118,0,0,0,0,4,13
988,31809610249,118,0,0,0,0,0,4
989,31893011457,118,0,0,0,0,0,49
990,31904981505,118,0,0,0,0,0,2
991,31944859645,119,0,0,1,0,1,26
992,31961051388,119,0,0,0,0,0,6
993,31994004593,119,0,0,0,0,0,3
994,32026918783,119,0,0,0,0,3,5
995,32084366064,119,0,0,0,0,0,0
996,32145891466,119,0,0,0,0,0,9
997,32176602940,119,0,0,0,0,0,18
998,32178099775,119,0,0,0,0,1,0
999,32209538015,119,0,0,0,0,0,0
1000,32212187150,119,0,0,0,0,1,6
