token_id_uint64,genomes_recovered,total_occurrences,distinct_literal_16mer_implementations,boundary_role_genomes,boundary_recurrent_ge2,boundary_genome_pairs,boundary_pairs_literal_shared,boundary_pairs_masked_only,has_masked_only_boundary_transfer
6291630,5,8,7,0,False,0,0,0,False
17297444,5,7,5,1,False,0,0,0,False
29641930,3,3,3,0,False,0,0,0,False
69757063,3,5,3,0,False,0,0,0,False
70506359,3,3,3,1,False,0,0,0,False
88041475,5,5,4,0,False,0,0,0,False
97534079,4,7,7,0,False,0,0,0,False
120618484,4,5,4,0,False,0,0,0,False
130842567,4,10,7,1,False,0,0,0,False
131951055,3,3,3,0,False,0,0,0,False
234341936,4,4,4,0,False,0,0,0,False
241956994,3,5,4,0,False,0,0,0,False
264672105,3,3,2,0,False,0,0,0,False
268644556,7,34,11,4,True,6,6,0,False
302090371,3,3,3,0,False,0,0,0,False
318868486,4,4,3,1,False,0,0,0,False
336642824,4,4,4,1,False,0,0,0,False
367001121,4,5,5,0,False,0,0,0,False
469770370,5,17,9,1,False,0,0,0,False
571276302,4,5,4,2,True,1,0,1,True
666892255,7,22,13,2,True,1,1,0,False
668991167,6,14,7,0,False,0,0,0,False
724741631,4,5,5,0,False,0,0,0,False
770966180,4,4,4,0,False,0,0,0,False
788707313,5,24,10,0,False,0,0,0,False
791804943,5,48,14,1,False,0,0,0,False
792714367,5,24,7,1,False,0,0,0,False
805150901,4,5,4,1,False,0,0,0,False
806880819,4,6,5,1,False,0,0,0,False
807577604,4,4,4,1,False,0,0,0,False
809484796,7,55,14,2,True,1,0,1,True
810292352,4,4,4,0,False,0,0,0,False
818138172,6,27,13,2,True,1,1,0,False
825700079,4,11,6,0,False,0,0,0,False
907301336,6,10,7,1,False,0,0,0,False
936327116,6,7,5,0,False,0,0,0,False
937364831,6,7,5,0,False,0,0,0,False
946932736,4,7,5,0,False,0,0,0,False
1065356226,6,31,12,0,False,0,0,0,False
1085471730,6,11,7,0,False,0,0,0,False
1103168993,3,3,3,0,False,0,0,0,False
1107293377,7,19,12,2,True,1,0,1,True
1126608900,3,3,3,0,False,0,0,0,False
1144046323,5,6,5,1,False,0,0,0,False
1299922769,4,4,4,1,False,0,0,0,False
1357939723,5,8,6,0,False,0,0,0,False
1406185504,4,7,6,0,False,0,0,0,False
1478623361,5,7,5,1,False,0,0,0,False
1528866754,4,4,4,0,False,0,0,0,False
1547502540,6,12,9,2,True,1,0,1,True
1593567112,3,3,3,0,False,0,0,0,False
1610887171,6,74,15,3,True,3,2,1,True
1613887484,7,14,9,3,True,3,0,3,True
1613955020,6,35,14,3,True,3,3,0,False
1618050499,5,5,5,1,False,0,0,0,False
1623117836,5,9,6,0,False,0,0,0,False
1648304811,3,3,3,0,False,0,0,0,False
1649087548,4,4,4,0,False,0,0,0,False
1742700507,8,22,8,1,False,0,0,0,False
1751154849,6,9,7,0,False,0,0,0,False
1827765005,3,3,2,0,False,0,0,0,False
1844443103,4,14,7,4,True,6,4,2,True
1878690687,6,6,4,1,False,0,0,0,False
1880033320,5,12,6,0,False,0,0,0,False
1880093692,7,127,16,3,True,3,2,1,True
1912704047,5,9,5,1,False,0,0,0,False
1959758828,4,4,4,0,False,0,0,0,False
1976026623,7,10,6,0,False,0,0,0,False
2005241090,3,3,3,0,False,0,0,0,False
2078752524,4,4,4,0,False,0,0,0,False
2088574973,6,8,6,0,False,0,0,0,False
2113928191,7,107,16,2,True,1,1,0,False
2139617016,5,5,5,0,False,0,0,0,False
2149380099,7,44,15,1,False,0,0,0,False
2149583619,6,15,8,2,True,1,1,0,False
2149679872,6,11,7,3,True,3,3,0,False
2160123888,6,31,13,1,False,0,0,0,False
2167207344,4,4,4,0,False,0,0,0,False
2177124124,5,8,4,2,True,1,1,0,False
2181595691,6,37,10,0,False,0,0,0,False
2214272193,4,4,4,0,False,0,0,0,False
2222717634,4,4,3,0,False,0,0,0,False
2266959356,5,7,4,0,False,0,0,0,False
2277719108,3,3,2,0,False,0,0,0,False
2280726493,7,9,8,0,False,0,0,0,False
2285892927,5,8,6,0,False,0,0,0,False
2382361329,6,12,6,2,True,1,0,1,True
2398138369,6,17,11,0,False,0,0,0,False
2402419116,4,5,4,0,False,0,0,0,False
2406751740,6,8,6,0,False,0,0,0,False
2407497717,7,39,12,3,True,3,1,2,True
2411006764,4,13,5,0,False,0,0,0,False
2417696515,5,6,5,0,False,0,0,0,False
2550137000,5,26,11,1,False,0,0,0,False
2597298358,3,3,3,0,False,0,0,0,False
2667626467,5,23,9,2,True,1,1,0,False
2670706880,6,24,9,1,False,0,0,0,False
2683798198,6,8,6,0,False,0,0,0,False
2684523228,4,4,4,1,False,0,0,0,False
2717906812,5,10,8,1,False,0,0,0,False
2735718412,7,47,12,3,True,3,3,0,False
2748267633,5,10,7,1,False,0,0,0,False
2749507592,3,3,2,0,False,0,0,0,False
2752192139,5,5,4,0,False,0,0,0,False
2802847544,5,8,7,1,False,0,0,0,False
2821389312,5,14,7,1,False,0,0,0,False
2895230783,3,3,3,0,False,0,0,0,False
2936828175,4,4,4,0,False,0,0,0,False
2960932155,5,5,4,1,False,0,0,0,False
2961155071,4,14,7,1,False,0,0,0,False
2986999852,5,11,6,1,False,0,0,0,False
3166174244,4,10,6,1,False,0,0,0,False
3179280368,5,6,5,0,False,0,0,0,False
3227548671,5,6,4,2,True,1,0,1,True
3237084316,4,5,5,1,False,0,0,0,False
3237999103,9,153,16,4,True,6,3,3,True
3355203665,4,4,3,0,False,0,0,0,False
3434285088,4,10,6,0,False,0,0,0,False
3488817792,6,8,7,0,False,0,0,0,False
3492548624,6,15,8,1,False,0,0,0,False
3611522843,3,3,3,0,False,0,0,0,False
3623206407,4,4,4,0,False,0,0,0,False
3674390528,8,56,12,5,True,10,4,6,True
3690999615,9,86,15,2,True,1,1,0,False
3692428976,4,4,4,1,False,0,0,0,False
3743416536,4,5,4,0,False,0,0,0,False
3756847070,3,3,3,0,False,0,0,0,False
3787857889,4,4,4,0,False,0,0,0,False
3837793759,5,5,5,1,False,0,0,0,False
3854573565,5,7,6,1,False,0,0,0,False
3870170433,3,3,3,0,False,0,0,0,False
3892310715,5,7,5,0,False,0,0,0,False
4018094556,5,6,4,1,False,0,0,0,False
4022339695,4,24,9,1,False,0,0,0,False
4022870144,8,20,10,1,False,0,0,0,False
4025663468,4,15,8,0,False,0,0,0,False
4027367391,4,19,12,3,True,3,2,1,True
4056169567,3,3,3,0,False,0,0,0,False
4058002371,5,7,5,0,False,0,0,0,False
4060023944,6,6,6,0,False,0,0,0,False
4228411168,4,7,6,1,False,0,0,0,False
4257185270,5,7,7,0,False,0,0,0,False
4286612990,4,9,7,0,False,0,0,0,False
4293969869,6,11,8,0,False,0,0,0,False
4294768639,9,124,16,2,True,1,1,0,False
4320098300,5,9,8,1,False,0,0,0,False
4328456959,5,103,11,2,True,1,0,1,True
4395807778,5,6,5,0,False,0,0,0,False
4429414530,6,10,7,1,False,0,0,0,False
4464870026,6,30,6,0,False,0,0,0,False
4499633167,5,11,10,1,False,0,0,0,False
4504878556,4,5,3,0,False,0,0,0,False
4559341560,6,15,7,0,False,0,0,0,False
4562894935,4,5,5,2,True,1,0,1,True
4564123818,4,12,9,1,False,0,0,0,False
4570840412,3,3,2,1,False,0,0,0,False
4570859137,4,4,3,0,False,0,0,0,False
4571843068,4,5,4,0,False,0,0,0,False
4575118083,5,9,7,0,False,0,0,0,False
4609002664,4,5,4,0,False,0,0,0,False
4629385211,4,4,3,2,True,1,0,1,True
4736810049,4,4,3,0,False,0,0,0,False
4748091424,6,9,4,1,False,0,0,0,False
4778344896,6,17,7,3,True,3,2,1,True
4823899121,5,5,5,0,False,0,0,0,False
4831628286,7,50,11,3,True,3,2,1,True
4831934240,6,8,5,0,False,0,0,0,False
4840233586,4,4,3,0,False,0,0,0,False
4840359936,7,228,12,3,True,3,3,0,False
4881968896,7,21,12,2,True,1,1,0,False
4901043504,5,11,10,0,False,0,0,0,False
4947931129,5,7,4,0,False,0,0,0,False
5016662023,5,9,5,1,False,0,0,0,False
5087678213,5,12,7,1,False,0,0,0,False
5096480708,5,10,7,1,False,0,0,0,False
5122839489,3,3,2,0,False,0,0,0,False
5246863484,4,4,4,1,False,0,0,0,False
5300814723,4,7,6,2,True,1,0,1,True
5335283034,3,3,2,0,False,0,0,0,False
5368754368,7,75,12,2,True,1,1,0,False
5373231155,5,5,5,0,False,0,0,0,False
5376081945,4,4,4,1,False,0,0,0,False
5401591285,5,6,5,0,False,0,0,0,False
5469225085,5,7,5,1,False,0,0,0,False
5637187631,5,9,8,1,False,0,0,0,False
5666777923,4,5,4,0,False,0,0,0,False
5687493071,4,7,6,1,False,0,0,0,False
5702688832,4,4,3,0,False,0,0,0,False
5821825056,8,28,10,3,True,3,2,1,True
5901331680,5,7,6,1,False,0,0,0,False
5904381919,5,8,6,1,False,0,0,0,False
5906137146,6,7,5,0,False,0,0,0,False
5909217072,5,9,8,1,False,0,0,0,False
5990400900,3,3,3,0,False,0,0,0,False
6031286140,4,5,4,0,False,0,0,0,False
6037655007,4,5,4,0,False,0,0,0,False
6043913150,3,3,3,0,False,0,0,0,False
6157073663,6,9,8,1,False,0,0,0,False
6160334639,6,16,7,0,False,0,0,0,False
6165495735,7,14,10,1,False,0,0,0,False
6173361913,3,3,3,0,False,0,0,0,False
6186602739,7,14,10,1,False,0,0,0,False
6190219516,6,12,8,1,False,0,0,0,False
6350443635,5,6,4,1,False,0,0,0,False
6388741060,6,8,6,0,False,0,0,0,False
6392118291,4,16,10,0,False,0,0,0,False
6440890219,5,6,6,1,False,0,0,0,False
6451363872,8,65,12,2,True,1,1,0,False
6468095296,4,4,3,0,False,0,0,0,False
6493307092,5,5,5,2,True,1,0,1,True
6501171464,4,8,6,3,True,3,0,3,True
6543138825,5,5,5,2,True,1,0,1,True
6623210759,3,5,3,0,False,0,0,0,False
6643790339,8,23,11,3,True,3,1,2,True
6722552587,5,7,6,1,False,0,0,0,False
6811657731,3,4,4,0,False,0,0,0,False
6841631791,5,8,5,0,False,0,0,0,False
6848184864,5,11,8,0,False,0,0,0,False
6856409091,5,7,6,1,False,0,0,0,False
6916716016,3,3,3,0,False,0,0,0,False
6978788595,4,9,6,0,False,0,0,0,False
6979518334,4,14,7,0,False,0,0,0,False
6983254190,7,17,8,1,False,0,0,0,False
6996041724,6,74,16,2,True,1,1,0,False
7134119950,3,3,3,0,False,0,0,0,False
7278104498,4,4,3,1,False,0,0,0,False
7407409194,4,5,4,0,False,0,0,0,False
7499396479,5,8,6,0,False,0,0,0,False
7514496988,4,5,4,1,False,0,0,0,False
7564148782,5,12,6,0,False,0,0,0,False
7656543220,4,5,4,0,False,0,0,0,False
7725649919,6,46,13,4,True,6,4,2,True
7776240006,3,3,3,0,False,0,0,0,False
7780388863,6,19,10,3,True,3,2,1,True
7783317309,7,13,7,1,False,0,0,0,False
7784093695,8,82,14,4,True,6,6,0,False
7797211328,8,142,14,7,True,21,13,8,True
7835025422,4,9,8,1,False,0,0,0,False
7916704821,5,5,4,1,False,0,0,0,False
7918628851,4,18,7,2,True,1,0,1,True
7926211371,4,4,3,0,False,0,0,0,False
7950071309,6,6,4,0,False,0,0,0,False
7991918079,5,5,5,0,False,0,0,0,False
8002698591,4,4,3,1,False,0,0,0,False
8019568768,4,11,7,0,False,0,0,0,False
8044676016,6,26,10,2,True,1,1,0,False
8060202951,5,5,5,0,False,0,0,0,False
8066466913,3,3,2,0,False,0,0,0,False
8136785375,5,6,5,1,False,0,0,0,False
8195617328,4,11,10,1,False,0,0,0,False
8245991370,6,6,6,0,False,0,0,0,False
8260646668,4,5,5,0,False,0,0,0,False
8320710644,7,24,11,2,True,1,0,1,True
8320843583,8,54,16,3,True,3,0,3,True
8322154739,4,12,9,1,False,0,0,0,False
8337776655,5,6,4,2,True,1,0,1,True
8384665599,6,7,7,0,False,0,0,0,False
8439103584,3,3,3,0,False,0,0,0,False
8440413649,6,11,8,0,False,0,0,0,False
8443084784,7,27,9,3,True,3,3,0,False
8443127651,3,3,2,0,False,0,0,0,False
8538911239,3,3,3,0,False,0,0,0,False
8585838191,5,5,4,0,False,0,0,0,False
8598320981,4,6,5,0,False,0,0,0,False
8599025824,3,4,4,0,False,0,0,0,False
8657705464,4,4,3,0,False,0,0,0,False
8685820592,3,3,3,0,False,0,0,0,False
8707372031,6,81,14,2,True,1,1,0,False
8714827647,5,5,4,0,False,0,0,0,False
8724139089,5,8,6,0,False,0,0,0,False
8758452012,4,4,4,1,False,0,0,0,False
8794438719,5,16,8,0,False,0,0,0,False
8824849455,5,8,6,3,True,3,0,3,True
8861565456,4,9,7,0,False,0,0,0,False
8862442752,4,5,4,0,False,0,0,0,False
8869709935,4,4,2,0,False,0,0,0,False
8904998860,6,7,6,0,False,0,0,0,False
8908716288,8,20,11,3,True,3,2,1,True
8976921473,4,4,3,1,False,0,0,0,False
9062856700,4,13,6,2,True,1,0,1,True
9093123580,5,10,7,0,False,0,0,0,False
9122597883,6,14,9,2,True,1,0,1,True
9124573429,5,6,4,1,False,0,0,0,False
9127735412,4,5,4,2,True,1,0,1,True
9158248410,5,5,5,1,False,0,0,0,False
9177162033,4,4,2,0,False,0,0,0,False
9261265504,4,4,3,0,False,0,0,0,False
9328132160,7,129,14,4,True,6,4,2,True
9330983677,5,5,5,0,False,0,0,0,False
9333657084,3,3,3,0,False,0,0,0,False
9349493381,3,3,3,0,False,0,0,0,False
9389986042,4,5,3,1,False,0,0,0,False
9390735343,5,6,4,2,True,1,0,1,True
9397500914,4,12,7,0,False,0,0,0,False
9453040845,4,4,4,1,False,0,0,0,False
9462349823,8,827,16,7,True,21,15,6,True
9497411056,5,6,6,0,False,0,0,0,False
9512449360,4,4,4,0,False,0,0,0,False
9521141696,4,4,4,0,False,0,0,0,False
9600889317,5,5,5,0,False,0,0,0,False
9607249851,4,5,5,0,False,0,0,0,False
9648456458,3,4,4,1,False,0,0,0,False
9661577213,9,141,12,4,True,6,6,0,False
9670755168,5,8,7,2,True,1,0,1,True
9671262223,8,57,15,3,True,3,2,1,True
9743369472,5,10,6,1,False,0,0,0,False
9766439884,4,5,3,1,False,0,0,0,False
9797834103,6,9,6,1,False,0,0,0,False
9881699266,4,6,3,0,False,0,0,0,False
9925009424,4,4,2,0,False,0,0,0,False
9932934093,4,5,5,1,False,0,0,0,False
9951020259,3,3,3,0,False,0,0,0,False
10072022945,3,3,3,0,False,0,0,0,False
10183778314,5,15,10,3,True,3,1,2,True
10203479947,6,9,7,1,False,0,0,0,False
10251057104,4,6,4,0,False,0,0,0,False
10271668210,4,6,6,0,False,0,0,0,False
10297847932,4,4,4,0,False,0,0,0,False
10317956108,5,7,7,0,False,0,0,0,False
10370186560,3,3,3,0,False,0,0,0,False
10383752751,4,4,4,0,False,0,0,0,False
10404101146,5,5,4,0,False,0,0,0,False
10432416573,3,3,3,0,False,0,0,0,False
10468914172,8,38,9,2,True,1,1,0,False
10485235703,8,52,16,1,False,0,0,0,False
10503269515,8,14,11,1,False,0,0,0,False
10504638216,7,10,6,0,False,0,0,0,False
10584311699,4,4,4,0,False,0,0,0,False
10674637021,3,3,3,0,False,0,0,0,False
10703597563,5,10,5,1,False,0,0,0,False
10734182261,4,5,4,0,False,0,0,0,False
10767788007,3,3,3,0,False,0,0,0,False
10816457218,4,4,4,1,False,0,0,0,False
10821111768,4,6,5,0,False,0,0,0,False
10854892064,7,16,9,1,False,0,0,0,False
10871883659,3,4,4,0,False,0,0,0,False
10921695691,4,4,4,0,False,0,0,0,False
10922688764,5,8,5,2,True,1,0,1,True
11006246912,8,126,16,5,True,10,9,1,True
11014110245,5,7,6,0,False,0,0,0,False
11021973494,4,4,4,0,False,0,0,0,False
11116724650,3,3,3,0,False,0,0,0,False
11138104602,3,3,3,0,False,0,0,0,False
11148488704,7,16,9,2,True,1,1,0,False
11208143312,3,3,3,0,False,0,0,0,False
11209010595,3,3,3,0,False,0,0,0,False
11209440736,5,7,6,0,False,0,0,0,False
11219368059,4,4,4,0,False,0,0,0,False
11271631095,5,7,6,2,True,1,0,1,True
11274993680,6,26,10,3,True,3,2,1,True
11319243808,3,4,3,0,False,0,0,0,False
11341564929,4,9,6,0,False,0,0,0,False
11416929730,4,4,4,0,False,0,0,0,False
11442782210,5,14,8,1,False,0,0,0,False
11458802444,5,6,4,0,False,0,0,0,False
11487346667,6,13,9,0,False,0,0,0,False
11508695091,4,10,6,0,False,0,0,0,False
11534334276,4,4,2,1,False,0,0,0,False
11540590079,6,10,8,0,False,0,0,0,False
11541687712,5,12,7,3,True,3,2,1,True
11541925884,8,106,16,4,True,6,6,0,False
11604336863,3,3,3,0,False,0,0,0,False
11643376127,6,31,11,2,True,1,1,0,False
11666440183,5,10,7,2,True,1,0,1,True
11752505280,6,40,9,2,True,1,0,1,True
11797797630,5,6,5,0,False,0,0,0,False
11810353392,7,22,10,1,False,0,0,0,False
11812146176,7,152,14,3,True,3,3,0,False
11812168112,3,3,3,0,False,0,0,0,False
11841035679,7,12,6,0,False,0,0,0,False
11878451391,5,8,7,0,False,0,0,0,False
11884101553,3,3,2,0,False,0,0,0,False
11943024637,6,49,7,1,False,0,0,0,False
11948294144,7,33,10,2,True,1,1,0,False
11992083456,5,6,4,0,False,0,0,0,False
12045262642,4,6,6,0,False,0,0,0,False
12062867699,6,31,13,3,True,3,2,1,True
12075448304,4,75,12,2,True,1,1,0,False
12079199036,6,9,6,0,False,0,0,0,False
12180722930,5,6,6,0,False,0,0,0,False
12199807025,4,4,3,0,False,0,0,0,False
12213804736,5,22,11,0,False,0,0,0,False
12300896288,6,6,4,3,True,3,0,3,True
12382883632,5,12,8,2,True,1,0,1,True
12412269530,4,4,4,1,False,0,0,0,False
12414107393,6,60,10,3,True,3,2,1,True
12465209321,5,7,6,2,True,1,0,1,True
12479922037,5,5,4,0,False,0,0,0,False
12582666305,6,7,6,0,False,0,0,0,False
12583695168,4,8,7,1,False,0,0,0,False
12603803407,4,4,4,0,False,0,0,0,False
12614355967,7,50,14,3,True,3,2,1,True
12617015432,6,8,4,0,False,0,0,0,False
12650698751,4,5,4,0,False,0,0,0,False
12723155169,3,4,3,0,False,0,0,0,False
12748398463,9,18,11,0,False,0,0,0,False
12817235743,5,14,7,1,False,0,0,0,False
12820972034,5,10,7,1,False,0,0,0,False
12873048044,4,6,4,0,False,0,0,0,False
12881686676,3,3,3,0,False,0,0,0,False
12886147585,5,20,10,0,False,0,0,0,False
12930199480,4,4,4,0,False,0,0,0,False
12933132748,5,7,5,0,False,0,0,0,False
12942311468,5,9,8,1,False,0,0,0,False
12964847680,3,3,3,0,False,0,0,0,False
13003259681,4,5,2,0,False,0,0,0,False
13021213055,5,14,7,1,False,0,0,0,False
13067353855,4,6,5,1,False,0,0,0,False
13087170900,3,3,3,0,False,0,0,0,False
13118912471,4,4,4,0,False,0,0,0,False
13152295616,5,46,8,1,False,0,0,0,False
13153140787,6,51,13,2,True,1,1,0,False
13153333239,7,41,13,1,False,0,0,0,False
13153869987,6,13,7,0,False,0,0,0,False
13154320383,6,242,16,2,True,1,1,0,False
13155629070,6,11,8,1,False,0,0,0,False
13165655240,4,4,4,0,False,0,0,0,False
13179543392,3,3,2,0,False,0,0,0,False
13186093054,5,11,8,3,True,3,0,3,True
13186235623,6,7,6,0,False,0,0,0,False
13218394161,5,5,5,2,True,1,0,1,True
13241933687,6,13,9,1,False,0,0,0,False
13342084139,4,4,4,1,False,0,0,0,False
13417589814,7,8,7,0,False,0,0,0,False
13426434603,5,6,4,0,False,0,0,0,False
13457096669,4,4,3,1,False,0,0,0,False
13548290575,4,4,3,1,False,0,0,0,False
13637110784,5,7,6,0,False,0,0,0,False
13658799616,4,13,8,0,False,0,0,0,False
13686062528,5,73,12,2,True,1,1,0,False
13693330144,4,5,4,1,False,0,0,0,False
13694142656,8,52,11,2,True,1,0,1,True
13702791232,8,132,16,4,True,6,5,1,True
13706248391,6,9,8,1,False,0,0,0,False
13706452214,5,6,3,0,False,0,0,0,False
13723749244,4,21,9,0,False,0,0,0,False
13819313132,4,4,3,1,False,0,0,0,False
13872739299,3,3,3,0,False,0,0,0,False
13890735059,7,11,7,1,False,0,0,0,False
13904904136,5,9,7,0,False,0,0,0,False
13948870519,5,6,5,0,False,0,0,0,False
14021804287,6,53,14,3,True,3,2,1,True
14041604088,5,5,4,0,False,0,0,0,False
14092308735,5,6,5,1,False,0,0,0,False
14094761947,4,6,5,0,False,0,0,0,False
14118552462,4,4,4,0,False,0,0,0,False
14167048185,4,7,6,1,False,0,0,0,False
14195593340,3,3,2,0,False,0,0,0,False
14340291333,3,3,3,0,False,0,0,0,False
14363406338,6,25,10,3,True,3,3,0,False
14443618495,4,4,4,0,False,0,0,0,False
14453009463,5,5,5,0,False,0,0,0,False
14478941567,4,8,5,3,True,3,0,3,True
14496432130,7,51,13,4,True,6,3,3,True
14562490367,7,31,11,2,True,1,1,0,False
14579809983,3,3,3,1,False,0,0,0,False
14663283187,4,7,6,1,False,0,0,0,False
14692856752,4,4,4,2,True,1,0,1,True
14725430794,3,3,3,0,False,0,0,0,False
14730928256,6,17,7,0,False,0,0,0,False
14747201539,7,40,13,1,False,0,0,0,False
14763818353,7,14,8,1,False,0,0,0,False
14814257919,5,17,10,0,False,0,0,0,False
15031827711,7,29,15,1,False,0,0,0,False
15035564039,5,12,8,0,False,0,0,0,False
15048117132,6,10,9,2,True,1,0,1,True
15063830591,5,8,4,1,False,0,0,0,False
15179149826,3,3,1,0,False,0,0,0,False
15231658047,4,4,3,0,False,0,0,0,False
15234530081,3,3,3,0,False,0,0,0,False
15242177776,5,9,7,1,False,0,0,0,False
15250518300,4,4,4,1,False,0,0,0,False
15301543984,6,19,11,2,True,1,1,0,False
15313764352,5,9,7,1,False,0,0,0,False
15354299343,7,34,10,3,True,3,2,1,True
15409872651,4,14,8,1,False,0,0,0,False
15450779820,4,10,8,1,False,0,0,0,False
15468638208,6,27,13,1,False,0,0,0,False
15503393804,4,7,5,2,True,1,0,1,True
15506277119,7,53,11,1,False,0,0,0,False
15511075872,5,12,9,1,False,0,0,0,False
15514685693,5,8,7,0,False,0,0,0,False
15555690368,5,19,11,1,False,0,0,0,False
15567123711,7,19,10,0,False,0,0,0,False
15571419328,6,23,13,4,True,6,4,2,True
15577825284,7,31,11,0,False,0,0,0,False
15594287243,5,10,7,0,False,0,0,0,False
15672016272,5,5,4,1,False,0,0,0,False
15689990151,4,6,5,0,False,0,0,0,False
15701192703,5,8,7,0,False,0,0,0,False
15715058635,5,6,6,1,False,0,0,0,False
15770716104,5,7,6,0,False,0,0,0,False
15850104771,4,5,5,0,False,0,0,0,False
15854207217,5,37,11,2,True,1,1,0,False
15854649356,6,16,11,1,False,0,0,0,False
15938232347,3,4,3,0,False,0,0,0,False
15974138629,4,4,3,0,False,0,0,0,False
15974193152,6,8,5,0,False,0,0,0,False
15980855424,6,16,8,1,False,0,0,0,False
16041119776,6,10,9,0,False,0,0,0,False
16120074247,3,3,3,0,False,0,0,0,False
16172709320,3,3,3,0,False,0,0,0,False
16223502348,8,9,7,0,False,0,0,0,False
16288505857,4,4,4,0,False,0,0,0,False
16307408831,5,13,7,1,False,0,0,0,False
16331841008,5,8,6,0,False,0,0,0,False
16341028224,4,4,3,0,False,0,0,0,False
16441684316,3,3,3,0,False,0,0,0,False
16559145003,6,10,7,0,False,0,0,0,False
16630449868,4,6,6,1,False,0,0,0,False
16643752128,7,26,13,3,True,3,1,2,True
16655452346,6,8,5,0,False,0,0,0,False
16693117950,7,13,7,0,False,0,0,0,False
16703845339,3,3,3,0,False,0,0,0,False
16723471544,4,5,5,0,False,0,0,0,False
16843784748,4,4,4,1,False,0,0,0,False
16897802235,5,64,12,1,False,0,0,0,False
16914609136,6,13,9,1,False,0,0,0,False
16922960061,4,4,4,0,False,0,0,0,False
16944448511,8,25,10,1,False,0,0,0,False
16956260416,4,9,8,0,False,0,0,0,False
16980049696,6,8,6,0,False,0,0,0,False
16980671776,5,11,7,0,False,0,0,0,False
17062419679,5,9,7,2,True,1,0,1,True
17118698543,3,4,3,0,False,0,0,0,False
17120217678,4,4,4,0,False,0,0,0,False
17180000811,7,25,12,1,False,0,0,0,False
17182753472,5,51,13,1,False,0,0,0,False
17213165814,6,11,6,0,False,0,0,0,False
17385517043,5,9,7,0,False,0,0,0,False
17390159808,4,4,4,0,False,0,0,0,False
17394695176,4,4,4,1,False,0,0,0,False
17416269824,3,4,3,1,False,0,0,0,False
17423124349,6,10,9,0,False,0,0,0,False
17431027702,3,4,3,0,False,0,0,0,False
17434804400,7,13,9,1,False,0,0,0,False
17439266678,5,8,6,0,False,0,0,0,False
17449320470,3,4,2,0,False,0,0,0,False
17460048008,4,6,3,1,False,0,0,0,False
17464036352,8,184,15,3,True,3,2,1,True
17493668319,4,5,5,0,False,0,0,0,False
17511350783,6,13,6,2,True,1,1,0,False
17649487665,4,5,5,1,False,0,0,0,False
17706252247,6,12,6,0,False,0,0,0,False
17711564744,6,9,5,0,False,0,0,0,False
17717723134,6,57,10,2,True,1,1,0,False
17720933599,7,59,11,2,True,1,1,0,False
17721068648,4,5,4,0,False,0,0,0,False
17733791756,4,4,4,1,False,0,0,0,False
17749246080,7,22,10,3,True,3,0,3,True
17784927174,4,4,3,0,False,0,0,0,False
17787112899,4,7,6,1,False,0,0,0,False
17836033600,4,5,5,0,False,0,0,0,False
17850174462,5,17,6,0,False,0,0,0,False
17903399694,4,5,4,1,False,0,0,0,False
17949897714,4,4,3,0,False,0,0,0,False
17951643584,4,13,9,0,False,0,0,0,False
17976652799,9,51,15,1,False,0,0,0,False
17988321407,7,66,14,2,True,1,1,0,False
17988453363,5,8,6,0,False,0,0,0,False
18000642816,6,20,9,1,False,0,0,0,False
18019135360,4,5,4,0,False,0,0,0,False
18052334300,5,16,9,3,True,3,2,1,True
18080791817,3,3,3,1,False,0,0,0,False
18111016576,6,10,7,0,False,0,0,0,False
18119259103,6,18,10,1,False,0,0,0,False
18119377663,6,255,16,2,True,1,1,0,False
18187350269,6,12,6,2,True,1,0,1,True
18189910475,6,6,4,1,False,0,0,0,False
18199884231,7,7,6,1,False,0,0,0,False
18245250090,5,10,6,0,False,0,0,0,False
18253468668,5,21,13,4,True,6,3,3,True
18266196988,7,77,13,4,True,6,3,3,True
18299813921,5,8,7,0,False,0,0,0,False
18316793848,5,6,4,0,False,0,0,0,False
18455232512,5,30,10,2,True,1,1,0,False
18455470963,3,3,3,0,False,0,0,0,False
18470698159,5,9,6,0,False,0,0,0,False
18509428912,5,5,4,2,True,1,0,1,True
18530576386,5,14,9,1,False,0,0,0,False
18578703067,3,3,3,0,False,0,0,0,False
18580826683,4,5,5,0,False,0,0,0,False
18588419070,7,13,10,1,False,0,0,0,False
18642764784,7,12,7,1,False,0,0,0,False
18656251005,5,16,9,1,False,0,0,0,False
18694969782,4,4,3,0,False,0,0,0,False
18756919239,6,20,7,1,False,0,0,0,False
18790479555,7,17,10,2,True,1,0,1,True
18792514311,6,29,14,2,True,1,1,0,False
18801500795,5,6,5,2,True,1,0,1,True
18808228274,3,3,3,1,False,0,0,0,False
18812304704,5,5,4,0,False,0,0,0,False
18890096750,5,7,5,0,False,0,0,0,False
18924041727,8,21,11,1,False,0,0,0,False
19002687517,3,4,2,0,False,0,0,0,False
19058128883,9,54,12,3,True,3,1,2,True
19062079247,7,49,10,1,False,0,0,0,False
19113168835,5,6,6,0,False,0,0,0,False
19127602695,4,4,4,0,False,0,0,0,False
19159711171,4,5,4,1,False,0,0,0,False
19210857602,3,3,3,0,False,0,0,0,False
19268730571,4,6,5,0,False,0,0,0,False
19314768894,7,45,14,3,True,3,2,1,True
19338731528,4,11,3,2,True,1,0,1,True
19346227715,5,6,5,1,False,0,0,0,False
19377733762,6,12,8,2,True,1,0,1,True
19380880072,5,7,6,0,False,0,0,0,False
19457583832,3,3,3,0,False,0,0,0,False
19461358667,5,7,5,1,False,0,0,0,False
19542335487,6,10,7,1,False,0,0,0,False
19583213615,5,13,10,0,False,0,0,0,False
19592557567,5,15,7,1,False,0,0,0,False
19597688819,7,22,10,2,True,1,0,1,True
19608929283,5,6,4,0,False,0,0,0,False
19615467980,3,3,2,0,False,0,0,0,False
19797172835,3,3,2,0,False,0,0,0,False
19798965600,4,4,3,0,False,0,0,0,False
19854905341,6,9,7,1,False,0,0,0,False
19864301584,6,29,12,2,True,1,1,0,False
19906035507,4,10,7,0,False,0,0,0,False
19998428851,4,5,5,1,False,0,0,0,False
20065601532,5,70,13,3,True,3,2,1,True
20066296832,5,29,9,1,False,0,0,0,False
20102259455,5,5,4,1,False,0,0,0,False
20127882748,6,7,5,0,False,0,0,0,False
20129197373,3,3,3,0,False,0,0,0,False
20132888625,4,6,5,3,True,3,1,2,True
20134792577,5,8,6,0,False,0,0,0,False
20166938656,5,12,10,0,False,0,0,0,False
20231175553,4,4,3,0,False,0,0,0,False
20233265147,7,22,11,1,False,0,0,0,False
20262646273,5,5,5,0,False,0,0,0,False
20264746878,7,64,9,2,True,1,1,0,False
20266073989,4,5,5,1,False,0,0,0,False
20319268864,5,11,8,1,False,0,0,0,False
20355421983,4,7,6,0,False,0,0,0,False
20367532017,7,32,11,1,False,0,0,0,False
20384837940,5,9,5,2,True,1,1,0,False
20392574300,7,8,4,1,False,0,0,0,False
20400558047,7,30,11,1,False,0,0,0,False
20412700682,4,4,4,0,False,0,0,0,False
20412747776,6,13,8,2,True,1,1,0,False
20452945916,3,3,3,0,False,0,0,0,False
20599259319,5,13,9,1,False,0,0,0,False
20665537260,4,7,7,1,False,0,0,0,False
20669591164,5,5,4,0,False,0,0,0,False
20682162944,8,92,14,4,True,6,6,0,False
20769636221,5,21,10,0,False,0,0,0,False
20849888083,5,5,5,1,False,0,0,0,False
20858278919,5,9,7,2,True,1,0,1,True
20921198128,4,11,5,0,False,0,0,0,False
20935823359,7,32,10,2,True,1,1,0,False
20963600920,4,4,3,0,False,0,0,0,False
21069822205,5,5,5,0,False,0,0,0,False
21118353854,4,4,4,0,False,0,0,0,False
21140911447,3,3,2,1,False,0,0,0,False
21151789296,4,4,4,0,False,0,0,0,False
21206465567,4,66,13,2,True,1,1,0,False
21420801823,4,6,6,1,False,0,0,0,False
21429534780,5,8,6,2,True,1,0,1,True
21458108431,6,80,14,4,True,6,4,2,True
21472211084,6,6,6,0,False,0,0,0,False
21474835455,8,879,16,5,True,10,10,0,False
21592378615,3,3,3,0,False,0,0,0,False
21611282622,7,17,7,2,True,1,1,0,False
21625175103,5,8,6,0,False,0,0,0,False
21657288664,3,3,3,0,False,0,0,0,False
21743263807,7,140,13,4,True,6,3,3,True
21751923695,4,6,5,1,False,0,0,0,False
21757951455,4,19,11,3,True,3,0,3,True
21776828896,5,11,8,1,False,0,0,0,False
21802573978,3,3,3,0,False,0,0,0,False
21810331135,8,64,15,4,True,6,4,2,True
21861760895,7,20,8,3,True,3,1,2,True
21976020268,4,4,4,0,False,0,0,0,False
22010928495,4,6,3,0,False,0,0,0,False
22012241964,6,20,6,2,True,1,1,0,False
22056534018,7,15,6,0,False,0,0,0,False
22063055044,4,4,4,0,False,0,0,0,False
22064136303,4,8,6,1,False,0,0,0,False
22124438198,4,5,4,0,False,0,0,0,False
22145859711,7,94,14,1,False,0,0,0,False
22174625148,4,4,3,0,False,0,0,0,False
22225485627,5,5,5,0,False,0,0,0,False
22246596616,6,43,12,2,True,1,1,0,False
22279582151,5,6,5,0,False,0,0,0,False
22280684323,5,5,5,0,False,0,0,0,False
22292525184,7,18,7,1,False,0,0,0,False
22313720839,6,7,6,1,False,0,0,0,False
22327099327,4,4,3,0,False,0,0,0,False
22365076246,3,3,2,0,False,0,0,0,False
22394565744,3,3,3,0,False,0,0,0,False
22417475631,6,12,7,0,False,0,0,0,False
22481324031,6,21,13,2,True,1,1,0,False
22483566280,4,5,5,1,False,0,0,0,False
22506492691,3,3,3,1,False,0,0,0,False
22548407387,4,4,4,0,False,0,0,0,False
22549311884,3,3,3,0,False,0,0,0,False
22549577600,6,34,14,2,True,1,1,0,False
22582177024,5,7,5,1,False,0,0,0,False
22594718384,4,4,4,1,False,0,0,0,False
22598874111,6,16,11,2,True,1,0,1,True
22681942026,4,4,4,0,False,0,0,0,False
22682804354,8,48,14,2,True,1,1,0,False
22804389835,5,7,7,1,False,0,0,0,False
22813622079,8,83,14,7,True,21,14,7,True
22813881344,5,67,15,1,False,0,0,0,False
22817541760,6,17,10,1,False,0,0,0,False
22820220880,6,8,5,1,False,0,0,0,False
22833127359,5,6,4,1,False,0,0,0,False
22850711562,6,7,5,0,False,0,0,0,False
22883997744,4,9,7,0,False,0,0,0,False
23070411552,6,7,6,1,False,0,0,0,False
23072014351,8,53,13,4,True,6,3,3,True
23085980674,6,28,12,1,False,0,0,0,False
23086444031,5,23,8,3,True,3,2,1,True
23087542273,7,67,14,3,True,3,2,1,True
23186108511,6,26,10,2,True,1,1,0,False
23217340279,6,9,6,1,False,0,0,0,False
23217512446,7,17,7,1,False,0,0,0,False
23219945470,7,13,9,4,True,6,1,5,True
23292575776,4,4,3,1,False,0,0,0,False
23318222463,4,8,6,1,False,0,0,0,False
23333472126,3,3,3,0,False,0,0,0,False
23347281917,3,3,3,0,False,0,0,0,False
23351183099,3,3,3,0,False,0,0,0,False
23351656320,7,12,7,1,False,0,0,0,False
23353218909,6,11,9,2,True,1,0,1,True
23354147010,5,22,8,3,True,3,2,1,True
23358013487,7,73,14,2,True,1,1,0,False
23370629118,6,25,10,2,True,1,0,1,True
23403989039,6,8,6,0,False,0,0,0,False
23454794508,5,10,8,2,True,1,0,1,True
23553168700,3,3,3,0,False,0,0,0,False
23609425088,6,15,11,2,True,1,0,1,True
23609731709,6,6,5,1,False,0,0,0,False
23616107201,3,3,3,0,False,0,0,0,False
23642425404,3,3,3,0,False,0,0,0,False
23874191343,6,27,11,2,True,1,1,0,False
23890870283,7,153,15,4,True,6,4,2,True
23893392904,7,12,8,1,False,0,0,0,False
23894935356,5,23,12,1,False,0,0,0,False
23908764300,4,4,3,0,False,0,0,0,False
23927394292,4,8,3,1,False,0,0,0,False
24037558283,6,8,6,1,False,0,0,0,False
24092790720,5,22,8,0,False,0,0,0,False
24143458293,5,8,7,2,True,1,0,1,True
24150614000,5,14,6,0,False,0,0,0,False
24159289864,6,12,7,1,False,0,0,0,False
24159596523,3,3,2,1,False,0,0,0,False
24161044475,6,10,6,2,True,1,1,0,False
24161287687,5,11,8,2,True,1,1,0,False
24189108264,5,9,8,1,False,0,0,0,False
24211929283,4,4,4,0,False,0,0,0,False
24260593091,3,3,3,0,False,0,0,0,False
24297209661,4,4,4,1,False,0,0,0,False
24388764396,5,7,4,1,False,0,0,0,False
24410882240,7,44,14,1,False,0,0,0,False
24478154819,5,10,4,1,False,0,0,0,False
24541146559,4,4,4,0,False,0,0,0,False
24558499837,5,8,6,1,False,0,0,0,False
24602679915,3,3,2,0,False,0,0,0,False
24617156800,5,10,9,1,False,0,0,0,False
24628693999,8,44,11,1,False,0,0,0,False
24634173519,3,3,3,0,False,0,0,0,False
24658592527,4,4,4,0,False,0,0,0,False
24681247693,5,6,5,0,False,0,0,0,False
24696097199,4,4,3,0,False,0,0,0,False
24698932076,3,3,3,1,False,0,0,0,False
24720246039,6,11,11,0,False,0,0,0,False
24890098017,3,3,3,0,False,0,0,0,False
24950878184,4,7,5,1,False,0,0,0,False
24956105601,4,6,5,1,False,0,0,0,False
24966578017,6,8,6,1,False,0,0,0,False
24967383808,7,58,13,3,True,3,2,1,True
24967643963,6,10,6,1,False,0,0,0,False
24972840951,7,11,7,2,True,1,0,1,True
24977060363,6,10,8,0,False,0,0,0,False
25166481581,4,5,4,0,False,0,0,0,False
25188750327,4,4,3,1,False,0,0,0,False
25202703808,4,4,3,0,False,0,0,0,False
25228945538,4,4,4,1,False,0,0,0,False
25229460227,8,31,12,2,True,1,0,1,True
25229775871,6,26,10,0,False,0,0,0,False
25238961393,4,4,4,0,False,0,0,0,False
25241014143,5,5,4,0,False,0,0,0,False
25250532059,4,4,4,0,False,0,0,0,False
25258098096,4,6,4,1,False,0,0,0,False
25369379006,7,13,8,1,False,0,0,0,False
25438444543,7,21,9,2,True,1,1,0,False
25440501999,4,4,4,0,False,0,0,0,False
25441562032,3,4,4,0,False,0,0,0,False
25468600363,5,13,7,1,False,0,0,0,False
25497493501,5,13,9,1,False,0,0,0,False
25498025495,4,9,7,1,False,0,0,0,False
25502089230,6,47,10,1,False,0,0,0,False
25503474208,6,19,8,1,False,0,0,0,False
25567493887,6,44,15,1,False,0,0,0,False
25624951903,4,4,3,0,False,0,0,0,False
25677467536,3,3,3,0,False,0,0,0,False
25756807872,5,6,4,1,False,0,0,0,False
25769814912,6,21,9,2,True,1,1,0,False
25794486784,3,3,3,0,False,0,0,0,False
25858932931,3,3,3,2,True,1,0,1,True
25862171656,4,4,4,0,False,0,0,0,False
25967189763,4,5,4,0,False,0,0,0,False
26021573371,5,6,5,1,False,0,0,0,False
26036928495,4,35,9,1,False,0,0,0,False
26038227122,4,6,4,1,False,0,0,0,False
26058885665,3,3,3,0,False,0,0,0,False
26163935087,6,7,6,0,False,0,0,0,False
26168373631,4,6,4,0,False,0,0,0,False
26238516687,6,9,7,2,True,1,0,1,True
26239688659,5,11,7,1,False,0,0,0,False
26273112062,6,41,14,4,True,6,1,5,True
26279410639,4,7,6,0,False,0,0,0,False
26286261472,4,4,4,2,True,1,0,1,True
26307524786,4,4,4,0,False,0,0,0,False
26363085180,4,6,4,1,False,0,0,0,False
26438406156,3,3,3,0,False,0,0,0,False
26525593407,6,6,6,1,False,0,0,0,False
26541555111,6,8,4,2,True,1,0,1,True
26575335935,7,47,14,0,False,0,0,0,False
26577404464,6,17,10,2,True,1,0,1,True
26587889698,7,39,12,2,True,1,1,0,False
26610893344,6,31,7,1,False,0,0,0,False
26642022335,6,48,12,4,True,6,3,3,True
26711627912,5,5,5,1,False,0,0,0,False
26789022419,5,6,5,1,False,0,0,0,False
26835107872,5,5,4,0,False,0,0,0,False
26841447472,7,28,11,2,True,1,1,0,False
26845929986,4,6,4,0,False,0,0,0,False
26893715456,5,10,6,0,False,0,0,0,False
26894966784,7,11,8,0,False,0,0,0,False
26926969217,4,4,3,1,False,0,0,0,False
26946314242,6,18,8,1,False,0,0,0,False
26975657855,8,189,13,4,True,6,6,0,False
27044859703,6,9,6,1,False,0,0,0,False
27102806527,6,24,11,1,False,0,0,0,False
27113028860,8,109,14,2,True,1,1,0,False
27115244848,5,6,6,2,True,1,0,1,True
27116045216,6,12,9,0,False,0,0,0,False
27119081988,4,4,3,0,False,0,0,0,False
27233689469,6,7,4,1,False,0,0,0,False
27245420543,8,51,14,2,True,1,1,0,False
27249734662,4,6,6,0,False,0,0,0,False
27254538111,5,13,5,0,False,0,0,0,False
27262967974,4,4,4,0,False,0,0,0,False
27360775671,4,4,4,0,False,0,0,0,False
27447520572,5,8,5,0,False,0,0,0,False
27460944846,6,9,6,1,False,0,0,0,False
27572355394,4,5,3,0,False,0,0,0,False
27598717986,4,4,4,0,False,0,0,0,False
27648327419,5,17,10,1,False,0,0,0,False
27661435552,5,8,5,2,True,1,0,1,True
27684241359,4,10,6,3,True,3,3,0,False
27702000579,4,4,2,0,False,0,0,0,False
27716718541,4,4,4,0,False,0,0,0,False
27808170035,3,4,3,2,True,1,1,0,False
27868182495,4,4,4,0,False,0,0,0,False
27883598598,5,6,6,1,False,0,0,0,False
27914144768,10,45,11,6,True,15,7,8,True
27917417644,5,15,9,2,True,1,0,1,True
27925923970,7,18,8,0,False,0,0,0,False
27934615687,3,5,3,0,False,0,0,0,False
27938504959,4,6,5,1,False,0,0,0,False
28044378108,3,3,3,0,False,0,0,0,False
28100443257,3,3,2,0,False,0,0,0,False
28118843383,8,34,15,1,False,0,0,0,False
28143530999,5,6,6,1,False,0,0,0,False
28185854915,7,15,11,3,True,3,1,2,True
28201648967,3,3,2,2,True,1,0,1,True
28354556864,4,8,7,2,True,1,0,1,True
28371045633,4,4,4,0,False,0,0,0,False
28416311988,3,3,3,0,False,0,0,0,False
28440542194,7,16,7,0,False,0,0,0,False
28443150032,5,5,3,0,False,0,0,0,False
28453646335,7,212,16,3,True,3,3,0,False
28454155251,9,263,15,4,True,6,6,0,False
28454203634,7,9,6,1,False,0,0,0,False
28454291712,7,29,10,3,True,3,2,1,True
28462552816,4,20,7,1,False,0,0,0,False
28463460872,6,10,8,1,False,0,0,0,False
28486746140,6,8,5,0,False,0,0,0,False
28505489323,5,9,6,2,True,1,0,1,True
28523102980,4,7,5,0,False,0,0,0,False
28523631808,6,7,4,0,False,0,0,0,False
28592603144,10,19,7,2,True,1,1,0,False
28658458593,5,5,5,0,False,0,0,0,False
28663090239,4,4,4,2,True,1,0,1,True
28664131592,5,12,10,3,True,3,0,3,True
28668231616,4,22,10,1,False,0,0,0,False
28714778448,3,3,2,0,False,0,0,0,False
28723692048,4,6,4,1,False,0,0,0,False
28728225825,5,5,5,0,False,0,0,0,False
28763290635,4,6,4,0,False,0,0,0,False
28782103614,7,9,8,0,False,0,0,0,False
28891379196,3,3,3,1,False,0,0,0,False
28912364606,3,3,3,0,False,0,0,0,False
28931062528,4,4,4,0,False,0,0,0,False
28937597443,8,11,6,1,False,0,0,0,False
28980534269,4,4,4,0,False,0,0,0,False
29020374795,4,5,4,0,False,0,0,0,False
29055909932,5,7,6,1,False,0,0,0,False
29058460662,3,3,3,0,False,0,0,0,False
29104275839,5,20,9,1,False,0,0,0,False
29124902768,3,4,4,0,False,0,0,0,False
29135782077,3,3,3,0,False,0,0,0,False
29171353372,4,4,4,0,False,0,0,0,False
29181004768,3,3,3,0,False,0,0,0,False
29192027527,5,5,5,1,False,0,0,0,False
29194910784,5,14,13,1,False,0,0,0,False
29248980608,4,4,4,1,False,0,0,0,False
29256835070,6,19,8,3,True,3,0,3,True
29257759743,5,20,10,0,False,0,0,0,False
29310811639,7,28,8,2,True,1,1,0,False
29319229643,6,6,4,0,False,0,0,0,False
29460928178,3,3,3,0,False,0,0,0,False
29489696130,3,3,3,0,False,0,0,0,False
29516495997,5,6,5,0,False,0,0,0,False
29524033503,6,20,11,2,True,1,1,0,False
29525039100,5,11,8,0,False,0,0,0,False
29530045960,5,15,8,0,False,0,0,0,False
29530948291,4,4,4,0,False,0,0,0,False
29630797814,3,3,2,0,False,0,0,0,False
29671031304,6,21,10,1,False,0,0,0,False
29715596290,4,15,11,1,False,0,0,0,False
29729366048,6,13,8,1,False,0,0,0,False
29732290336,4,6,3,0,False,0,0,0,False
29783555279,8,43,13,5,True,10,3,7,True
29832887808,4,5,4,0,False,0,0,0,False
29843008522,6,7,5,0,False,0,0,0,False
29896941565,8,14,8,0,False,0,0,0,False
29914329084,4,16,7,0,False,0,0,0,False
29930520063,9,108,11,5,True,10,6,4,True
29936173238,5,5,5,0,False,0,0,0,False
30061043456,6,29,10,1,False,0,0,0,False
30066835650,5,7,6,0,False,0,0,0,False
30117233347,5,7,6,0,False,0,0,0,False
30136086561,6,9,6,2,True,1,1,0,False
30140260173,5,6,5,1,False,0,0,0,False
30224368664,3,3,3,0,False,0,0,0,False
30227311744,4,4,4,0,False,0,0,0,False
30265787136,4,5,3,0,False,0,0,0,False
30266813215,3,3,3,0,False,0,0,0,False
30333377535,4,30,9,1,False,0,0,0,False
30370397952,4,8,5,0,False,0,0,0,False
30386733476,4,4,3,0,False,0,0,0,False
30430007218,3,3,3,0,False,0,0,0,False
30534819636,5,8,7,0,False,0,0,0,False
30580655605,3,3,3,0,False,0,0,0,False
30599511519,7,37,9,2,True,1,1,0,False
30668234930,6,11,6,0,False,0,0,0,False
30720130441,3,3,2,0,False,0,0,0,False
30804751095,4,5,5,0,False,0,0,0,False
30870523132,5,11,5,2,True,1,0,1,True
30920470720,8,81,15,3,True,3,2,1,True
31003716607,5,12,6,0,False,0,0,0,False
31117213567,4,5,5,0,False,0,0,0,False
31137989432,5,5,5,1,False,0,0,0,False
31157375996,4,7,6,1,False,0,0,0,False
31180980746,6,13,7,0,False,0,0,0,False
31184617471,4,18,8,3,True,3,3,0,False
31185473520,5,5,5,1,False,0,0,0,False
31268741298,5,5,5,1,False,0,0,0,False
31272935936,7,14,9,1,False,0,0,0,False
31273288200,7,24,10,4,True,6,3,3,True
31335367470,4,4,4,0,False,0,0,0,False
31336434435,6,14,9,2,True,1,1,0,False
31394831792,4,4,4,1,False,0,0,0,False
31403307005,6,12,8,1,False,0,0,0,False
31404212220,6,13,5,1,False,0,0,0,False
31406928861,4,5,4,1,False,0,0,0,False
31453774559,4,4,4,0,False,0,0,0,False
31457288688,6,81,15,3,True,3,2,1,True
31611904015,5,9,7,1,False,0,0,0,False
31615613951,5,20,12,3,True,3,1,2,True
31616610301,6,15,9,1,False,0,0,0,False
31621058071,4,5,4,0,False,0,0,0,False
31640764595,5,10,8,0,False,0,0,0,False
31668076991,4,4,3,0,False,0,0,0,False
31674338035,6,18,7,0,False,0,0,0,False
31675710468,4,11,5,2,True,1,0,1,True
31709713351,3,3,2,0,False,0,0,0,False
31792771839,5,19,12,2,True,1,0,1,True
31808488067,4,4,4,0,False,0,0,0,False
31809068919,7,26,9,2,True,1,1,0,False
31809610249,4,7,6,0,False,0,0,0,False
31893011457,5,53,9,0,False,0,0,0,False
31904981505,4,5,4,0,False,0,0,0,False
31944859645,8,40,12,3,True,3,1,2,True
31961051388,4,9,6,1,False,0,0,0,False
31994004593,4,6,5,0,False,0,0,0,False
32026918783,5,11,6,1,False,0,0,0,False
32084366064,3,3,3,0,False,0,0,0,False
32145891466,4,12,7,1,False,0,0,0,False
32176602940,6,25,15,1,False,0,0,0,False
32178099775,4,4,4,1,False,0,0,0,False
32209538015,3,3,3,0,False,0,0,0,False
32212187150,5,10,8,0,False,0,0,0,False
